0.303657813654561,0.323095373299862,0.122035493026616,-0.117584294483237,0.165463564073156,0.146920759481026,0.0189525384948297,-0.102080570012627,0.343916593775506,-0.052814660628235,-0.231103794044208,0.0177178559130064,0.290917826174559,1.38283603553843,2.07170303750177,0.446041323630407,0.117777805064141,0.547570879185873,0.339511117771279,0.343440590102135,0.160111156210885,3.10120146323885,0.350338374710187,-0.0473474974688959,0.240183448811961,0.622507201483808,4.53333333333333,4.53333333333333,3.26666666666667,0.2,1.6,3.2,2.8,5.46666666666667,3.2,0.866666666666667,1.13333333333333,4.66666666666667,1.06666666666667,6.26666666666667,6.33333333333333,5.8,0.466666666666667,1.8,4.4,3.93333333333333,6.46666666666667,4.2,0.933333333333333,3.06666666666667,6.93333333333333,1.13333333333333,0,0,0,0,0,0,0,0,0,0,0,0,0,1
-0.380707351306947,0.996366787917897,0.456482985628599,0.274647743770579,0.559308440259145,0.746402574377322,0.142449569607284,0.499857212978623,0.579912995907886,1.20262018240408,0.614624907858546,-0.0871435873393446,0.542198873681125,1.48304514444778,2.3123909971351,1.22655921453596,1.18331902311772,1.85377239649683,1.56285679368657,1.31147676078993,1.31207718434019,3.12421097098044,1.90793045467957,1.66970527544333,1.00755106555908,1.67137420735672,3.4,2.66666666666667,1.06666666666667,2.4,3.66666666666667,1.13333333333333,3.4,1.33333333333333,3.26666666666667,1.8,1.4,0.733333333333333,4.13333333333333,4.46666666666667,5.6,1.33333333333333,4.8,6.53333333333333,2.93333333333333,6.26666666666667,3.73333333333333,3.86666666666667,4.6,1.66666666666667,3.86666666666667,7.26666666666667,0,0,0,0,0,0,0,0,0,0,0,0,0,1
-0.527778571956317,-0.343394697712815,-0.169092450703374,-0.132860018429865,-0.076908515274466,-0.00548802597568047,-0.0320114398068259,-0.214471313323793,0.320442880815797,-0.513047172425934,0.133659678932399,0.370455257209621,-0.0938330696778194,0.196592497558569,1.19968321894126,0.352440450232101,0.378117767616622,0.349668676154598,0.938715617216774,0.527135867685978,0.938551729316258,1.30989135386899,0.232626411559414,0.990084063648681,0.926337094733093,0.972645194498705,4.66666666666667,2.13333333333333,3.86666666666667,4.66666666666667,1.73333333333333,3.6,0.933333333333333,2.6,1.8,3.26666666666667,4.93333333333333,0.266666666666667,6.06666666666667,5.26666666666667,2.8,4.33333333333333,6.8,1.8,3.8,2.4,2.93333333333333,3.73333333333333,3.66666666666667,6,1.93333333333333,7.93333333333333,0,0,0,0,0,0,0,0,0,0,0,0,0,1
0.0550530879914157,-0.00290158154983881,0.116391895447125,-0.115101872124527,-0.294811892473175,0.354163879700958,-0.0659755461917086,0.757048016573493,-0.0878525103985866,0.6026541585438,0.526065809512931,-0.687705463653623,0.128924237141563,1.72806649475602,1.76552481458105,0.733498103140409,0.818575734624243,0.88278236111028,0.967057655925859,0.539780539365512,1.68715473743261,1.96703175782676,1.14451728326846,1.50622926481192,0.257231526542966,0.8890752299989,1.6,4.46666666666667,0.733333333333333,4,4.46666666666667,0.866666666666667,3.53333333333333,1,4.93333333333333,1.06666666666667,3.6,4.66666666666667,1,1.8,7.6,2.6,8.73333333333333,7.33333333333333,0.933333333333333,8.53333333333333,1.4,7.93333333333333,2.86666666666667,5.26666666666667,7.2,1.93333333333333,0,0,0,0,0,0,0,0,0,0,0,0,0,1
-0.513971380612476,-0.408255154669995,-0.171965324707683,-0.0971299298292893,0.487081830105232,0.115271422726877,-0.0518977099556639,0.213485468636962,0.289030882263453,-0.178858196140411,0.113137005749968,0.170725690251172,0.19970440618921,8.16649131308032,2.36018513581779,1.22610065458344,0.78220044856869,2.67779155433364,2.88036405778904,2.15679507984732,3.63518046295027,1.59758396023727,3.80065193071635,2.89022271899089,0.999352605660927,1.55456356304743,3.8,3.8,5.2,3.8,6.13333333333333,5,5.13333333333333,6.2,3.73333333333333,5,4.93333333333333,0.333333333333333,3.06666666666667,6.06666666666667,5.86666666666667,6.46666666666667,4.13333333333333,9,7.66666666666667,8.33333333333333,7.73333333333333,5.2,5.4,5.26666666666667,1.86666666666667,3.13333333333333,0,0,0,0,0,0,0,0,0,0,0,0,0,1
-0.445599082302016,-0.626672594180728,-0.158862017194542,-0.214356022786576,0.0952121788951946,-0.119285219589299,0.246551979037119,1.25458674739164,-0.533903111855696,-0.266502208671967,0.214897060905766,0.882242084193689,-0.192129821584129,0.576300382313699,0.321094747918576,2.45743345821766,1.17149687684706,1.64525400584913,1.85141616298348,2.22404074708546,3.58758789017704,0.937209418446557,2.16838857135491,2.21709780140385,3.85285169032863,1.30855179591048,6.13333333333333,3.2,4.46666666666667,4.33333333333333,3.33333333333333,6.46666666666667,6.46666666666667,2.33333333333333,3.93333333333333,6.6,2.53333333333333,1.66666666666667,6.73333333333333,6.46666666666667,3.46666666666667,4.93333333333333,4.93333333333333,3.6,6.93333333333333,6.6,2.66666666666667,4.26666666666667,7.53333333333333,2.6,2.33333333333333,6.86666666666667,0,0,0,0,0,0,0,0,0,0,0,0,0,1
0.385555910584642,1.13331116505267,0.479842407026588,0.194730283649114,-0.163185173176412,0.487332794369516,-0.113616298254434,2.53904651227993,0.64362106964764,0.545617155680474,1.08184274200832,0.225261852776317,0.257782980813086,2.11214051473994,2.16657623192487,2.40967721809548,1.23825002487658,1.21832110134992,2.08112321283335,0.909694707108194,5.92146255450598,4.23507006747863,4.27503614794018,2.08448699721288,0.805598951012304,1.19707101885528,5.53333333333333,0.866666666666667,4.46666666666667,3.2,2.13333333333333,3.53333333333333,5.66666666666667,5.2,2.06666666666667,5.93333333333333,1.53333333333333,1.06666666666667,0.666666666666667,6.06666666666667,1.4,5.93333333333333,4,2.26666666666667,3.73333333333333,5.93333333333333,6.2,2.86666666666667,7.26666666666667,1.66666666666667,1.33333333333333,0.733333333333333,0,0,0,0,0,0,0,1,0,0,0,0,0,1
-0.534442468609198,0.306336857925717,-0.327633395912785,0.00182204313946283,0.0376658536598032,-0.340862176026223,-0.268615021832331,0.202858913167041,0.100769057715534,-0.270389512804041,0.168432190936595,-0.11999926097882,0.035641829159429,0.471115670142932,1.31405970866798,0.0502182110050663,0.458693345623185,0.595515573275712,0.0454514858276063,0.265424870143968,0.71916819562974,0.596145975020334,0.170122896825128,0.754807680272681,0.277712826941459,0.395608414243918,3.73333333333333,6,4.06666666666667,3.73333333333333,2.2,0.333333333333333,0.0666666666666667,0.8,3.73333333333333,0.2,4.73333333333333,2.46666666666667,0.333333333333333,5.8,8.86666666666667,4.46666666666667,3.93333333333333,2.73333333333333,1.26666666666667,1.2,1.06666666666667,6.26666666666667,0.266666666666667,6.33333333333333,2.73333333333333,1.06666666666667,0,0,0,0,0,0,0,0,0,0,0,0,0,1
-0.0839249628607171,-0.20931574826505,-0.253688345676987,0.0631372387383724,-0.484866047329291,-0.371229568673326,-0.552228811254433,0.220423131885673,0.0331473414771047,-0.124621476535331,-0.491043973900403,-0.0269769822207308,0.184969322505132,0.40464349198042,0.172678848629205,0.0488201016588367,0.408361855648855,-0.0855941311568914,-0.0779021392236489,-0.124417683604406,0.739090059156492,0.661579384493484,0.338265208186532,-0.140509596253053,0.391823440608907,0.820687561711468,3.6,1.06666666666667,4.06666666666667,0.533333333333333,4.86666666666667,4.13333333333333,4.8,3.93333333333333,1.26666666666667,6.06666666666667,0.933333333333333,2.2,5.66666666666667,7.06666666666667,2.06666666666667,4.6,1.86666666666667,6.2,4.73333333333333,6.06666666666667,4.53333333333333,2.73333333333333,8.66666666666667,3.93333333333333,3.93333333333333,8.06666666666667,0,0,0,0,0,0,0,0,0,0,0,0,0,1
-0.214333402070943,0.245510582730799,-0.0362874526862755,0.143720376046495,0.113374244922067,-0.195927586041928,0.0164181384600409,0.272295331756282,-0.34942560612626,-0.135900635808491,0.152973929798589,-3.75293524900677e-05,-0.0741532578801682,0.470450278901088,1.43369540984058,0.533579578081799,0.679545256881879,2.17087486597247,0.398051117787803,0.896306445900485,0.971217540799682,1.89505127932868,0.781186877483557,1.13300282451061,0.679121449563256,0.938640078464472,2.53333333333333,4.26666666666667,5.46666666666667,3.86666666666667,4.2,4.6,2.13333333333333,6.6,4.8,4.26666666666667,1.8,4.13333333333333,4.8,3.93333333333333,6.93333333333333,9.6,7.53333333333333,6.8,6.86666666666667,2.46666666666667,10.8666666666667,7.93333333333333,5.6,5.8,6.33333333333333,7.93333333333333,0,0,0,0,0,0,0,0,0,0,0,0,0,1
-0.0395717866148464,0.321721231578423,-0.662602093307533,0.725369524527669,0.207642855330084,-0.0810944892580267,-0.576530350052349,0.826034777557164,-0.0917944717047904,0.0363460667268448,0.0424228483496302,-0.141256443159591,1.02386803342303,0.48954158874622,1.39144418021523,2.35561702412075,2.26433308751983,1.11128372430541,2.26879652938358,1.18169080750928,2.26814864232445,2.40213232563486,3.10849611395754,1.84013939994003,1.38089998882901,1.80271071253906,2.13333333333333,0.6,6,4.26666666666667,6.93333333333333,6,6.2,3,5.46666666666667,4.8,4.6,6.86666666666667,0.666666666666667,2.4,0.8,8.06666666666667,9.2,10.4666666666667,8,9.46666666666667,7,8.33333333333333,5,8.66666666666667,9.6,0.933333333333333,0,0,0,0,0,0,0,0,0,0,0,0,0,2
0.793873715785809,0.752920821587605,0.530292166991195,1.00731887139561,0.557401431458815,0.660512899890015,-0.075104106422765,0.624818964224804,0.475542989387513,-0.0297186321680672,0.577981196520818,0.491900814384143,0.501183642267398,1.77566807990429,1.52336392493142,1.96976479618894,1.97391569850272,1.29732819474596,1.9842931821534,1.80885639554391,4.41934321966875,3.97752307223443,2.06175730819035,1.65678071388689,1.48423968809673,1.98426448923826,0.466666666666667,0.733333333333333,5.06666666666667,4.4,3.13333333333333,4.2,7,4.06666666666667,6.4,4,2.2,5.13333333333333,3.13333333333333,1.66666666666667,0.933333333333333,7.6,5.46666666666667,4.13333333333333,10.6666666666667,10.6,9.86666666666667,9.33333333333333,8.13333333333333,5.13333333333333,10.8,7.4,0,0,0,0,0,0,0,0,0,0,0,0,0,2
0.0274133416970328,0.118057068476465,-0.0574518324219499,0.321045820470611,0.23446532816181,0.129514332797721,-0.264392307618858,-0.0368779540688689,0.052988301420121,-0.088026518849097,-0.275188471230685,0.116512559864119,-0.0700009307752939,1.04079456990147,3.25216865518515,0.758592101109084,0.90641107057284,1.13749789783578,1.16350386001792,0.43111491275322,0.924617425387406,0.75570377746792,0.860268017047733,1.01341953310796,1.2404135444327,0.836354538753863,0.2,5.2,5.4,2,1.86666666666667,5.13333333333333,4,6.66666666666667,1.73333333333333,4.8,4.8,3.2,6,0.4,11.2,11.9333333333333,4.46666666666667,4.6,11.2666666666667,8.8,11,4.93333333333333,6.73333333333333,7.26666666666667,6.4,11.5333333333333,0,0,0,0,0,0,0,0,0,0,0,0,0,2
-0.571887608014854,0.15975111016501,-0.105937615075078,0.321929111825033,0.0599807796270433,0.306709106532806,-0.273773581136226,0.735229836607167,0.163442662606759,-0.133997577861266,0.142171687659511,-0.10368318632996,0.0691382490040251,1.56616314342824,5.01079231389808,0.596180243623783,1.563563153985,1.65945073523923,1.10749473026566,0.57342555623466,2.57627732054855,1.8273402665386,0.975140537238418,1.26713687301928,2.56058956795132,1.66776552940666,6.86666666666667,3.06666666666667,2.8,3.13333333333333,4.86666666666667,1.4,3,1.73333333333333,1.53333333333333,1.93333333333333,3.13333333333333,6.13333333333333,5.13333333333333,7.06666666666667,3.2,2.93333333333333,3.2,4.93333333333333,1.46666666666667,3.13333333333333,1.93333333333333,1.73333333333333,2,3.33333333333333,6.2,5.2,0,0,0,0,0,0,0,0,0,0,0,0,0,2
0.344867556336762,1.78398012106575,0.0865032370965707,0.209087290645915,0.593011770115915,0.323038733367372,-0.0213671872581935,0.899550356687153,1.57434421993998,0.652410541348102,0.709532568419985,0.0814202578079303,0.0799284879756203,1.01059733478853,3.86722076824121,1.17802872728032,0.893322926440987,1.53873341896357,1.35166811688926,0.65012821674063,2.23108846772938,3.51077357273652,2.42908646579641,1.56117785247383,0.598610320944907,1.36579993168292,1.6,1.6,6.86666666666667,1.86666666666667,1.66666666666667,4.86666666666667,1.6,4.4,1.26666666666667,4.53333333333333,4.8,1.4,4.2,5.73333333333333,2.6,9.46666666666667,6.4,5.93333333333333,8.93333333333333,4.93333333333333,7.46666666666667,1.86666666666667,9.86666666666667,7.46666666666667,1.53333333333333,9.46666666666667,0,1,0,0,0,0,0,0,1,0,0,0,0,2
-1.75851380579027,-0.554925592508793,-1.15125293940841,0.0488986314741889,-1.07690432704194,0.450760412903782,0.116995510319247,1.01610153152304,-1.77720277659907,0.931563387919779,0.185195207264914,-0.856463518353076,-2.17297793052665,-0.0419662878041498,-0.132340003198643,0.755729952421101,0.994523099092131,0.615907742656675,5.25714094813134,0.548771840777101,6.0271574677213,0.0240324217108747,6.40673663877583,1.23885628572327,-0.227656828611852,-0.351282754234548,0.2,2.13333333333333,6.53333333333333,5.6,6.4,7,0.0666666666666667,5.46666666666667,0.266666666666667,5.46666666666667,7,0.6,0.533333333333333,0.266666666666667,4.13333333333333,6.93333333333333,11.1333333333333,12.8,11.9333333333333,0.733333333333333,9.86666666666667,0.4,8.33333333333333,13.2666666666667,1.06666666666667,0.933333333333333,0,0,0,0,0,0,0,0,0,0,0,0,0,2
-0.854147578341954,-0.606099946754904,-0.146152876959952,-0.00177961742955135,-0.163312400392868,-0.105299721134266,-0.4327725640306,0.401058080186291,-0.142278175571698,-0.0412879441477744,-0.0377342311594771,0.17456715619309,-0.0661980005197107,-0.0540402207352126,0.0119183234748328,0.219033530051655,0.359021626690599,1.01024484303376,1.14856562824333,0.984822890224682,2.80093335035045,1.1818645010489,4.21847162215131,1.66196806222905,0.758051093905608,0.523979488242114,0.133333333333333,4.53333333333333,1.6,5.13333333333333,7,6.8,6.8,6.8,3.4,6.26666666666667,6.53333333333333,0.933333333333333,3.53333333333333,0.2,9,3.86666666666667,8.26666666666667,9.13333333333333,12.8,11.1333333333333,9.2,7,11.6,12.0666666666667,2.53333333333333,6.46666666666667,0,0,0,0,0,0,0,0,0,0,0,0,0,2
-0.0908429648717635,-0.044615887476932,-0.462946195444357,-0.104490258495385,-0.296464231971835,-0.413672191552254,-0.227836075033508,-0.380637103701085,-0.0500522095331663,-0.40895653623638,-0.430960855560626,-0.0940219522706191,-0.290316155192404,0.273104941682328,0.112447797527895,0.26068989132403,0.201821385128105,0.373301169313855,0.378199112074571,0.0689029087583006,-0.0472820019595905,0.237436038811366,0.173012800098064,0.295051606146438,0.102592247813285,0.514442806687427,0.133333333333333,1.66666666666667,0.266666666666667,0.533333333333333,6.66666666666667,0.2,6.8,0.933333333333333,0.466666666666667,0.0666666666666667,5.46666666666667,0.933333333333333,0.2,0.533333333333333,4.33333333333333,0.533333333333333,1.06666666666667,13.2,0.4,13.4666666666667,1.8,7.13333333333333,0.133333333333333,11.4666666666667,2,0.666666666666667,0,0,0,0,0,0,0,0,0,0,0,0,0,2
-0.273399738040067,0.35185836680672,-0.0734327216162319,0.139713188335687,-0.105338733742803,-0.0432678107777583,-0.229340596262545,0.19884469874065,-0.0540069768902168,0.630221520273309,0.553826068406954,0.0687188055194936,-0.023905878562684,0.166443771363105,1.24199420512254,0.813604237002902,0.792694345853127,0.51835188785788,0.824563847505146,0.925340548639107,0.742092515116415,0.877004454119255,1.66436419827175,0.948038357577757,0.352062924680923,0.514830141283288,0.4,5.73333333333333,3.53333333333333,2.8,6.2,3.46666666666667,5.13333333333333,1.06666666666667,4.4,2.53333333333333,1,3.26666666666667,6.2,0.533333333333333,7.86666666666667,9.13333333333333,8.2,11.8666666666667,5.26666666666667,10.4666666666667,1.86666666666667,7.86666666666667,5.8,3.4,8.2,11.9333333333333,0,0,0,0,0,0,0,0,0,0,0,0,0,2
0.104925229830022,-0.122007610770616,-0.0672308990379083,0.0757707237253313,0.0337304384114287,-0.0193559898904641,0.380768064765555,0.331656518933187,0.169660688659898,0.254826591375682,0.289510271327773,0.134431641565883,0.167162478650823,0.411601876555902,0.808590875600986,1.08674589077232,0.707388476646544,0.46861956777792,1.21535582782014,1.34090468191202,0.714825611023272,1.06046743347335,1.5112286187001,0.964640052319395,0.667243439739652,0.785308738191434,0.133333333333333,4.8,4.2,5.4,3.2,4.53333333333333,3.53333333333333,4.06666666666667,2.2,3.93333333333333,1.8,1.66666666666667,3.73333333333333,0.8,8.53333333333333,11,10.6,3.46666666666667,9.93333333333333,5.6,9,4.86666666666667,5.4,2.73333333333333,5.46666666666667,8.26666666666667,0,0,0,0,0,0,0,0,0,0,0,0,0,2
0.0193378465364736,0.371861866554338,0.0395096901704515,0.340226906677261,0.428629068225653,0.641697545425133,-0.325017734177239,0.485132463435265,0.681795196246468,0.971782561729703,0.405989233995249,0.226411685489456,0.463669593679188,0.480094687555296,0.968454299762477,1.79742946588163,1.96964057295439,1.74956067514545,2.54356451043599,1.34601144168058,3.16639473511103,1.22844227011783,4.19697293457668,2.53964122065375,0.909729847085718,0.981991708711333,0.4,0.533333333333333,3.6,6.53333333333333,4.4,6.93333333333333,7,6.93333333333333,0.266666666666667,5.06666666666667,6.8,4.2,3.06666666666667,0.666666666666667,2.26666666666667,9.2,10.6,8.86666666666667,11.8666666666667,13.3333333333333,11.7333333333333,0.666666666666667,8.26666666666667,11.2,4.4,4.73333333333333,0,0,0,0,0,0,0,0,0,0,0,0,0,3
-0.239260838250421,0.486983533547815,0.0162386687681138,0.35302268097309,-0.216686527271898,0.537384662155185,-0.185828537462141,1.04193439093222,0.188388923690294,0.556080028708967,0.425707123366661,0.0226848851621586,0.551581362988113,1.53010972095445,2.36438317765717,1.14155747817841,2.01687284132334,1.12264774499673,1.52099573385568,1.86043635546961,3.62101384484801,5.84534778991236,3.51410071069865,1.24287453926522,1.21809740699653,2.64811492184231,3.4,2.73333333333333,2.46666666666667,6.46666666666667,2.66666666666667,6.53333333333333,6.46666666666667,6.33333333333333,3.4,4.06666666666667,1.73333333333333,3.13333333333333,6.26666666666667,4.13333333333333,3.66666666666667,5.93333333333333,8,2.86666666666667,8.66666666666667,6.66666666666667,7,6.13333333333333,6.2,3.66666666666667,3.2,9.6,0,0,0,0,0,0,0,0,0,0,0,0,0,3
0.0263078721124856,1.12938020403898,0.766669524680095,0.579705818054466,-0.0372463830827702,0.550524573970611,-0.256828276030138,0.766458271569601,-0.00100794419626206,0.576912701804098,-0.464925062490988,-0.107570619279561,0.615862384110759,2.48295408803233,2.46567686435281,1.4583084592976,1.70195235729842,1.44781605373951,0.925725469325661,1.20241194661185,2.30056800521048,3.67656174789535,2.55696544622588,0.026866702055268,1.05770774651085,1.09603738482234,3.6,3.8,1.73333333333333,3.33333333333333,1.86666666666667,1.2,3.8,3.8,2.93333333333333,3.6,0.266666666666667,3,1.4,4.26666666666667,4.4,2.86666666666667,4.26666666666667,4.73333333333333,1.8,4.46666666666667,4.86666666666667,3.53333333333333,4.6,2.06666666666667,4.93333333333333,1.6,0,0,0,0,0,0,0,0,0,0,0,0,0,3
0.264826867210149,2.32366847838305,0.683889269362114,0.500218324078441,0.585687581311264,1.0141096719602,-0.166217625499021,0.85643431812099,0.416305627614872,0.61233691835211,0.281648072007091,0.296738588271044,0.302472708330328,1.43652128119098,5.53137618939326,1.33437557476909,2.68361587296797,2.28460344959871,1.60028350793979,1.39903445152454,2.02057007846288,3.29163883285855,1.46996030313239,1.98720394583968,4.61354978136961,0.847503086586356,3.4,2.93333333333333,2.6,3.26666666666667,3.13333333333333,2.73333333333333,5.6,0.866666666666667,3.06666666666667,3.33333333333333,7,2.93333333333333,1.4,6.66666666666667,3.93333333333333,2.73333333333333,5.73333333333333,5.26666666666667,4,7,1.6,3.46666666666667,3.66666666666667,10,3,4.73333333333333,0,1,0,0,0,0,0,0,0,0,0,0,0,3
0.578710015348676,0.970441089701338,0.0195400413690483,0.0853411641663509,0.0572719292031314,0.0641199609236696,0.452637329751247,-0.129434171604434,-0.0888065213734089,0.422925877950572,0.41445750498276,-0.101693740783795,-0.202145500814676,4.02869618372556,3.77508255970795,0.945484831150547,0.727477128775419,0.807319920767145,0.793663637722562,1.00687851749345,1.78258239050803,1.01076802872105,0.843220007810976,2.02048529840955,0.445989755092942,0.510053761826353,2.6,2.46666666666667,5.66666666666667,5.33333333333333,2.46666666666667,2.53333333333333,2.8,2.4,3.66666666666667,2.8,2.6,6.86666666666667,2.73333333333333,4.26666666666667,3.33333333333333,7.8,9.6,2.6,4.86666666666667,6.93333333333333,5.73333333333333,7.6,6.2,2.8,11.1333333333333,2.86666666666667,0,1,0,0,0,0,0,0,0,0,0,0,0,3
0.354802879069452,0.0228109856335105,0.515861276243248,0.425591812820167,0.303654418462091,0.679082736478501,-0.00953431463953495,0.650861320502291,-0.203244634149775,1.10238581325687,0.372147903892288,0.129876169632929,0.0014044008514248,1.26761940089996,0.743999093193957,2.57824515832601,1.40662627692476,0.786149485309255,1.04281256254477,0.694778826843438,1.45212155322358,1.02505796584853,2.21138785217322,0.986237846896297,0.547675429206577,0.396492952149658,0.2,4.8,4.33333333333333,3.13333333333333,0.6,1.06666666666667,3.06666666666667,2.06666666666667,0.266666666666667,2.86666666666667,1.4,3,0.333333333333333,1.2,4.86666666666667,5.93333333333333,8.46666666666667,1.4,7.06666666666667,6.46666666666667,6.6,0.6,7.46666666666667,4.4,5.2,2.66666666666667,0,0,0,0,0,0,0,0,0,1,0,0,0,3
-0.261841672519187,0.475340870514566,-0.0539641597389815,-0.142400573955218,-0.0807801152667087,0.0182780048436133,-0.00527493668789948,0.255147205203472,0.159269215571151,0.371954846848568,0.202469320736572,-0.106885399216038,0.303252922252753,0.25295343971069,1.18276349297951,0.339120666394384,0.234368816094938,0.295602937420177,0.445707939521668,0.519309539648755,1.29027320441997,1.33053483012556,0.840389294375481,1.13065926339159,0.655362417046857,1.00802925370039,7,0.2,0.133333333333333,3.93333333333333,2,0.333333333333333,0.2,0.333333333333333,6.8,1.13333333333333,2.53333333333333,6.26666666666667,0.333333333333333,7.6,0.8,0.733333333333333,4.53333333333333,2.6,0.933333333333333,0.8,0.933333333333333,7.4,1.73333333333333,3.13333333333333,6.86666666666667,0.933333333333333,0,0,0,0,0,0,0,0,0,0,0,0,0,3
-0.811344127660981,-0.406878885637838,0.201732565431516,0.135949224305124,-0.466765818100987,0.0156393932782743,0.0875864372867174,-0.255832561275342,-0.151841748286272,-0.13479696369365,0.125695544714541,-0.134554378756863,-0.123933848800084,-0.342576299033394,0.0818443075229272,0.511791495229455,0.633003932877416,0.0990776716175208,0.219814694968593,0.751940041578474,0.361794975114667,1.13331449735202,0.34089398569931,0.775401388348274,0.280460811629633,0.277797382074085,0.0666666666666667,0.4,4.33333333333333,1.33333333333333,5.2,0.533333333333333,0.2,0.4,6.46666666666667,0.866666666666667,1.53333333333333,0.666666666666667,4.86666666666667,0.133333333333333,1.46666666666667,7.4,3.4,10.4,3.46666666666667,0.333333333333333,4.26666666666667,12.4,1.86666666666667,3.26666666666667,2.46666666666667,9.33333333333333,0,0,0,0,0,0,0,0,0,0,0,0,0,3
-0.394080496260028,-1.17275458272697,0.335414331306918,-0.0644379988997862,-0.329797773468089,0.319707448002282,-0.132166956448969,-0.0271255944520529,0.0304900044063885,-0.391375689307616,-0.31599661556322,0.0589334834340157,-0.0226984005210706,0.0870668450266742,0.142757439210266,0.708151425440515,0.261540748950952,0.296838957380494,0.793134087863601,0.343218942255589,0.529592953559786,0.631983825997508,0.143356113387087,0.088505074293861,0.591891131057875,0.343015482646594,0.0666666666666667,2.86666666666667,1.93333333333333,2.6,7,1.06666666666667,0.0666666666666667,0.6,1.13333333333333,0.0666666666666667,0.866666666666667,4.06666666666667,0.733333333333333,0.133333333333333,5.66666666666667,3,3.66666666666667,10.7333333333333,4.66666666666667,0.666666666666667,1.93333333333333,2.4,0.266666666666667,4.73333333333333,6.93333333333333,0.8,0,0,0,0,0,0,0,0,0,0,0,0,0,3
-0.0445496525056579,0.0518705687378292,0.0920950129905435,0.225729897758299,0.0865155325228276,0.151925479711499,0.0949418891859846,0.0446625888710418,0.0279516654985188,0.124929663809679,-0.0355890868420242,0.187719836205024,0.133509848348177,0.330279048933144,0.675219709678735,1.08393410906238,1.32932481224622,0.556884363395492,1.59156053123428,1.07918540133003,1.44501000845336,1.27953405958191,4.9505443430885,1.88136465944205,0.79939630497087,0.740530424963437,0.266666666666667,5.13333333333333,4.6,4.66666666666667,4.8,7,4.53333333333333,7,3.13333333333333,6.86666666666667,2.93333333333333,3.8,3.86666666666667,1.06666666666667,9.46666666666667,8.33333333333333,8.46666666666667,6.53333333333333,13.3333333333333,6.93333333333333,11.0666666666667,3.26666666666667,12.5333333333333,7.06666666666667,6.73333333333333,4.33333333333333,0,0,0,0,0,0,0,0,0,0,0,0,0,3
0.0612801104461023,0.27196121079893,-0.0728170501943971,0.0861270226808298,0.000631236102652659,0.110241569856464,-0.106040299272193,0.502177175269416,-0.944345526986093,0.116121883152025,-0.0422736998945908,0.188052253360239,0.0738017466390167,0.549763115119491,0.885999001571213,1.36407359963385,0.597760282608799,0.394026184829446,1.41138186318593,1.22413967770048,1.65112932471255,-0.0017480518235211,1.21631582647598,1.0994087773394,0.721012161142873,0.465087512115681,0.466666666666667,0.466666666666667,5.73333333333333,5.6,2.53333333333333,3.13333333333333,5.86666666666667,3.33333333333333,4.13333333333333,3.06666666666667,3.06666666666667,7,0.333333333333333,5.53333333333333,5.46666666666667,12.2666666666667,11.2666666666667,5.53333333333333,9.73333333333333,12.0666666666667,8.66666666666667,7.86666666666667,6.66666666666667,5.53333333333333,9.13333333333333,3.73333333333333,0,0,0,0,0,0,0,0,0,0,0,0,0,4
-0.685290693441885,0.0768328649863846,0.154723129263613,0.307644520654151,-0.0122222074017961,0.255258328682827,-0.0133753244314707,0.783080918342518,0.0304682137848608,0.73242641100123,0.148011873853201,-0.0596197215356251,0.216060286544599,0.0117473029740439,0.612864510705436,1.52820741947355,1.02534909814346,0.794857874965807,1.46935385347499,1.24304855168577,1.78787452078892,2.20616683151795,1.51717799862129,2.11707353313424,0.670978238791589,1.0108368350043,5.8,2.53333333333333,3.26666666666667,4.26666666666667,4.2,3.93333333333333,3.46666666666667,3.26666666666667,2.26666666666667,4.46666666666667,2.8,6,4.13333333333333,5.86666666666667,3.66666666666667,4,5,4.26666666666667,4,4.53333333333333,3.46666666666667,3,4.6,3.86666666666667,6.13333333333333,5.2,0,0,0,0,0,0,0,0,0,0,0,0,0,4
-0.380790085907855,0.125901421315976,0.440817501885573,0.682762825571625,1.13319702133368,0.789545110200229,0.211140386580563,0.219724707072233,-0.23058291767583,1.16489555762943,0.427030303251556,0.170938647326042,-0.0440633553004898,1.78698949733551,1.45608240188163,2.74719302123619,2.30536214672945,2.7235883567662,1.90526856655435,2.78082211169081,3.83472013219216,2.12797252363053,4.55430226203644,1.39571103563669,1.6134113482668,0.733607349954315,6.93333333333333,6.93333333333333,5.8,3.13333333333333,1.8,1.26666666666667,3.13333333333333,3.33333333333333,3.4,2.86666666666667,3,4.8,0.666666666666667,7.06666666666667,7.06666666666667,5.93333333333333,3.2,1.86666666666667,1.4,3.26666666666667,3.46666666666667,3.53333333333333,3,3.06666666666667,4.86666666666667,0.8,0,0,0,0,0,0,0,0,0,0,0,0,0,4
-0.434706845108498,-0.00341558081673878,0.460741965246911,0.104179656365555,0.228040302682631,0.533268761869036,0.0156890682998545,1.063353236172,-0.263472112830479,0.210700632425177,0.343337038405133,0.0892133563378131,0.107617061452212,0.879778556396377,1.41799391852628,1.08761732462477,0.870276671253726,1.08978183525612,1.09372615071176,1.03981065172274,1.73106962929343,0.73062807631093,1.12329739518089,1.59172741357854,0.985152340902437,0.936563920526081,7,3.26666666666667,1.93333333333333,4,5.06666666666667,2.26666666666667,3.06666666666667,0.866666666666667,6.06666666666667,2.66666666666667,2.46666666666667,2.8,6.66666666666667,7.33333333333333,3.6,2.26666666666667,4.33333333333333,5.4,2.6,3.4,1.2,6.4,3,2.8,3.13333333333333,7,0,0,0,0,0,0,0,0,0,0,0,0,0,4
-0.240225629783433,-0.176332805607048,0.037550989993063,0.377053888444574,0.0167483161474898,0.187616616845075,-0.0464641451047565,0.539739282321182,-0.0946454896914307,0.460796228253735,0.0814544952929688,0.0114706159272677,-0.169620600347283,1.53659291057579,2.74661869270379,1.75796369449852,1.4213827818147,1.46769919961866,1.8662500465492,1.32066222690217,1.31679117547798,4.17989082781257,2.35520991206254,1.63663633703942,1.26748359762569,0.6486940654302,7,6.93333333333333,5.06666666666667,3.53333333333333,7,4.93333333333333,1.46666666666667,0.266666666666667,6.86666666666667,2.8,3.26666666666667,5.4,0.533333333333333,7.26666666666667,7.2,5.33333333333333,3.8,7.26666666666667,5.2,1.73333333333333,0.533333333333333,7.13333333333333,3.06666666666667,3.53333333333333,5.66666666666667,0.8,0,0,0,0,0,0,0,0,0,0,0,0,0,4
0.0229105704324187,-0.323383012735522,0.0445376703645425,0.228991642445506,0.187916497281255,0.00373890353598122,-0.0545127810746237,-0.152979674894816,-0.157615080055836,0.108425049230749,0.164170223877709,0.034584123551945,-0.345865762452819,3.19243953817391,4.17994328383408,0.72576291056234,1.37459527130347,2.11427931314683,0.801593659477875,1.30134869628737,0.787056259225881,3.15579156247333,0.839098864315113,1.01080762842682,1.07735530332903,0.625436923112282,4.53333333333333,2.46666666666667,2.53333333333333,2.53333333333333,2.4,2.33333333333333,6.8,0.466666666666667,4.26666666666667,2.4,6.86666666666667,6.13333333333333,2.4,6.2,3.13333333333333,3.8,3,2.53333333333333,4.26666666666667,7.53333333333333,3,4.6,4.8,9.2,7,3.26666666666667,0,0,0,0,0,0,0,0,0,0,0,0,0,4
0.318730969541894,1.02266108154211,0.468155533695383,0.393774316459916,0.593403808726193,0.401526160318036,-0.139832911015127,0.308912780132407,1.36183539863574,0.910628686335097,0.266875573795091,-0.325071691279002,0.564797260357038,3.91582876734403,4.39499823597171,1.26666968385107,1.45182549859126,2.16945012651525,1.40467498170245,1.13189401131564,1.46119616525228,5.65777997615501,1.65728708111591,1.85359844850856,2.5085620541196,3.14780305818127,5.26666666666667,1.73333333333333,1.53333333333333,1.93333333333333,3.33333333333333,1.66666666666667,2.8,0.6,1.8,3.13333333333333,1.13333333333333,5,5.13333333333333,6.46666666666667,1.8,3.26666666666667,2.6,3.53333333333333,2.46666666666667,2.93333333333333,2.2,1.86666666666667,3.53333333333333,2.93333333333333,5.13333333333333,6.06666666666667,0,0,0,0,0,0,0,0,0,0,0,0,0,4
-0.235184687390425,0.384561978654915,0.323713095541561,-0.100263550160675,0.00854134882394736,0.301215097822231,0.00710320706928999,0.31612053929479,0.0453434511497809,-0.189736620067232,0.394326403340363,0.144392574007551,0.0150507433700767,0.638247819745083,1.88753094219712,1.02284887011416,0.594268516380917,0.702557911771956,1.34284542633308,1.27571308695521,1.64350427221552,1.49301306061932,0.449483646260346,1.17910899309575,0.681190921270216,0.701190405503756,4.53333333333333,3.66666666666667,2.66666666666667,2.6,2.33333333333333,2.26666666666667,3.6,4.73333333333333,4.8,2.26666666666667,1.86666666666667,0.733333333333333,0.6,5.4,4.66666666666667,4.33333333333333,3.53333333333333,3.13333333333333,3.4,5.13333333333333,6.4,5.06666666666667,2.86666666666667,2.06666666666667,2.06666666666667,0.8,0,0,0,0,0,0,0,0,0,0,0,0,0,4
-0.333175121769618,0.110898383247069,-0.0402234674621401,-0.0531600295526262,0.0120380937128413,-0.071270513751498,0.0914055654560149,0.0251126227816264,-0.411759447420949,0.0816005640725401,-0.38997411386457,-0.331218455353335,-0.172503829905053,0.440328843315919,0.778665070610658,0.253483592792135,0.71049567393802,1.13680972532667,0.502515052836814,1.56078980685661,0.591792107125804,0.842793178449005,0.872857693001925,1.06288100741896,0.984437585717344,0.467518005911438,0.266666666666667,1.66666666666667,0.0666666666666667,5.2,5.06666666666667,5.66666666666667,5.33333333333333,3,6.06666666666667,5.26666666666667,3.4,5.93333333333333,0.266666666666667,0.4,1.8,1.8,7.46666666666667,10.6666666666667,6.33333333333333,9.93333333333333,4.8,11.0666666666667,11,7.93333333333333,11.6,5.13333333333333,0,0,0,0,0,0,0,0,0,0,0,0,0,4
-0.0356291159428077,0.31451412628532,0.0381970673206602,0.0281820341649791,-0.00707548786566492,0.0191354801090747,0.152268556585547,-0.143263701222041,0.00309062750884869,-0.172877113295511,-0.303999628509173,-0.0119972523241186,-0.0341300009410353,0.334623844472179,1.86671326162643,0.45042233261213,0.336073071423234,0.699882992412726,0.48544777524486,0.760819450673562,0.583208455224095,1.08948132075352,0.410095631350091,0.572036853310245,0.671394363862764,0.377663637399048,6.4,2.73333333333333,1.66666666666667,1.66666666666667,3.33333333333333,1.8,4.2,3.66666666666667,2.4,4,3.86666666666667,4.86666666666667,5.66666666666667,6.8,3.2,2.33333333333333,1.86666666666667,3.86666666666667,1.86666666666667,4.8,3.86666666666667,3.06666666666667,4.66666666666667,4.46666666666667,5.06666666666667,6.26666666666667,0,0,0,0,0,0,0,0,0,0,0,0,0,4
-0.816869659572971,0.410711915954778,0.467482538853631,0.311677496894177,0.358383427720002,0.739604625071019,-0.155445589741572,1.51605329234111,-0.267839496221837,1.08948496868636,0.159622654486753,-0.0601425859088139,-0.15698201641806,-0.0525245532758127,1.45196276295366,3.08725991541494,0.989102567917497,1.12724631800172,3.11184405691411,1.67488621650267,2.86579052610585,0.535474433414903,3.47382745368786,2.50484069300441,0.919398692063931,0.658438961184634,0.0666666666666667,2,6,4.6,4.93333333333333,6.06666666666667,6.2,6.26666666666667,6.93333333333333,3.2,3.26666666666667,4.8,6.4,0.133333333333333,5.53333333333333,8.73333333333333,5.26666666666667,6.8,9.06666666666667,11.9333333333333,7.06666666666667,9.46666666666667,4.8,8.86666666666667,9.4,12.7333333333333,0,0,0,0,0,1,0,1,0,1,0,0,0,5
-0.408013616494366,0.360087271785815,0.464674112930209,0.436265766386586,0.168050851679978,0.724445111699597,0.141351593296481,0.690886142097533,-0.45975172367612,0.926541468058071,-0.0149501844721873,-0.150564427326391,-0.125660415207531,0.267611299857039,1.17080916565354,3.49629010701408,1.34279738589329,1.04256977883267,3.35239776492414,1.37591122343732,1.86415212069093,0.777219321583748,3.7888692382041,2.23365945755857,0.574578935251635,0.920999568106768,0.466666666666667,0.466666666666667,5.73333333333333,5.73333333333333,3.53333333333333,6.86666666666667,6.53333333333333,4.26666666666667,4.93333333333333,3.73333333333333,3.66666666666667,5.06666666666667,5.93333333333333,0.6,1.86666666666667,8.13333333333333,10.7333333333333,8.46666666666667,9.73333333333333,11.6,6.8,10.1333333333333,5.2,9.86666666666667,9.26666666666667,11.3333333333333,0,0,0,0,0,1,0,0,0,1,0,0,0,5
-1.06864484555678,0.353341566540982,0.371059591292849,0.175304026084472,-0.039333705757143,0.490473904666198,-0.151358786818078,0.319154253587748,-0.265647827257269,0.250044916393634,0.418352144912213,0.101034562594605,0.242691115391492,-0.604704694324926,0.865448170230261,1.21306398847834,0.910770189052775,0.48349080035093,1.30902294074611,0.785183707713039,1.07010071428825,1.35793611212053,1.32641351114409,1.40706146200383,0.783368890640034,0.72123995860057,0.2,1.66666666666667,3.06666666666667,3.86666666666667,3.13333333333333,2.93333333333333,3,0.6,2.06666666666667,3.33333333333333,5.33333333333333,5.06666666666667,0.4,0.266666666666667,3.46666666666667,9.2,9.13333333333333,6.33333333333333,9.8,6.86666666666667,3.8,5.33333333333333,7.66666666666667,11.5333333333333,9.4,6.33333333333333,0,0,0,0,0,0,0,0,0,0,0,0,0,5
-0.315638226682138,0.946631340622183,0.321257345806255,0.20834891912317,0.202651350224347,0.537059403906786,0.536020370516094,0.157225789936511,0.443431865288416,0.621021739747684,1.05502717693451,0.043392162268245,0.325442702040117,1.45812537914263,2.97293386597127,1.58428789077078,1.2641665807239,2.24445544931125,1.47004678807943,2.91790991073977,1.06666716653522,1.76709044313014,2.98552311117855,2.53075462416382,1.52461895903434,0.876488689482623,3.33333333333333,2.53333333333333,5.06666666666667,5.4,2.8,4.33333333333333,3.13333333333333,3.33333333333333,2.46666666666667,3.06666666666667,2.06666666666667,6.33333333333333,0.4,3.46666666666667,3.13333333333333,8.2,9.13333333333333,2.93333333333333,6.33333333333333,4.26666666666667,4,2.66666666666667,6.13333333333333,3.86666666666667,9.86666666666667,1.53333333333333,0,0,0,0,0,0,0,0,0,0,0,0,0,5
-0.129151645535892,0.942256176677599,0.11787410035499,0.326697237477923,0.351200899729178,0.379599851481827,0.279095973784947,1.06294851129889,-0.0700978670314007,0.135264663960295,0.275449822641303,-0.181018609039934,-0.254585518398504,0.523003882145766,2.2082051177399,1.77152306072876,1.2626021947628,1.49196768743945,1.70642808650571,1.57883492373136,2.18691579293183,1.12196953603459,2.72836027965291,2.48020704060262,0.597112779258362,0.407973330529245,2.8,2.8,4.26666666666667,2.66666666666667,3.6,3.46666666666667,2.66666666666667,1.6,6.06666666666667,2.86666666666667,2.46666666666667,5.4,6.06666666666667,3.13333333333333,3.86666666666667,8.53333333333333,6.06666666666667,4.86666666666667,7.13333333333333,5.73333333333333,3.2,6.33333333333333,4.53333333333333,3.86666666666667,9.33333333333333,6.93333333333333,0,1,0,0,0,0,0,1,0,0,0,0,0,5
-0.39747728961541,0.14899516325503,-0.267283977842103,-0.0156262207233521,0.376034549778645,0.451597737818785,-0.232798108647379,-0.515790746188053,-0.00637252624482284,0.31825577685765,0.092026769592748,0.116319750022701,0.13326483569187,6.56117721243808,0.828004956519404,2.26345953156578,0.585486030019099,2.23052660987804,2.06618235729823,1.15529026789272,0.348379769701056,0.534333622815399,1.05813291479744,2.78697952942402,0.608659768451453,0.631375920647238,6.6,0.4,3.6,3.2,5.06666666666667,4.93333333333333,3.4,0.0666666666666667,1.86666666666667,2.66666666666667,6.66666666666667,4.8,4.8,7.06666666666667,0.8,3.8,3.46666666666667,5.4,5.13333333333333,3.86666666666667,0.133333333333333,2.2,3,7.13333333333333,4.93333333333333,4.86666666666667,0,0,0,0,0,0,0,0,0,0,0,0,0,5
-0.200186461267537,-0.22011422361227,-0.464663635833026,-0.117561609242709,-0.166865864309529,-0.47494852647819,-0.574021130716305,0.251857255245288,0.161059089821114,-0.617092410217612,-0.173304360157922,0.0648644849517059,-0.299026834975024,2.22079534309676,4.1677693637804,0.486866770087566,0.60079751043304,1.73940510174331,0.995089688130848,1.17839302364673,1.26123057152915,4.59311272963171,2.52960996930208,0.894825773087084,1.0173711197186,0.585148242748332,7,6.93333333333333,5.06666666666667,7,6.86666666666667,5.06666666666667,7,0.866666666666667,6.6,6.73333333333333,5.66666666666667,0.4,6.53333333333333,7.4,7.33333333333333,5.46666666666667,7.4,7.26666666666667,5.46666666666667,7.4,1.26666666666667,7,7.13333333333333,6.06666666666667,0.8,6.93333333333333,0,0,0,0,0,0,0,0,0,0,0,0,0,5
-0.153755287308462,0.60618306285375,0.166149463299578,0.411318543208653,0.0708120319628835,0.34121322680741,0.178444030226457,0.178598800320568,-0.596379243784077,0.161763773183688,0.0123595873949764,0.309055201562611,-0.0787353970060159,0.50656219775558,2.37730444091444,1.69408931988781,1.58898943258299,2.12441525681639,2.02414050891588,1.51897408749189,1.33742127388339,1.89729702769897,0.936107681770309,1.2197667033522,1.12646367010587,0.862434199551971,2.66666666666667,2.33333333333333,3.33333333333333,4.53333333333333,2.4,3.26666666666667,2.4,4.26666666666667,2.46666666666667,3.13333333333333,3.13333333333333,0.133333333333333,3.26666666666667,2.8,2.66666666666667,3.66666666666667,5.33333333333333,2.66666666666667,7.53333333333333,3.33333333333333,6.46666666666667,3,4.4,5,0.266666666666667,6.8,0,0,0,0,0,0,0,0,0,0,0,0,0,5
-0.336545649229628,0.222121364142692,0.0143170209153744,-0.0243048795937352,0.0163395064896236,-0.0724369706504791,0.166260356487888,0.17833213970216,-0.271940048816665,0.0305943245359284,0.512583260625786,-0.112599171114324,0.0431294552506644,0.188536719354283,0.800422251427462,1.00571626886095,0.788856904972381,0.877742439783879,0.828298161407544,1.05153409700676,0.868416480077324,0.475936938182784,1.39324612761438,1.29995909016694,0.903976916957479,0.85889036436763,0.466666666666667,1.4,6.73333333333333,3,5.8,4.6,4.33333333333333,6.73333333333333,3.86666666666667,3.86666666666667,3.33333333333333,5.13333333333333,4.13333333333333,6.73333333333333,1.86666666666667,9.66666666666667,7.06666666666667,12.0666666666667,9.33333333333333,8.8,11.9333333333333,7.8,9.06666666666667,6.86666666666667,9.93333333333333,7.4,0,0,0,0,0,0,0,0,0,0,0,0,0,5
0.00418336735673956,0.0584992425283716,-0.384965222805411,-0.0454699610256507,-0.208929477086877,-0.398427844491968,-0.321168548124015,-0.0200219200665673,-0.423109223405073,-0.0099626467520148,0.0322961501451924,0.0008797017901204,-0.0907295009113926,0.321633346492677,0.656158437910476,0.0098842947490217,0.200132307905167,0.0148750226251799,-0.0787602092706694,-0.0406364547105698,0.378423172976702,0.0418075238217908,0.248461015391576,0.407595715881654,0.450435769203375,0.193275192569982,0.4,0.4,0.133333333333333,0.333333333333333,0.8,0.0666666666666667,0.133333333333333,0.4,2.86666666666667,1.4,5,2.66666666666667,0.333333333333333,0.533333333333333,0.666666666666667,0.266666666666667,4.13333333333333,1.26666666666667,0.133333333333333,2.26666666666667,0.733333333333333,5.4,2.4,9.73333333333333,5.13333333333333,0.466666666666667,0,0,0,0,0,0,0,0,0,0,0,0,0,5
