-0.0386856,-0.175945173,0.096056183,-0.131795738,0.088134582,-0.123436844,-0.267202165,0.148479052,-0.149613689,-0.566050619,-0.676599875,0.449134546,0.142892664,0.59598474,1.073600815,0.194995147,0.054903465,0.28909437,-0.038548822,0.058790611,-1.214797703,-0.241267548,0.559339895,0.65131802,1.064962756,0.150806058,0.49965598,-0.220949165,0.231042906,1.003570265,0.033016336,0.262798355,1.081671498,-0.912616274,-1.147961997,0.214712382,0.880896152,1.947010528,-0.40330739,0.310990563,0.345543145,0.721789569,0.273753447,-0.037390678,-0.803270476,1.078296266,0.364808044,1.698713174,1.926486124,3.398856489,1.774056301,1.05595616,2.174564594,2.315861623,2.197726803,1.416152887,2.489597291,0.970251065,0.155481367,2.216226594,1.783045433,3.40838216,1.986328911,1.381178954,1.350972736,1.630393661,0.958898603,1.001442945,0.694070973,4.327499808,1.734467658,2.69112212,3.666666667,6.066666667,3.333333333,6.6,6.666666667,2.133333333,3.133333333,1.666666667,3.8,2.266666667,0.333333333,6.066666667,6.133333333,2.866666667,0.2,6.666666667,3.666666667,6.066666667,3.866666667,5.066666667,4.6,2.733333333,0.533333333,3.733333333,4.6,9,3.6,9.133333333,8.133333333,4.533333333,4.333333333,4.266666667,6.733333333,5.133333333,2.266666667,8.6,8.8,5.466666667,1.733333333,8.533333333,5.2,6.4,6.6,6.666666667,5.866666667,3.666666667,0.6,5.333333333,1
0.349923233,0.582849291,-0.019355069,-0.318695176,0.792010391,-0.109405931,-0.040986482,0.487767986,0.217219954,-0.303003015,-0.995568345,-0.194685416,0.996121331,1.073863683,-0.34581716,-0.028145137,0.162398667,0.380343449,0.293081687,0.268085256,-0.093977199,-0.224499643,1.923915231,0.599038245,-0.129454814,1.049903727,-0.351922706,-0.101907663,0.550423559,-1.178306019,0.059048788,0.418903853,0.562891723,0.076922455,-1.542980892,0.83877835,0.760623338,2.580969103,-1.112943571,-0.014919471,0.149587592,0.323177972,0.395506264,0.921276821,0.361816198,0.338724582,0.564546769,-0.455676296,0.992694247,2.177805933,1.677494284,1.509730554,1.929808451,2.040173978,0.925228741,1.667969939,3.938789369,1.186145791,0.628749093,1.863073607,2.567451596,3.878636219,0.569763862,0.735368911,1.209200493,1.820991009,1.356737398,2.079863419,1.291291098,1.29208012,4.602583397,1.496144217,0.866666667,4.2,5.733333333,4,1.333333333,5.8,2.733333333,6.2,5.866666667,4.733333333,7,5.266666667,1,4.2,0.4,2.4,4.533333333,5.6,5.4,4.666666667,4.066666667,4.6,0.066666667,1.066666667,1.133333333,4.466666667,11.06666667,7.066666667,2.466666667,11.26666667,6.666666667,6.8,11.6,8.4,13.2,8.266666667,2.4,6.533333333,6.6,3.466666667,7.466666667,10.06666667,6.066666667,5.2,7.133333333,6.866666667,0.466666667,6,1
0.17054331,-0.167719185,0.338694671,-0.20723963,0.319919756,0.754611842,-0.237785086,-0.014363445,0.063691099,-0.285430203,-0.138568375,-0.125827338,0.691169136,0.253541882,-1.688308538,-0.182919162,-0.071379973,0.64679793,0.008968117,-0.53580185,-1.031585805,-0.396141471,-0.065962465,1.210707541,-0.169963314,-0.2295958,0.239888101,-0.767087721,0.394811153,0.624421809,-0.289666125,0.07764851,0.179136265,0.029738816,0.139598311,1.190153067,1.954603057,1.081168943,-1.006038316,-0.013825252,-0.092478993,1.050185087,-0.113325898,-0.667233963,-1.690538243,-0.72791529,-0.208829559,2.362730755,1.118968955,1.538886557,2.118078125,0.477576126,3.24338284,3.322014236,0.902727541,1.083788595,1.391685369,1.214276695,1.078253439,2.093670078,4.546552368,3.430397024,0.526413494,0.734521018,0.96017599,2.107320761,1.14368064,0.489773759,-0.205187029,0.782459479,0.701001365,3.776596808,1.866666667,6.133333333,2,2.133333333,6.266666667,6,1.933333333,4,4.266666667,2.733333333,4.466666667,3.866666667,6.533333333,6.2,3.933333333,4.733333333,1,3.933333333,6.066666667,5.266666667,1.666666667,7,3.666666667,6.666666667,4.933333333,9.8,3.066666667,5.6,10.33333333,11.13333333,3.666666667,7.6,8.666666667,7.066666667,7.666666667,6.6,9.133333333,10.06666667,6.133333333,5,5.6,6.866666667,10.13333333,8.8,4.133333333,9.066666667,4.066666667,8.6,1
-0.356742657,0.370780073,0.326223123,-0.26921913,-0.025241551,0.111381118,0.07292866,0.38879942,-0.774625208,0.459071286,-0.658707647,-0.120784859,-0.209283286,0.782870599,0.3423658,-0.048344854,0.010393173,0.106483889,0.00053049,-0.180773804,1.666046053,-0.291090237,-0.122824059,0.423687002,0.07473732,0.31829373,0.364471595,-0.638667673,-0.274256621,0.88960895,-0.027725028,0.457589369,-0.790647128,0.60254496,-1.990657128,-0.219563253,-0.313258798,1.396838399,0.666216461,0.133221918,0.095869393,0.471385255,0.036744604,-0.641982284,2.043612527,-0.715151961,-0.3326932,0.712815213,1.164551082,2.320030189,1.27108776,0.935729386,1.149139373,1.8908217,1.032263887,1.619375661,0.375500432,1.661505307,0.752344186,1.473813287,2.141473688,2.937897119,2.410805953,1.16919149,1.640946844,1.401715339,0.959752282,1.288458904,6.008086206,0.648374768,3.834231051,1.520424555,5.2,1.666666667,3.4,6,1.8,4.466666667,5.666666667,0.866666667,4.733333333,2.4,0.6,2.066666667,1.666666667,6.866666667,3.4,6.2,6.866666667,4.533333333,3.2,1.6,6.2,0.466666667,5.6,4.466666667,6.333333333,3.466666667,4.066666667,7,3.333333333,5.533333333,6.4,1.866666667,6.066666667,2.666666667,1.066666667,2.8,2.866666667,8.333333333,4.333333333,6.466666667,8.2,4.666666667,4.2,2,6.333333333,1.266666667,6.533333333,5.6,1
0.289069695,0.038533729,-0.050521563,-0.09370893,0.101987169,0.081466894,0.19301353,-0.003519639,0.891766131,0.096749755,0.34348837,0.470604428,-0.292018182,0.199263611,0.531324202,-0.054699336,0.061220884,0.188132493,0.181833494,-0.191017107,-0.625254921,0.5857656,0.792004734,0.265997865,0.648308113,-0.177472938,0.166140963,-0.050906493,-0.238367492,-0.010553824,0.368516514,0.11817409,-0.451563982,0.209075585,0.083982502,0.739543187,-0.496767938,-0.409682663,-0.048985285,0.003719448,0.115580218,0.184916481,0.087377613,-0.279055939,-1.294896862,1.140616977,0.330407936,0.461838432,1.655865042,0.558065044,0.940685074,0.416151562,0.556136349,1.154197296,3.101527288,0.912419555,1.971609701,1.030801534,0.869175434,1.286593892,0.155857866,1.017218372,1.566131753,0.690354305,0.822401672,1.119878204,0.771854918,0.206255451,0.649974479,3.496346791,2.500230837,1.313160826,6.266666667,1.066666667,6.466666667,0.066666667,0.933333333,6.2,6.066666667,6.2,0.733333333,6.266666667,1.6,4.266666667,6.2,1.133333333,0.666666667,3.533333333,1.133333333,6.266666667,4.666666667,2.333333333,0.4,2.066666667,0.933333333,6.2,6.666666667,1.133333333,6.533333333,0.6,1.066666667,6.266666667,6.466666667,6.266666667,1,7,1.733333333,5.066666667,6.866666667,1.2,0.8,3.733333333,1.666666667,7,4.866666667,2.6,0.466666667,2.2,1.266666667,7,1
1.455200197,0.847683139,0.165819753,-0.177992797,0.1270367,1.518481497,-0.336520811,0.450792353,0.490935611,1.058771803,-0.237665572,-0.706594743,0.247482181,-0.033371061,0.537487558,-0.20517663,0.267441164,0.001452954,0.156553129,0.512132182,-0.808278329,-0.092864221,-0.127764703,0.64899973,0.437739776,0.172931234,-0.531830024,-0.145655149,-0.169408645,0.705071946,-0.046814159,0.146818031,-0.315586525,1.067883017,-0.246705833,-0.454729654,-0.610777463,-0.494620676,0.168168534,-0.048577753,0.253759493,-0.449381723,0.056333054,0.411146468,-1.099045442,-0.002510902,-0.252652068,-0.606957994,2.382456033,1.562161658,0.645437438,0.341567342,1.101157975,2.646887251,1.00563972,1.141878013,1.261952443,3.074867255,1.37496322,0.495183258,0.877035669,0.36073786,2.024798804,0.793478297,1.005009181,1.000335367,0.705148818,1.023425782,0.045987809,1.204669288,0.357735122,1.35304801,1.266666667,1.133333333,0.2,6.933333333,2.4,2.4,2.2,1.2,0.066666667,2.4,6.933333333,5.533333333,1,1.133333333,2.533333333,6.666666667,2.6,1.333333333,3.866666667,2.533333333,6.6,5.933333333,5.266666667,0.6,3.666666667,1.666666667,0.666666667,10.4,2.933333333,2.866666667,7.333333333,1.733333333,1.4,4.4,11.33333333,11.33333333,1.733333333,2.4,3.666666667,11.33333333,6.133333333,1.4,6.066666667,5.933333333,12,10.93333333,5.533333333,0.666666667,1
-0.121950676,0.050429485,-0.192736123,0.146106448,0.167518895,-0.304138708,0.015973463,-0.199959718,0.027528975,-0.154661689,-0.250217669,-0.902121507,-0.104331291,0.390953398,-0.474207753,-0.020117745,-0.061332581,-0.275405686,0.032016587,-0.133486819,0.584197139,0.233298691,-0.601937182,0.454110724,0.370291395,0.847491586,0.548947177,0.32576769,0.424737361,1.604565732,-0.590587497,0.447767516,3.357631698,-0.201486715,-0.161180931,-0.677923896,1.273398262,1.40599047,-0.243996361,-0.411041454,-0.171381332,1.28631952,0.366069688,0.148883844,0.450667982,-0.898901498,-0.881527917,1.247107729,1.75673536,1.846575494,1.314243913,1.20404089,1.167429773,2.707349271,0.719601134,1.545945641,4.721004762,0.689258962,2.54411056,1.181634875,2.351612767,2.380465321,0.738679065,0.645072151,1.09699779,2.204317886,1.226220865,1.094496492,3.435035924,1.737296536,0.167814254,2.403967085,3.466666667,3.466666667,3.666666667,3.4,1.133333333,3.533333333,0.333333333,4.266666667,3.8,3.533333333,6.933333333,6.8,4.4,4.133333333,3.8,6.866666667,3,4.133333333,4.2,3.4,2.8,1.933333333,0.2,6.466666667,6.6,3.8,6.4,3.6,2.133333333,4.733333333,2.8,4.666666667,5.866666667,5.8,10,10.26666667,8,6.066666667,4.6,7.866666667,6.2,5.333333333,7.2,5.866666667,2.866666667,4.2,0.933333333,7.8,1
0.519813724,0.59688541,0.388645521,0.078950862,-0.101699023,0.397216079,0.116562826,-0.325895425,-0.972153728,0.403473072,0.73780534,-0.100464395,-0.170629742,-0.853813349,-0.849894988,-0.098442706,-0.266958418,-0.08827912,-0.948888992,-0.653377333,-0.246198298,0.028740445,-0.186539663,1.011278304,0.320994883,-1.874019321,-0.011992368,0.149368392,0.076165276,-1.400309287,0.00889612,-0.639297866,-2.586312724,-0.495231388,0.701413702,0.033691467,0.007969285,-1.074928725,-0.605792863,-0.152684855,-0.56817363,-0.45460545,-1.27855144,-0.986494775,-0.306526642,-0.140968472,-0.258035506,-0.133713217,1.403888607,2.123075619,1.037807947,0.570331359,1.082409057,1.65590141,0.514716178,0.157809929,1.11389315,1.155412948,1.807041175,0.991987144,0.677824092,-0.100330236,0.215997953,0.520095183,0.768422328,0.301941528,0.105658395,0.270961883,0.523425558,0.829183965,0.135540275,1.56228808,2.066666667,0.066666667,1.6,3.066666667,6.866666667,0.066666667,1.933333333,0.2,0.133333333,1.933333333,5.2,6,4.933333333,0.133333333,2.6,6.333333333,0.066666667,0.466666667,0.133333333,0.066666667,4.666666667,0.4,0.133333333,0.066666667,2.666666667,0.466666667,1.933333333,4.266666667,9.666666667,0.2,3.666666667,4.666666667,0.2,2,5.266666667,8.2,5.466666667,3.133333333,3.133333333,9.866666667,0.333333333,1.2,0.8,3.2,7.6,2.4,3.066666667,0.533333333,1
-0.409586329,0.004001358,0.132643196,-0.141804109,-0.171335059,0.099499495,-0.220447459,-0.098094996,0.19863328,0.429608291,-0.779028622,0.144693901,-0.405355116,0.199895943,-0.957895148,0.07292924,-0.123408526,0.208249637,-0.035750867,0.107889434,-0.081121796,-0.234613409,-0.060280933,0.456984748,-0.334018025,0.831747904,0.505909699,-0.444893651,0.052692465,1.438742432,-0.254520137,0.231680075,1.456555313,0.734427934,-0.986619238,-0.564078019,0.16774952,0.854352081,-0.953305238,0.007803241,-0.275441366,1.156828005,0.157840827,-0.258827423,-0.401627728,-0.535143866,-0.077573463,1.663377874,0.400926114,1.656452051,1.465945074,0.382609296,1.094951041,3.177574994,0.319017071,0.948285988,3.418985985,1.970201675,1.909629925,0.869227775,1.218682853,2.72920874,-0.076118065,0.951615073,0.556222679,2.159884827,0.976585509,1.074147542,1.606520271,0.265553598,0.859803358,3.39467951,5.066666667,3.666666667,5.466666667,6,4.666666667,3.933333333,5.8,4.333333333,4.066666667,4.266666667,6.733333333,0.6,4.666666667,4.6,4.866666667,6.666666667,3.733333333,4.933333333,3.6,0.2,0.066666667,1.133333333,6.666666667,4.533333333,5.2,3.933333333,5.6,6.866666667,5.333333333,5.466666667,6.933333333,5.533333333,4.8,4.666666667,7,1.933333333,4.8,6,5.333333333,8.666666667,4.333333333,6.066666667,4.4,1.333333333,0.266666667,2.933333333,8.533333333,5.6,1
0.196353026,1.132637774,0.043565373,-0.000286891,-0.087137785,0.119161979,-0.220353888,0.373648415,1.556095953,0.706256667,-0.679490104,0.178909465,0.100361654,0.169908932,0.23299761,0.141547657,0.174964301,0.351279092,-0.021828446,0.531849382,0.123672562,-0.944910337,0.347594321,0.137451447,0.148696338,0.566105295,-0.18769745,-0.056437888,-0.042737259,0.074510158,0.138913571,0.300456082,0.270352744,0.551841135,-1.884023392,1.158855714,-0.222444018,-0.113089275,0.539876755,-0.077071055,0.247614267,0.272885743,-0.073522221,-0.235470991,1.203484135,0.647506015,0.214931303,-0.045396623,2.289475744,2.321242334,0.590790805,0.794354481,0.690366984,2.230639144,0.674063848,1.379701314,3.399069525,1.764428629,0.125517224,3.320759868,0.861309724,0.974174874,1.896657842,0.666231238,1.090761357,1.133395739,0.838972877,1.384610954,2.889211158,1.78502717,1.306681214,2.053510458,6.066666667,1.2,2.6,3.866666667,5.933333333,4.933333333,4.4,4.266666667,1.066666667,5.866666667,0.333333333,5.466666667,5,5.733333333,3.466666667,2.133333333,1.266666667,2.466666667,2.333333333,1,4.733333333,4.266666667,0.8,5.933333333,6.733333333,1.4,2.866666667,4,6.933333333,5.8,4.666666667,5.133333333,1.133333333,6.866666667,1.333333333,6.066666667,5.133333333,5.8,3.866666667,2.466666667,2.066666667,3.4,3.333333333,1.4,5.266666667,5.133333333,0.866666667,6,1
1.553658984,3.351902526,0.84346468,0.652825652,0.536708245,3.49764615,0.288564237,1.025804694,3.666427332,1.372495785,-1.239315957,-1.096423693,0.894363876,0.153153078,1.452887365,-0.035170927,0.038897738,0.414489867,0.131455643,1.061841377,-0.252196033,-0.176709407,-0.132206418,1.572475216,1.549856933,1.887307262,0.5914331,1.086818327,0.25366742,2.063769341,0.471933337,-0.058289251,3.219908251,0.017712043,-0.000466879,-0.513218621,0.366434255,-0.208502047,0.193310545,0.216398849,0.076069539,-0.150008029,-0.055065719,0.025666693,-0.830891214,-0.546511125,-0.241171627,0.818937512,2.676320921,5.238989743,1.491968142,1.769184312,1.093595501,5.069187545,1.492527326,1.923408663,6.202341897,2.76530887,1.139897033,0.504821288,1.645959541,0.844282852,2.408639287,0.61823532,0.814719781,0.864523543,0.890704373,1.853805182,0.791934411,0.436656061,0.2737587,2.385653308,2.133333333,2.266666667,0.4,3.733333333,1.066666667,2.333333333,5.066666667,0.466666667,2.266666667,1.6,4.666666667,6.933333333,2.266666667,2.266666667,1.266666667,5.933333333,1.666666667,0.866666667,0.6,1.533333333,0.2,0.733333333,0.333333333,0.533333333,6.733333333,3.4,1.2,4.466666667,1.666666667,4,8.866666667,0.6,4.2,1.933333333,7.933333333,11.86666667,3.533333333,3.2,1.666666667,8.866666667,1.733333333,1.333333333,4.133333333,1.666666667,4.933333333,1.466666667,0.533333333,2.266666667,2
1.201686263,3.929407467,0.877650102,0.186656265,-0.053612346,7.5969808,-0.067275515,0.958795772,4.100957436,2.336031505,-0.672369828,-0.995494649,1.624273448,1.783025777,1.49657957,0.02263467,0.194547796,0.539485435,0.548061009,1.097007249,-0.16920678,-0.106137758,-0.258863277,2.360828188,1.597086211,1.823599265,0.39590514,0.550005231,-0.328570214,1.921634891,0.175232869,-0.022230799,2.262166349,1.135916709,-0.264349185,-1.047239529,1.224426597,0.725085633,0.305510797,0.051005859,-0.122700047,0.184142509,-0.062145012,0.428650649,-0.819860801,1.101165512,-0.213352652,0.560147936,2.575675756,6.117094976,1.637433347,2.066240637,0.912141077,10.98172753,1.615324885,1.794024233,6.512824633,3.725435568,0.97886965,1.201041253,2.927956833,2.771998739,3.648504388,1.248245376,1.046701803,1.527194045,1.751414797,2.433116749,2.258755899,4.074551327,0.711944052,4.02491653,1.666666667,1.466666667,2.333333333,2.133333333,1.133333333,0.733333333,3.6,1.133333333,2.266666667,1.733333333,0.2,5.8,1.533333333,1.8,1.666666667,3.6,0.866666667,1.533333333,1.533333333,1.6,6.933333333,2.133333333,0.4,0.8,5.466666667,2.733333333,2.466666667,3.066666667,3.6,1.4,4.733333333,4.933333333,4.066666667,3.8,3.466666667,9.266666667,6.333333333,2.933333333,2.733333333,4.8,5.333333333,2,2,2.866666667,12.06666667,3.6,3.266666667,1.066666667,2
2.900731689,1.864083838,0.916311381,0.565613549,-0.015366379,4.078428256,0.068010755,0.659601102,3.094514932,1.647311888,-0.9494097,-0.397147523,0.704452325,-0.216043404,2.566082398,-0.024431269,0.079752817,0.29843332,0.378118897,0.726176785,-0.152323869,-0.386543824,-0.104838705,2.194552378,2.767852159,2.385982315,0.623218399,1.093800969,1.322954274,2.209849425,0.139816626,1.157236909,3.383023833,1.526772824,-1.02153451,-0.51657154,0.496663788,0.545317016,0.218237636,0.306003038,0.144275892,0.259223189,0.334146596,1.04428816,-1.026279758,-0.091317256,0.037194286,1.960729194,4.574336426,3.922560875,1.839151153,2.207356024,2.658333963,7.628106942,0.874214906,1.971419904,5.595708173,5.137290288,0.438915122,1.028313995,1.88972388,2.25166774,3.737008756,1.233906949,1.020601363,1.086044408,1.177048328,1.76106944,0.75542683,1.167919671,0.997385564,4.145878301,2.133333333,4.2,0.333333333,5.2,4.333333333,0.533333333,3.8,4.466666667,1.466666667,5.266666667,0.133333333,2.8,0.4,2.666666667,0.466666667,2.933333333,2.8,5.733333333,5.6,3.066666667,0.266666667,6.533333333,2.733333333,5.2,3.933333333,8.066666667,3.733333333,10.13333333,8.266666667,2.733333333,7.666666667,5.4,4.266666667,9.733333333,1.266666667,3.8,3.533333333,5,1.2,3.333333333,3.666666667,7.933333333,6.066666667,4.266666667,4.933333333,9.866666667,7.533333333,9.533333333,2
1.197473392,2.619967348,0.881514575,-0.324687685,0.497761163,3.298909426,0.045039052,1.024079953,3.633275295,0.798595251,-0.960437801,-1.789403822,0.477789096,1.014024491,0.720947438,0.128783378,-0.070746703,0.871037514,0.575978813,0.894467232,0.758205122,-0.261377053,-0.216067244,1.050628225,1.760210248,1.002009195,1.47464616,-0.25782657,0.291784824,1.347185406,-0.447789456,-0.0030106,4.200960288,-0.127084155,-0.575923252,-2.631757625,1.919159382,0.658451895,0.435648692,0.070008418,-0.133117661,1.723456265,0.818937647,-0.152410362,-0.653764398,-0.100974474,0.247390566,2.77984278,4.130419771,3.408326812,2.862770212,0.327324033,1.364164596,6.234255519,1.802227825,2.167358429,5.760798923,1.790936074,2.829433194,0.031556054,3.028266479,2.402238765,3.634436016,1.218017138,0.923340128,2.677215589,1.730808054,1.900874489,2.000958095,2.295426889,0.907042814,3.877003738,6.533333333,0.466666667,1.866666667,3.066666667,1.933333333,0.466666667,5.4,0.733333333,2.6,0.4,6.133333333,0.133333333,4.266666667,0.4,1.933333333,3.066666667,0.666666667,4.133333333,6.666666667,0.533333333,1.533333333,2.733333333,5.066666667,6.133333333,6.8,0.933333333,2.4,3.2,2.333333333,0.866666667,5.666666667,0.866666667,2.866666667,0.466666667,6.2,0.4,4.666666667,0.466666667,2,3.466666667,1.2,4.666666667,7.133333333,0.6,2.066666667,3.2,5.133333333,6.666666667,2
2.542740985,2.662882759,1.028989241,0.269971084,0.1647274,4.948678368,-0.24747062,0.957992262,3.9797415,1.257387848,-1.615375251,-0.889772164,1.268019217,1.028008106,2.391988507,0.111372692,0.082006045,0.341802287,0.480806238,0.310744859,0.368458072,-0.516614842,-0.15660085,2.929216333,2.616361106,1.204463297,0.856450269,0.955502065,-0.099739095,1.753392639,-0.165666725,0.365180896,2.803286865,0.870963363,-2.342108401,-0.758191278,0.782241922,0.41981763,0.474296765,0.201970352,-0.062560961,0.101331113,0.102203501,0.026248428,-1.41628809,-0.658131363,-0.320357472,1.963521713,3.694091564,3.946744086,2.007909074,1.95453857,0.725243677,7.467842627,0.700014295,1.834053602,5.537222088,2.570699798,-0.766488046,0.6498974,2.130398921,1.956150283,4.390222186,0.893866181,0.827137285,0.919590449,1.012998432,1.260718832,1.818910286,0.667145678,0.349761128,4.605790549,1.133333333,0.466666667,1.533333333,3.4,2.466666667,0.533333333,3,0.666666667,1.733333333,1.4,0.133333333,6.866666667,1.866666667,2.466666667,0.466666667,1.2,3.066666667,0.333333333,2.133333333,2.333333333,0.266666667,3,0.133333333,0.466666667,6.733333333,2.2,5.066666667,9.066666667,5.466666667,1.6,6.333333333,1,4.066666667,5.4,5.8,12.8,3.333333333,3,0.733333333,5.4,5.6,1.2,3.266666667,3.866666667,0.333333333,5.2,3.266666667,1.2,2
1.062662423,1.914985576,0.993929634,-0.119208095,0.16587244,3.418385999,0.108185111,0.606807881,2.383155269,0.917835493,-0.805701833,-0.336917587,0.944733518,1.001349176,1.633571331,-0.182914942,0.430664888,0.506928277,0.308723126,0.525187873,-0.16846603,0.397459635,-0.129174122,2.373272381,0.501504878,1.514038724,0.956007017,0.077025337,0.179948223,2.638350696,-0.264345108,0.225740774,1.433168624,1.201117797,0.093137264,0.552652652,0.883801642,0.304575553,0.849225288,-0.156175083,0.294205924,0.616954262,0.026282239,0.163611865,-1.990637722,0.342459654,-0.175602517,3.110172236,2.198993414,4.668461194,1.748577493,1.184745214,1.014931827,6.563660138,0.771540691,1.78220237,4.197980356,2.675092191,1.583456737,1.953900844,1.984266778,2.617113206,3.759475744,0.576914686,1.838175887,1.866003304,1.067899788,1.847283156,1.201284794,2.545174407,0.358271693,5.26455335,2.133333333,1.6,2.266666667,5.133333333,1.666666667,1.8,6.733333333,1.8,1.666666667,2.333333333,6.933333333,6.6,2.133333333,2.2,1.666666667,6.866666667,1.6,1.6,2,2.266666667,0.4,6.733333333,0.066666667,1.733333333,2.6,2.466666667,6.6,8.733333333,1.733333333,2.866666667,11.66666667,2.333333333,2.666666667,2.8,10.73333333,10.66666667,5.733333333,2.866666667,2.133333333,7.733333333,4.8,3.666666667,2.333333333,5.666666667,0.533333333,7.2,0.466666667,4.2,2
1.735125122,1.536620786,0.619227981,0.127904293,-1.411247759,2.106676954,-0.079660108,0.149298321,2.063242071,-0.258045504,-0.314600088,-0.73572309,0.48032656,-0.689295891,0.533526783,-0.077985342,0.087198897,0.273776445,-0.015290862,0.09220657,-0.337926187,-0.618095446,-0.204535531,1.537287326,1.304119048,0.524308152,0.446453393,0.090591675,-2.102648761,0.423542407,-0.18809144,-0.033492291,0.453008417,-0.728886079,0.213143717,-0.271872716,-0.17784706,-2.393810021,0.431217387,-0.014835215,-0.017297034,0.021171642,-0.147354879,-0.006888404,-0.766189321,-0.947799738,-0.403455692,0.641433672,3.164975487,2.406359723,1.167565386,0.986707229,-0.629056719,2.971801733,0.623619688,0.754470522,3.268474721,0.528593553,0.836095068,1.004520473,1.107653491,0.094365573,1.472080347,0.784300082,0.91985525,0.664137859,0.488153536,0.760888571,0.410150061,-0.148815194,0.991011619,2.530958453,2.266666667,0.733333333,2.133333333,1.866666667,0.8,0.533333333,0.066666667,0.4,0.666666667,2.533333333,3.466666667,5.866666667,0.8,0.4,0.466666667,6.933333333,2.466666667,0.866666667,2.266666667,2.4,0.333333333,0.133333333,6.8,0.533333333,3.333333333,1.2,2.466666667,2.4,1,0.6,2.133333333,1,0.733333333,2.666666667,5.133333333,10.53333333,1.266666667,0.733333333,4.066666667,8.266666667,5.333333333,2.866666667,3.466666667,3.333333333,5,1.2,11.6,0.666666667,2
1.691090147,2.570089121,1.243554272,1.046376218,0.351285847,3.449459931,-0.434545788,0.722262852,4.553144763,0.632464104,-1.115408486,-0.969926579,1.126208018,0.196013982,1.129563789,0.251976478,0.216787031,-0.03928101,0.38769144,1.100407583,-0.41465628,-1.257410257,-1.156959856,2.086773866,3.050722236,1.106444079,3.295507952,0.698375538,-0.299742365,5.656873452,-1.067626577,0.69645626,7.338721376,1.004574679,-0.465011552,-2.171287881,2.251545337,-0.278527418,0.432738025,-0.041549184,-0.073838478,1.20987127,0.263382685,0.478231276,-2.035918647,-0.966799011,-1.376722806,6.180264614,7.328706015,4.270735804,5.125553612,3.22020076,1.632421227,10.96910012,1.838225817,1.872948351,11.41284894,3.977598447,2.593272569,0.812502795,4.595009123,1.942371933,3.610052892,1.538899569,1.497070045,2.293401366,1.647345202,2.428541522,1.588864287,0.044382626,-0.317830838,7.902816557,6.533333333,2.133333333,4.533333333,1.4,2.4,2.666666667,2.4,2,2.8,2.4,6.8,0.066666667,5.733333333,2.133333333,2.333333333,0.4,2.266666667,6.066666667,2.133333333,1.2,0.333333333,3.133333333,0.066666667,3.133333333,6.8,2.333333333,4.6,1.8,2.866666667,3,2.666666667,2.466666667,3.333333333,2.533333333,7.266666667,0.2,5.933333333,2.266666667,2.666666667,0.866666667,2.466666667,6.6,2.2,1.333333333,0.666666667,3.266666667,0.333333333,3.666666667,2
2.007298388,2.927608754,1.126518407,-0.047933766,0.418571221,2.738657219,0.081144628,0.739982539,3.525521628,1.21087645,-1.84343582,-0.898073108,1.249074957,1.194810213,0.865862414,-0.073403013,0.538484363,-0.073355489,0.307393699,-0.253187361,0.201875996,0.057452894,-0.346606887,1.126374234,0.468261282,1.584257099,0.840746081,-0.034549896,0.392992636,1.279134645,0.859173838,0.516096239,2.140790304,0.810349779,-2.062042235,-2.90343649,0.448177717,0.300264851,-0.679750362,-0.085412653,0.527456731,-0.528631628,0.157174853,-0.511591966,0.702622962,1.187243989,-0.427003836,1.048166514,3.79607769,6.222769816,2.706286528,1.3717189,2.353271528,6.057021965,2.147695672,2.247073781,5.912542083,2.725754908,1.507417185,0.767410426,2.571996169,2.51735466,2.204626473,1.603253807,1.395506002,0.978899296,1.345267368,2.060619421,2.120621119,3.4213621,5.297454265,2.836473893,1.6,2.133333333,0.6,3.666666667,6.666666667,0.666666667,6.466666667,5.933333333,1.466666667,1.6,7,0.133333333,0.533333333,0.466666667,0.466666667,2.4,0.6,5.533333333,2.133333333,2.066666667,4.4,3.933333333,6.533333333,0.666666667,2.466666667,3.266666667,2.066666667,4.333333333,7.933333333,3.933333333,8,9.533333333,3,4.533333333,12.46666667,0.333333333,0.8,3.733333333,0.933333333,2.533333333,1.266666667,8.866666667,5.6,2.666666667,6.066666667,6.533333333,11.73333333,0.8,2
0.992674975,2.08724681,0.447181565,-0.014485867,-0.03944055,2.792072197,0.042429502,0.361073942,2.58917584,0.001972977,-0.482880296,-0.981776047,-0.101326733,0.149735841,0.251788229,-0.067861835,0.169280583,0.017369472,0.091271042,0.262750899,-0.045006671,0.107121313,-0.04639544,1.189273819,0.372821856,0.359766824,-0.029764742,-0.016620201,-0.282853465,0.107459288,0.062130667,0.157127329,0.756314226,-1.119754029,-0.827762463,-1.619984444,-0.881886214,-0.920416326,0.040666491,-0.312764789,-0.163971109,-0.195550168,-0.288331816,-0.18513658,0.006242286,0.080368398,-0.00711807,-0.139736451,1.551733291,2.973873887,1.44785649,0.437640134,0.701560158,4.768464639,0.84020766,0.802684616,3.508376685,0.750904087,0.044629525,-0.175612175,0.541751282,0.64931054,0.817518283,0.352085238,0.485392514,0.536515762,0.577931763,0.629200319,0.595833764,2.47975085,0.284481159,2.197897245,1.666666667,0.4,0.333333333,3.733333333,1.933333333,0.533333333,5.6,0.266666667,0.866666667,0.4,6.866666667,0.066666667,0.4,0.933333333,5.8,1.066666667,2.333333333,0.333333333,0.666666667,0.333333333,5,5.466666667,5.266666667,0.4,2.333333333,1.066666667,0.4,5.6,2.8,0.666666667,10.93333333,3.533333333,2.333333333,0.533333333,12.13333333,0.466666667,0.933333333,1.333333333,9.933333333,3.733333333,6.733333333,2.533333333,1,1.666666667,8.8,9.6,10.26666667,0.533333333,2
2.790693546,4.023149021,1.486976026,1.185575,0.081094823,3.282646863,-0.183091896,1.012849164,1.52511662,1.041796239,-0.48570231,0.317945803,1.236683307,0.404317628,2.162612639,-0.468680537,0.964430893,1.409468184,0.735048418,1.170688331,-0.271666015,2.407998509,3.559635736,4.582443975,2.508097703,2.567957398,1.999939057,3.914771465,-0.085148261,2.565799759,-1.186828813,0.131785057,1.27365051,1.097027277,-1.23187131,3.330321164,1.760693067,-0.052072661,-0.058810539,-0.188174813,0.342271924,1.303245949,0.308348205,0.185220312,-1.001883771,1.150969907,5.291482573,3.037128602,5.572395586,6.148185801,2.509171409,5.523582628,0.59703659,4.641733438,1.368682187,1.811765545,2.674329457,2.827047044,0.614434157,3.953675508,2.714737225,0.738338586,3.415945603,0.495577948,2.053764577,1.903208282,1.736571689,1.957738733,0.511743088,4.971870618,9.791302373,5.852414791,2.066666667,2,2.466666667,2.2,1.6,2,0.533333333,0.4,1.6,2.2,0.133333333,3.6,1.933333333,1.933333333,0.666666667,0.2,1.933333333,1.666666667,2,1.666666667,0.266666667,2.2,2.066666667,1.4,3.6,3.4,6.466666667,5.8,1.8,3.6,0.733333333,0.733333333,3.266666667,3.933333333,1.533333333,3.733333333,5.066666667,2,1.066666667,1.533333333,2.266666667,5.6,2.6,2.2,1.133333333,3.466666667,4.733333333,5.933333333,3
1.391355873,1.922198521,0.968434166,1.710002649,0.064707146,3.216952661,-0.315848276,0.282363087,1.351971655,0.789244259,-0.970062318,0.734083217,1.119375934,0.250179508,2.381004709,-0.382382158,0.70903963,0.793650963,0.334516935,0.265569145,0.202009714,1.874615015,3.874049793,2.446359664,0.031686421,0.226196761,0.392335188,1.229981276,0.157073714,1.409943495,-1.232006474,-0.087878553,0.187407652,0.114993171,-0.738057102,1.598244537,1.051168153,0.276166436,-0.608925531,-0.007582309,0.169755453,0.259484492,0.05632788,-0.098414101,0.133958227,-0.122949275,2.769349504,0.663995831,2.250247655,2.780679565,1.57116949,3.366487048,0.969920042,4.135883506,0.745030756,0.794273573,1.917559527,1.466619923,0.950731559,2.213348119,2.137275857,1.002717061,4.059858563,0.348365529,1.186418878,1.280258839,0.840987714,0.797737515,0.802783689,3.336736849,6.753070146,3.510532001,0.466666667,1.866666667,0.533333333,2.266666667,6.2,0.6,0.333333333,1.733333333,0.666666667,1.733333333,6.133333333,4.466666667,1.733333333,4.6,0.6,3.466666667,1.733333333,1.8,0.4,0.733333333,0.266666667,1.666666667,1.933333333,0.466666667,1.933333333,2.733333333,2.733333333,5.133333333,10.8,2.866666667,0.533333333,3.133333333,2.666666667,2.333333333,12.46666667,5.266666667,4.866666667,6.466666667,1.8,5.533333333,7.2,4.266666667,4,6.533333333,0.733333333,4,5.066666667,2.333333333,3
0.645243627,2.753281463,1.084098937,0.839823828,0.194924874,1.86083874,1.037809001,0.319823273,0.956337798,0.419947764,-0.544937318,0.601319499,0.655751742,0.310080141,2.232914665,-0.280302036,0.546042695,0.51322055,0.523741139,1.134719638,0.151741908,3.913845264,3.567272503,1.555183667,-0.779930739,1.629536358,1.15489231,3.422182679,0.008126812,1.21952182,0.423443445,-0.009791261,-0.070246358,-0.048539081,-0.395189411,1.088274353,0.933999677,0.594023835,0.133690446,-0.207069222,0.315624398,0.290545156,0.25302437,0.664649708,0.053584436,3.781951606,3.487109788,0.676515405,1.753505298,3.883974999,2.407499202,4.870902661,0.544572276,2.845030157,1.978777474,0.765887847,1.838392543,1.314121502,0.120140176,1.611838401,1.347772678,1.150140046,3.590304617,0.201218072,1.152208655,1.01680364,1.107053025,1.665919387,0.850620405,7.50533248,5.665158671,2.793180562,1.2,1.2,2.6,3.266666667,0.666666667,1.4,1.4,0.8,2.466666667,1.2,3.866666667,3.866666667,5.066666667,4.933333333,0.866666667,5.466666667,0.6,1.266666667,2.6,1.2,0.333333333,2.533333333,1.333333333,2.333333333,1.8,5,5.4,7.133333333,5.066666667,4.6,2,4.266666667,4.4,1.6,6.466666667,4.266666667,7.533333333,9.666666667,1.733333333,6,3.533333333,4.2,4.266666667,5.533333333,1.8,2.6,5,3.333333333,3
3.011379666,5.884720762,2.842684479,5.808068825,0.218930881,7.00789209,0.689008262,0.800066571,2.960944382,2.661597521,-1.108765764,-1.1640319,1.5315159,0.357092187,4.198943253,-0.608586385,0.541999303,1.68598506,0.809502733,2.559955993,-1.510914947,3.002700583,3.195150103,4.864278148,3.82192128,3.826793277,2.168978459,6.966609158,-0.488738077,3.834002471,0.330279469,0.045090509,3.071626343,0.145179841,-1.179298273,1.707523151,1.81816259,-0.045281578,-0.041961436,-0.249205154,0.050832293,2.168362665,0.078335953,1.125400395,-2.776955039,2.724192186,1.975820118,4.06084909,6.899460846,10.34313738,5.124761634,10.61083996,1.40088876,12.8151141,2.502078742,3.413609072,7.284818966,4.668335736,0.887113974,3.083315586,4.561158096,1.455025269,9.250044619,1.037295498,2.636431656,4.114626906,2.422988171,4.299930338,0.429919128,7.493358868,7.708154265,7.281637283,7,2.466666667,6.133333333,2.266666667,0.8,6.266666667,1.133333333,6.333333333,2.533333333,2.333333333,5.866666667,3.866666667,6.133333333,3.466666667,6.266666667,5.333333333,6.266666667,6.266666667,2.4,0.666666667,0.066666667,1.2,0.533333333,0.533333333,8.266666667,3.733333333,7.4,3.533333333,2.066666667,7.533333333,2.4,7.6,3.8,3.6,7.133333333,5.133333333,7.4,4.733333333,7.533333333,6.6,7.533333333,7.533333333,3.666666667,1.933333333,1.333333333,2.466666667,1.8,1.8,3
1.627664922,2.27803938,0.772670308,2.001389088,0.23115106,2.516909697,0.8724391,0.254438339,1.184694732,0.481538391,-1.399219594,0.152258444,0.666594922,0.345240011,1.505349867,-0.25455723,0.485377888,0.436433606,0.501977988,0.474502854,0.049748321,2.463372348,2.52445578,2.338959272,0.765639628,1.469089002,0.338594592,3.754285239,0.362697769,1.196914602,1.159208632,0.022995552,0.906462566,0.368427576,-1.832477025,0.486998961,1.329770104,0.61970111,0.205850021,-0.257012977,0.115535154,0.296616935,0.315242012,0.059804388,0.097964994,3.888936005,2.109046767,1.104539386,2.437055808,3.687673596,2.010151211,6.350669945,0.933322431,4.319760897,3.397537184,0.917001658,2.025687792,1.348670014,0.204427627,1.035711691,2.227305437,1.133735487,3.314487347,0.452534508,1.252257272,0.773684245,1.363306992,1.0640025,0.809437412,9.151289333,5.33635502,3.474207554,1.2,1.8,0.6,2.466666667,6.333333333,0.533333333,2.466666667,1.4,1.133333333,2,4.8,4.666666667,2.733333333,2.4,0.866666667,3.866666667,2,4.733333333,2.733333333,2.533333333,2.8,2.466666667,0.666666667,0.666666667,3.733333333,4.333333333,3.6,3.4,7,2.066666667,2.933333333,1.533333333,2.866666667,3.6,8.333333333,10.46666667,8.466666667,4.666666667,0.933333333,6.266666667,7.266666667,5,8.466666667,7.933333333,6.4,5.2,2.4,2.666666667,3
3.338790723,4.135109432,1.252495474,4.337421367,0.006146515,3.636445387,1.065211799,1.088663106,1.734195192,1.345825199,-0.798303459,-0.291469956,1.509071091,0.711083512,1.019016109,-0.354569564,0.742612855,1.332501209,0.860274691,1.794918151,0.415693118,4.547903592,4.589593644,4.034819104,1.681008594,3.385434062,0.230283666,4.515674619,-0.512181556,-0.938119284,0.744742146,0.001283199,0.27186685,0.339155856,0.595740622,0.056586367,3.556857916,0.707666439,-1.242334469,-0.004171544,0.415202684,0.92720921,0.485117418,0.683472749,0.291139356,3.267915723,6.955387604,-0.010752743,4.698380575,7.008694061,2.156008873,7.053464313,0.823831064,7.060600302,2.310261459,1.859921131,3.352443206,2.843486933,1.549404962,1.444598021,6.167447082,2.696113548,3.269615106,0.621799697,2.074660234,2.667572283,2.393265032,2.733441486,1.536747419,7.919310149,11.34256407,7.551135148,1.466666667,2.733333333,0.4,1.6,2.8,0.333333333,2.733333333,6,0.4,2.6,3.466666667,6.466666667,2.666666667,5.933333333,0.666666667,0.266666667,2.733333333,0.6,4.933333333,1.133333333,6.6,0.866666667,2.866666667,0.466666667,6.533333333,2.933333333,0.933333333,4.733333333,7.8,0.4,3.8,11.06666667,0.8,3.666666667,9.066666667,11.06666667,5.933333333,6.4,1.466666667,1.266666667,4.8,2.533333333,5.333333333,6.2,11.46666667,1.866666667,8.466666667,0.533333333,3
4.693483561,4.168097178,1.712414613,5.964472638,0.230960179,6.174623123,1.112477658,0.644804186,2.44323782,0.821915249,-0.069712902,-0.397265909,1.226069495,2.593151015,3.363794514,-0.793588936,0.599082249,0.648481722,0.820043864,0.593729895,0.329908985,2.965157738,2.075559898,5.257915322,2.513717783,2.330082427,0.565715628,3.176021243,1.04325722,1.26971184,0.799509715,-0.137775722,1.394054635,-0.167267755,-0.631220453,3.526600682,1.24816188,2.103026034,0.284230303,-0.549388426,0.391157144,0.260074615,0.056702463,-0.282563387,0.351382256,4.092597688,3.419164135,2.133234985,7.362237763,7.177231237,3.523288909,10.47781534,2.796615043,11.04127661,4.120564679,2.113518553,5.355048734,2.48510346,1.192383594,4.883355743,2.646208824,5.207323786,5.98026459,0.473828187,2.178800585,1.782689198,1.988269199,1.811358857,2.037550746,7.230283473,6.850687915,7.74763812,1.266666667,0.6,1.6,1.333333333,3.333333333,0.6,0.6,2.4,2.466666667,0.533333333,0.466666667,4.066666667,1.6,1.6,0.666666667,5,0.6,1.4,0.6,0.8,0.466666667,0.6,2.666666667,0.533333333,2.933333333,2.066666667,3.333333333,2.466666667,6.8,1.4,1.933333333,3.733333333,2.6,2.333333333,5.666666667,5.866666667,7.4,4.733333333,1.2,6.866666667,2.666666667,4.666666667,5.466666667,1.066666667,3.333333333,1,6.2,2.066666667,3
1.292341871,1.08968438,0.396254248,3.854582628,0.015062386,3.190870297,0.667651274,0.085258148,1.128607166,-0.423395215,-0.430377663,-0.247423918,1.007475445,-0.397489096,-0.487759753,-0.233215978,0.14129935,0.094442978,0.403122902,0.233779624,-0.648105182,1.835935356,0.426170108,1.907867863,0.950126668,-0.652619845,0.167270205,2.589419299,-0.067055791,0.06182191,0.970957017,-0.156220249,-0.190575572,-0.805323804,0.17215229,0.929548885,0.72841091,-0.632268361,-0.886979136,-0.348771316,0.149111962,-0.278895236,0.072561152,-0.631176338,-1.293110223,3.053649383,0.372911337,1.082081272,2.466772597,3.026378676,1.032621063,6.133772869,0.789998363,6.561958954,2.411143886,0.697761809,2.567368992,0.609470649,2.106730844,2.235326061,2.078547719,0.316801247,0.994390083,0.425355861,1.000486242,1.080927296,0.995924664,1.657401058,0.053176773,6.651759718,1.144479841,4.242284829,0.733333333,0.666666667,0.8,1.6,3.533333333,0.533333333,2.466666667,1,0.666666667,0.466666667,6.2,5.466666667,0.6,0.333333333,5.666666667,4,3.133333333,0.6,0.6,0.733333333,0.533333333,2.466666667,0.8,0.6,2.466666667,1,6.933333333,4.6,3.666666667,1.2,6.6,2.066666667,1.4,5.266666667,11,9.2,3.466666667,3.2,11.46666667,4.866666667,6.733333333,0.933333333,2,1.266666667,1.333333333,7.733333333,3.666666667,1.2,3
1.04575268,1.818429114,0.978444377,1.969051475,-0.182058218,3.046817813,0.424258691,0.336453287,2.656364597,0.51336345,-0.094898733,-0.552710453,0.565639656,0.186934861,0.732857368,-0.158024255,0.16851554,0.328166953,0.269779791,0.07682865,-0.546545862,2.317209078,1.93027228,3.409016664,0.204413084,0.015111196,0.478219584,1.389881053,-0.418376935,0.735314712,0.073507084,0.087640294,0.94740322,0.12341153,-0.492419123,0.515862246,0.125292442,-0.202598952,0.314929386,-0.074827126,-0.089666808,0.011889178,0.175954219,-0.13139294,-1.320816312,0.868807951,1.456516089,1.294918041,1.892770008,3.594334074,1.722217565,3.180611694,0.261130019,4.834394118,1.656576146,0.764936006,3.561010392,1.225404277,0.265233408,1.016220748,1.091358865,1.09821979,2.051084318,0.655765309,0.860033399,1.002178975,0.999489081,0.636717313,0.499581107,5.128404668,3.952053194,5.416825173,1.066666667,0.6,0.466666667,1.6,4.866666667,0.533333333,0.733333333,1.666666667,1.733333333,0.533333333,0.333333333,4.533333333,0.533333333,0.466666667,0.533333333,2.333333333,0.6,0.666666667,1.133333333,0.666666667,0.333333333,0.6,1.6,0.533333333,1.533333333,1,2.8,3.866666667,5.133333333,1.6,0.933333333,7.6,3.466666667,1.866666667,0.4,6.8,0.8,3.066666667,4.266666667,2.666666667,1,0.8,1.333333333,1.266666667,0.4,1.133333333,3.533333333,1.466666667,3
0.853615941,2.067370045,0.563076753,1.71702752,-0.380709335,2.442930193,3.394124066,0.335082396,0.898055337,0.40349062,-1.030332931,-0.205041576,0.633662855,0.262099597,1.079125011,-0.179808144,0.879245189,0.599812053,0.205212208,0.022914296,0.235619082,3.962618856,2.967055687,2.924206834,0.102283672,0.018736203,0.14170992,1.710855025,-0.342974661,0.489538046,1.549845962,-0.104250262,-0.527473224,0.050250471,-1.212555439,-0.082147061,0.784641143,0.055321213,0.206448668,-0.023544682,0.245656187,0.114435959,-0.059664219,-0.264790199,0.030401067,3.194559994,3.11345308,0.70003743,1.488850209,3.195808762,1.600253646,4.690692952,0.391656907,4.532852836,5.44357704,0.815346145,1.95996712,1.104058481,0.145214089,1.063499639,1.324954229,1.328049377,1.976474457,0.614506171,1.984319727,1.242142767,1.069982535,0.66428959,1.331533346,9.046671445,5.579987386,4.329459303,0.866666667,0.466666667,0.4,5.466666667,2.733333333,0.466666667,2.133333333,0.333333333,0.666666667,2,0.066666667,6.733333333,4.4,5.933333333,0.4,6.933333333,2.133333333,1.866666667,2.266666667,1.466666667,0.333333333,2.2,0.866666667,0.466666667,2.8,2.266666667,0.8,6.133333333,5,4.933333333,2.866666667,2.2,1.4,3.4,6.266666667,12.2,9.866666667,7.466666667,1.733333333,13,3.733333333,2.6,4.133333333,2,4.333333333,2.533333333,5.666666667,2.133333333,3
0.620208041,0.331156413,0.230046677,-0.185746828,-0.120764092,1.730103336,-0.473216089,0.197671026,0.748684735,0.407059755,-0.696792977,-0.654507675,0.33213618,-0.178436782,1.053255079,0.046386417,-0.016630597,0.176368697,0.079471,-0.098433023,0.272196396,-0.592833777,-0.438327009,0.410331323,0.33115792,0.590175165,0.0433737,-0.340967474,0.391601702,0.905714428,-0.755343039,0.394739358,0.455709799,0.524275823,-1.68286418,-0.629690743,0.614969748,0.591855635,0.308911367,0.176038719,0.121128737,0.322837647,0.331825925,0.29617884,0.727774559,-0.650344101,-0.642589752,0.145074126,1.086043483,1.70088589,0.765367389,0.289481245,0.988391002,3.460762585,0.109725649,0.820058715,1.278768697,2.15382608,0.266029369,0.082323507,1.118870308,1.143416683,1.772760078,0.588343914,0.475982031,0.84486481,0.620487977,0.941841082,1.632933199,0.646152757,-0.119630844,1.319046865,0.333333333,5.466666667,0.266666667,0.466666667,3.933333333,5.333333333,2.333333333,3.933333333,5.533333333,5.866666667,0.066666667,0.066666667,5.466666667,3.933333333,0.533333333,4.2,4.4,4,4.333333333,4.2,3.4,2.333333333,0.333333333,0.333333333,3.533333333,10,1.133333333,2.466666667,9.133333333,8.666666667,4.333333333,4.133333333,10.46666667,9.6,0.133333333,3,6.533333333,8.6,1.933333333,5.666666667,8,4.4,4.866666667,6.066666667,5.733333333,4.933333333,0.4,6.533333333,4
0.7472131,0.663471406,0.380249935,0.132503202,-0.037211708,2.017782898,-0.29743735,0.030015611,0.632871211,0.674104915,-0.712151682,-0.795689104,0.710977355,0.469063425,2.137582016,0.139905152,-0.150172297,0.555572666,0.13949051,0.170642309,0.153350597,-0.639447481,-0.200200382,0.726955678,0.588699275,0.699596867,0.610765361,0.416460135,-0.246789399,2.109217038,-1.252073889,0.438680438,-0.349700238,1.656658364,-1.232004605,1.855593144,1.143762137,0.336171882,1.642541049,-0.061567502,0.41774298,0.964658133,0.499520518,0.693746855,-2.332739282,-1.168830195,-0.216074308,0.725462136,2.049159685,4.519462031,1.391143635,1.56574938,0.557165913,4.122288137,0.294443046,1.675352794,1.384025542,4.776183734,0.136381917,6.328581933,1.993736521,0.971372399,4.179286842,0.806600527,1.331320144,2.005013543,1.232794017,2.470512955,1.408967944,-0.070480746,0.364097396,1.833896022,2.4,2.4,4.6,2.466666667,1,2.4,0.2,2.866666667,0.533333333,2.6,0.2,6.4,2.8,0.266666667,2.4,0.066666667,2.4,2.2,2.4,2.466666667,1.4,1.666666667,4.2,6.533333333,3.6,3.266666667,5.2,2.733333333,1.066666667,6.666666667,2.533333333,4.2,1.266666667,3.6,3.8,8.866666667,5.533333333,0.466666667,5.933333333,4.666666667,5.333333333,5.066666667,4.066666667,4.2,1.666666667,2.533333333,7.133333333,9.6,4
1.878492518,4.372297856,0.452203066,0.020625257,-0.03117533,6.264770696,-0.684648667,1.823814026,6.615781856,3.320473931,-0.982382658,-1.38427319,0.802885838,-0.103949295,0.680895309,0.11590633,0.293314376,1.448519881,0.265715384,0.76554705,-0.55378757,-0.939275735,-0.453896555,2.804582005,1.84416341,3.380029508,-0.467589392,0.98745538,0.080972625,0.288115506,0.223566354,0.397495571,3.428230523,2.322189471,0.108000856,0.753838919,1.42845269,1.566540799,-1.634742443,0.188488122,0.435596022,-0.167694628,0.937819297,0.136862998,-0.617952814,0.995278863,-0.191353951,0.618737619,3.923209785,6.989620603,2.003321357,2.344413584,2.472791015,10.89807742,2.513306743,3.041520281,8.06705705,4.601233615,2.096965231,2.128371057,3.453652472,2.912447927,2.685288286,1.395319728,2.253988149,2.594708761,2.177194743,1.817873785,0.875340831,5.679716553,0.589396498,4.594473986,2.133333333,1.333333333,0.333333333,3.666666667,7,0.333333333,0.4,0.6,0.866666667,0.866666667,5.866666667,3.933333333,3.266666667,3.8,0.533333333,4.533333333,1.133333333,1.066666667,3.333333333,1.933333333,0.333333333,3.733333333,3.733333333,0.733333333,3.733333333,1.8,0.4,7.333333333,10.6,0.4,2,0.8,1.933333333,4.4,9.066666667,5,5.333333333,6.133333333,0.733333333,4.866666667,2.333333333,1.2,5.466666667,2.6,2.666666667,5.733333333,5.6,0.8,4
0.716584935,0.836196621,0.336530139,0.073442912,-0.428365473,2.669471742,-0.190074464,0.046902064,1.247916065,0.915711782,-0.942341762,-0.894372116,-0.4799614,0.067949177,-0.06915716,-0.233806376,-0.192362185,0.489240499,0.262908797,-0.450074408,0.120236192,-0.556222522,-0.045886361,1.518221513,0.221696474,0.752399171,0.206016329,0.005229061,-0.552812902,0.772387603,0.049232786,-0.102105118,1.00711153,0.611287398,-1.605297628,-0.716531683,-0.223570553,1.103071553,-1.65807301,-0.116806148,-0.336990723,0.21238003,0.338908712,-0.529164726,0.882881435,-1.08661604,0.107201723,0.669572207,1.436867334,1.951423031,0.943312675,0.882600835,0.381821507,4.992582798,1.379776804,0.803227083,2.191059801,2.024337365,-0.181770621,0.794299189,0.791665406,2.50838575,1.252525125,0.690213905,0.697767934,0.993133532,0.908117871,0.28050153,2.562298834,1.68804948,0.566167899,2.637816158,0.4,0.8,3,6.266666667,2.066666667,0.4,6.533333333,4.666666667,0.733333333,0.4,0.266666667,0.133333333,4.333333333,4.266666667,0.266666667,4.933333333,0.133333333,0.4,1.933333333,4.533333333,6.333333333,6.466666667,6.533333333,1.333333333,1.8,5.2,9.533333333,11.26666667,8.733333333,1.466666667,11.53333333,10.13333333,4.533333333,1.6,1.8,3.333333333,8.133333333,7.933333333,0.733333333,10.26666667,0.666666667,1.533333333,4.733333333,4.733333333,11.8,12.46666667,9.4,4.133333333,4
0.175569397,0.884466897,0.317168951,0.173669743,0.020906988,2.105332441,-0.041792038,0.245184741,1.270838955,0.584583784,-0.067209711,-0.485653766,-0.019445821,-0.189598542,-0.06307304,-0.002907259,0.0575842,0.256340943,0.084936308,-0.149994431,-1.301610587,-1.030390209,-0.012144729,1.401924207,-0.155650395,0.380110232,0.07576468,0.387428901,0.255478839,0.306661861,-0.130890903,0.03254315,0.885635852,-0.292058176,0.128340303,-0.015898023,-0.202221628,0.177392136,-1.018910411,0.184017876,-0.170666434,0.092892609,-0.042672065,0.415011822,-2.116983856,-1.386442299,-0.062786534,1.200980287,0.838912161,2.452539968,0.745545557,0.948646893,0.724089913,3.206850386,1.329536587,1.055197443,2.516920292,1.330754732,0.940802952,1.295135142,0.742157927,1.194740764,0.873060506,0.789092796,0.816843642,0.94854757,0.6916206,1.018581517,-0.445867175,0.436805524,0.285171763,2.707507291,1.666666667,1.4,1.2,4.266666667,4.733333333,1.266666667,1.066666667,1.133333333,1.4,1.333333333,2.866666667,5.933333333,1.666666667,4.333333333,1.333333333,4.866666667,1.266666667,1.2,2.2,6.6,0.266666667,6.933333333,2.133333333,1.2,2.066666667,1.933333333,3,7.533333333,7.466666667,1.533333333,6.333333333,3.333333333,4.066666667,1.8,4.533333333,10.4,2.333333333,6.866666667,2.8,8.666666667,6.6,3.866666667,4.333333333,8.333333333,5.6,12.33333333,3.533333333,1.466666667,4
0.242504021,-0.329334126,-0.105335896,-0.47709775,-0.426308677,1.362505788,-0.274562558,0.10023779,1.642021473,0.143009934,-1.464604573,0.39926144,0.140797633,0.275624142,0.027946621,0.179107382,-0.078436995,0.547093976,0.022814371,-0.130893416,0.225812883,-1.417870613,-0.353280806,0.797832703,0.420661687,0.207121534,-0.320755555,-0.607754672,-0.093068359,0.420215925,-0.216225747,0.286845185,1.457707535,0.376996425,-1.811390802,0.578212093,0.693587433,0.837053376,0.781860622,0.090634529,-0.023546251,0.428051608,-0.100842516,0.599799437,1.312637861,-1.564028362,-0.70334038,1.030270768,1.337142974,2.813301179,0.755981509,0.61680768,1.616615234,3.461272194,0.746711498,1.308674246,3.309557321,1.989898387,-0.006853967,1.197804263,3.50490274,3.862083553,2.101549033,1.01079362,1.18250239,1.315951987,1.39071249,1.824919694,3.210149491,-0.354560316,0.448809422,2.26923813,2.533333333,6.2,0.266666667,6.2,6.133333333,0.333333333,2.333333333,4.2,4.266666667,5.8,6.933333333,3.933333333,5.866666667,5.866666667,2.933333333,6.533333333,5.6,0.333333333,5.866666667,4.2,5.066666667,0.066666667,6.666666667,4.133333333,3,10.33333333,1.933333333,10.26666667,8.066666667,2.066666667,6.266666667,5.4,7.333333333,10.13333333,11.4,5.2,9.933333333,10.13333333,3.866666667,10.93333333,9.6,0.666666667,9.8,7.266666667,7.266666667,2.066666667,10.4,4.733333333,4
1.214945057,0.201244362,0.030361591,0.073476034,-0.057522658,0.804351342,-0.056645431,0.116286915,-0.128751221,0.717949387,-0.74529243,-0.204501803,-0.125318145,-0.071250486,0.126725177,0.12087798,0.073236925,-0.012717907,-0.131869694,0.120029973,-0.360943365,-0.101894923,-0.186586546,1.139094261,-0.154526492,0.500978363,-0.269450743,0.250012546,-0.054765366,-0.187345585,0.013099692,0.355014358,-0.30567781,-0.177305091,-0.659948887,-0.116487866,-0.49207081,0.066693415,-0.418910362,0.083436926,0.226759874,0.144182261,-0.244777009,0.554424877,-0.392733566,0.152815588,-0.145492695,0.509400803,1.890774892,1.044031329,0.48323619,0.732049832,0.418241716,1.757861145,1.152432324,0.727738305,0.555493116,1.268015907,0.127888911,0.276967778,0.588237492,1.05017059,0.791403203,0.529941972,0.668140581,0.507641709,0.185396875,0.80302869,0.087830352,0.957993525,0.305842233,1.652323373,1.333333333,3.466666667,0.533333333,2.533333333,5.4,0.333333333,6.866666667,3.266666667,2.8,0.466666667,0.2,2.533333333,0.266666667,5.333333333,0.4,6.8,5.866666667,4.533333333,0.4,6,5.333333333,5.8,2.466666667,0.2,1.866666667,6.533333333,1.8,4.666666667,7.466666667,1.6,11.33333333,5.4,3.8,0.866666667,1.733333333,5.933333333,2.4,10.46666667,1.066666667,11.93333333,8.8,7.4,3.4,9,9.333333333,9.066666667,6.533333333,3.133333333,4
0.499121922,0.160008682,0.136490462,0.114711727,-0.055568003,1.604082617,0.216837302,0.24058518,1.411888556,0.26912399,-0.812834946,-0.191181668,0.200000787,0.012747487,0.550849056,-0.03190932,-0.034531946,0.315543469,0.045712441,0.179983564,0.271027048,0.797159051,0.742941656,1.107897907,1.614687294,2.229905892,0.405819616,0.334959213,0.403142739,2.291193379,0.041467136,0.730761924,3.131392295,1.38615499,-0.703105938,-1.151954363,1.45415655,0.424068267,0.629272052,0.159387395,0.046194988,0.671443154,1.021544855,0.613024216,-1.554202394,-0.039283637,0.426052978,2.785843427,3.694745555,4.958776306,1.202817308,1.329079174,1.068315653,6.537970322,0.866720258,1.494636201,4.340050442,3.138368358,0.38261603,0.677612484,3.60516491,1.595427803,2.05529963,0.846313938,1.104712288,1.331284325,1.82704197,1.520056563,1.491586507,1.756191594,1.893013796,5.508216107,6.266666667,6.333333333,6.266666667,2.2,3.466666667,5.933333333,4.8,4.133333333,4.066666667,6.333333333,7,0.133333333,4.6,5.8,6.333333333,6.866666667,6.266666667,6.666666667,4.066666667,4.8,0.333333333,0.2,0.2,6.266666667,6.733333333,6.8,6.933333333,2.466666667,3.666666667,6.733333333,5.533333333,4.866666667,4.866666667,6.933333333,7.533333333,0.6,5.4,6.4,7.066666667,6.933333333,6.6,7.266666667,4.133333333,5.466666667,0.466666667,0.866666667,0.266666667,7.066666667,4
1.343839047,2.027998724,0.518065626,-0.208889731,0.058635593,1.180441811,-0.277595909,0.075813428,0.875940837,0.396151073,-1.578989647,-1.774690524,1.651359222,0.778357797,1.033203556,-0.040095787,0.104082074,0.665731657,0.202870053,-0.067607114,-0.218880934,0.132198515,-0.03200371,1.119930283,2.400315936,3.789123624,0.386001521,-0.129522628,0.32872066,0.429665097,0.309086765,-0.20555326,0.590842198,0.672419994,-1.725158878,-2.782201877,4.928747352,1.626241758,-0.928355011,0.138563596,0.348689395,0.945856031,0.02783165,0.246267995,-0.920699898,1.1119006,0.046603444,1.091944535,3.798121981,6.197718863,1.644354965,1.539847524,1.307728714,3.316932234,1.284920996,1.298504126,2.37995608,1.603633751,-0.259266846,0.336546875,6.202992542,3.785357445,2.857765668,1.305359599,1.310065423,2.076974075,0.965774196,1.314978239,0.557843868,3.015682334,0.596794519,2.235516335,2.733333333,2.733333333,2.733333333,5.4,2.733333333,0.466666667,3.733333333,0.266666667,1.4,5.133333333,0.333333333,0.066666667,2.733333333,7,0.533333333,4.266666667,4.733333333,3.066666667,6.466666667,4.133333333,0.2,4.133333333,4.066666667,1.066666667,5.4,5.266666667,4.4,7.6,5.866666667,3.333333333,5.466666667,3.333333333,2.266666667,6.8,3.8,4.333333333,6.733333333,7.6,0.6,7.6,6.666666667,5.933333333,8.733333333,6.4,4.2,6.066666667,8.066666667,2.666666667,4
0.345018002,1.369676548,0.55569694,0.121069834,0.026642427,1.784553862,-0.397984395,0.184940865,1.080681623,1.183515045,-0.048683128,0.070508799,0.744468509,-0.70480773,0.215913943,-0.028698422,0.153616124,0.367738238,0.128293503,-0.075043657,-0.912764855,-0.730386347,-0.193943348,1.092733206,0.180149792,-0.110500929,0.233812748,0.152948656,-0.050419685,0.966274298,-0.318836652,0.053402786,-0.230562169,0.965883635,0.112911521,0.625098965,-0.499144422,-2.041499656,-0.015677728,-0.307724883,-0.139073831,0.05869945,-0.16126001,-0.574557074,-1.377351422,-0.318194635,-0.27128786,0.534491441,0.800724095,2.889486756,1.150331517,0.677394992,0.362583195,2.88405817,0.274418304,0.765001992,2.289944523,1.964348411,0.556322345,1.014543781,1.963369934,0.770136273,0.951916002,0.441755044,0.881385492,1.096844938,0.638846447,0.991770331,-0.45008329,0.553656827,0.206669475,2.264691882,0.2,0.2,0.266666667,3.066666667,0.733333333,0.333333333,3.133333333,0.133333333,0.333333333,0.266666667,3.266666667,3.666666667,0.133333333,0.133333333,0.2,1.933333333,1.266666667,0.266666667,1.333333333,0.2,0.066666667,2.933333333,2.533333333,0.266666667,2.666666667,1,0.933333333,6.733333333,2.2,5.933333333,3.933333333,0.333333333,1.6,4.4,7.4,7,0.733333333,0.333333333,6.733333333,2.533333333,1.533333333,0.466666667,1.4,0.666666667,0.6,8.466666667,5.533333333,0.733333333,4