-0.057494156,-0.427058492,-0.389464912,0.056668897,0.227171669,0.699764857,0.081764639,0.356638488,-1.063137553,-0.856946348,-0.064349817,-0.356337077,-0.0624953,-0.436600103,-0.058401547,0.361693683,0.354199425,1.468741413,-0.229302141,-0.344005285,-0.168746014,-0.67051502,1.70126943,0.963436102,2.439063935,2.476230027,1.538145563,5.564385199,0.902787604,3.85057347,1.027237723,0.832498385,1.197532165,0.863219567,2.308094526,0.956351121,1.708372019,2.242008495,1.855309939,4.300565232,0.439357033,1.347032012,1.326624697,1.469853211,6.866666667,6.333333333,6.2,2.533333333,1.066666667,6.733333333,4.866666667,4.533333333,6.666666667,6.066666667,3.666666667,0.733333333,5.466666667,5,5.2,5.133333333,6.8,3.066666667,4.466666667,5.266666667,2,4.933333333,7,6.533333333,6.266666667,2.733333333,1.266666667,6.866666667,5.066666667,4.6,6.8,6.133333333,3.866666667,0.866666667,5.666666667,5.133333333,5.333333333,5.2,7,3.266666667,4.533333333,5.4,2.066666667,5,1
0.013944275,-0.236870102,-2.090793694,0.202160965,0.092336713,-0.45847496,0.201603984,-0.567934408,-0.737564588,-0.154736535,-0.042052649,-0.457330166,0.156095347,0.156268494,0.010509876,-0.164586886,0.054965624,0.258849051,-0.032860025,-0.781643449,-0.469398194,-0.567784984,0.357637711,0.343279867,-0.40983712,1.927340948,0.755507925,2.889857645,0.680801603,0.275645777,1.391031788,0.678497374,0.790940143,0.51924186,1.058558319,1.034231132,1.183661138,1.243278252,1.143443163,1.903479705,0.555589916,1.167794577,0.434320506,1.238447594,5.066666667,5.8,0.066666667,2.533333333,4.666666667,5.4,1.933333333,0.066666667,2.933333333,0.066666667,2.866666667,3.2,0.666666667,5.533333333,5.533333333,5.666666667,6.133333333,2.8,2,4.866666667,2.333333333,5.266666667,5.4,7.4,0.933333333,3.8,5.666666667,6.2,2.2,0.866666667,3.6,1,3.133333333,4.066666667,1.4,7,5.933333333,6.8,7.666666667,4.066666667,3.533333333,5.866666667,3,5.333333333,1
0.014216814,-0.10968452,0.008346662,-0.17466653,-0.218442161,0.183953731,0.208881133,-0.258261718,0.398622538,0.27173667,-0.339973543,1.079614736,-0.578008414,0.585214682,-0.324979061,-0.061402922,0.137362166,-1.355287431,0.106092674,-0.700943368,-0.224129661,-0.11734424,0.335989693,0.465346386,3.429640986,0.745621454,0.30728287,2.082365471,0.622257456,0.063445425,1.941854709,0.773144309,0.021762997,1.471582021,0.396466519,1.101258389,1.021906338,1.170525218,0.606390623,0.230237518,0.355913734,0.204600576,0.289294747,0.898226385,5.266666667,6.133333333,4.266666667,0.466666667,4.066666667,2.066666667,1.666666667,0.133333333,2.266666667,1,1.8,0.8,3.933333333,0.333333333,4.866666667,0.066666667,1.066666667,4.933333333,0.4,5.333333333,1.066666667,3.133333333,6.4,7.533333333,5.133333333,0.533333333,5.733333333,3,2.866666667,1.333333333,2.933333333,2.066666667,2.866666667,2.6,4.266666667,0.933333333,5.133333333,0.133333333,2.2,6.533333333,1.933333333,5.4,1.533333333,4.933333333,1
-0.084533213,0.34430756,-0.846697502,0.47268633,0.557072634,-0.775264392,0.190034119,-0.816983552,-0.402052531,0.153397586,-0.334241863,0.693549394,-0.244413683,1.090615474,1.178092622,0.734086566,0.203208505,-0.324440847,-0.1912482,-0.45887961,-0.063940791,1.806196807,0.34932719,0.843305264,2.551688977,2.070893625,1.80385581,2.259238623,0.961658687,2.803955185,1.506652305,1.466831171,1.534874622,1.403088328,1.542770351,2.388946924,2.811732037,1.888044582,1.060976853,1.29977349,0.151620123,1.020683072,0.724194181,3.291640398,4.2,0.666666667,3.533333333,0.533333333,6.2,6.533333333,1.733333333,7,6.466666667,5.2,3.933333333,0.6,7,0.333333333,0.6,0.133333333,5,7,0.8,5.266666667,0.733333333,0.8,5.333333333,0.8,6.266666667,3.4,8.2,7.466666667,1.8,7.733333333,9.2,5.6,4.8,1.133333333,9.666666667,2.8,1.2,1.266666667,6.266666667,9.866666667,2.4,7.866666667,1.466666667,0.933333333,1
0.074731693,1.336208749,-0.299183973,-0.23864351,-0.210094037,-1.096990383,-0.222485067,-0.42656321,-2.063026318,-0.976174843,-0.68563356,4.377833152,-0.473921694,1.840574993,0.137316629,-2.248220867,0.457437188,-1.086695118,0.233537217,-0.411198249,-0.289138377,0.165686303,0.735301682,2.19022447,0.294230171,1.259661671,0.725097816,0.174111558,0.659981844,1.368680875,0.245929755,0.356722651,0.336483003,7.218336481,0.446602678,2.894321373,1.091902932,-0.108232766,0.995998875,-0.308786305,1.871017888,0.315823465,0.498772086,1.501227871,3.066666667,0.533333333,0.6,1.133333333,4.266666667,0.2,0.4,0.066666667,0.066666667,0.466666667,0.066666667,2.066666667,0.8,0.4,0.666666667,0.066666667,0.8,0.333333333,6.933333333,0.133333333,7,0.733333333,4.4,3.266666667,3.533333333,1.666666667,5.133333333,0.533333333,1.2,0.266666667,4,4.4,0.333333333,3.266666667,0.866666667,2.133333333,1,0.933333333,4.666666667,1,7.333333333,1.2,10.26666667,3.866666667,1
-0.033752774,-0.389992032,-0.249565914,-0.232149105,-0.33267692,0.43731505,-0.862763705,-0.976649269,-0.359783608,0.669036519,-0.243556166,1.186249213,-0.768654076,-0.118720858,-0.215321498,-0.511938341,0.238005926,-0.771548351,0.113990949,-0.193593703,0.070427164,0.571923551,0.7588641,1.124520755,2.750466497,2.263536057,0.942100622,5.674949223,0.170939437,5.520755465,1.935584484,2.548665285,1.383743952,2.244805708,5.536230455,1.672877989,2.146530793,3.513777617,1.81889669,3.568167675,1.519989658,4.390799185,1.32268335,3.2779357,5.2,5.8,2.933333333,4.533333333,1.133333333,5.733333333,2.333333333,5.6,0.933333333,6.533333333,3.733333333,1.466666667,5.866666667,4.466666667,2.466666667,5.866666667,0.066666667,2.466666667,4.533333333,5.2,4.666666667,5.8,6.533333333,6.733333333,3.466666667,5.6,1.8,6.466666667,4.2,6.533333333,2.266666667,7.733333333,5.066666667,2.933333333,7.066666667,5.866666667,2.933333333,7.133333333,0.133333333,3.266666667,6.4,6.666666667,6.133333333,6.533333333,1
0.112494495,-0.033501684,-0.69909224,-0.074772956,-0.27794617,-0.75637555,0.073062485,-1.186837466,-0.207234658,-0.049990072,0.115710794,1.174323009,-1.60187963,0.230732529,-0.271375143,-1.1562416,0.063923498,-0.313751306,0.155272225,-0.258531359,-0.099127088,0.212181946,0.369021299,0.47160497,3.056932612,0.675151674,-0.028061179,0.208198668,0.566914355,-0.644646201,1.862532667,0.513932089,0.663125832,1.875659713,-0.413495896,0.934919215,0.359671413,-0.29885062,0.946483522,0.824475732,0.733327171,1.251979617,0.619216458,0.961727321,6.266666667,0.333333333,6.466666667,3.933333333,0.466666667,2.866666667,1.666666667,0.2,6.8,4.933333333,4.333333333,0.666666667,0.133333333,0.466666667,5,0.133333333,3.4,1.933333333,3,6.466666667,6.6,0.733333333,6.6,0.8,7.2,4.2,0.866666667,3.666666667,2.4,0.4,7.066666667,5.6,5,1.133333333,0.8,0.8,5.4,0.2,4.066666667,2.2,3.733333333,7.066666667,6.8,1.066666667,1
-0.049452325,-0.480406129,-0.544060553,-0.091216148,0.0004996,-0.570036569,0.120677411,-0.26049148,-0.294673449,-0.175490911,-0.268109847,0.217900956,-1.768290705,-0.240073788,-0.804730152,-1.188033647,-0.064091691,-0.360168189,-0.094570373,-0.312032194,0.005727695,-0.461222794,0.311967605,0.182091535,5.423964306,0.585869824,0.846132363,1.861624175,0.630542215,0.441022926,3.187476748,0.416764819,1.001357534,0.862827422,-0.935920373,0.571939513,-0.063448259,-0.106074253,1.095235271,2.160169811,0.34116104,5.834877997,0.795012339,0.124928848,2.866666667,6.066666667,2.866666667,0.133333333,5.733333333,6.133333333,1.466666667,2.266666667,3.333333333,0.266666667,6.2,1.133333333,0.133333333,0.2,0.066666667,2.533333333,6.133333333,5.533333333,5.8,2.933333333,2.8,0.333333333,3.733333333,9.333333333,3.8,0.266666667,9.4,9.733333333,3.733333333,5.733333333,4.333333333,2.266666667,6.533333333,2.466666667,3.266666667,3.2,0.6,2.6,9.733333333,9.466666667,9.466666667,3.6,3.133333333,0.4,1
-0.050413947,-0.3333507,-0.026330211,-0.192215267,0.595995009,-0.589777394,0.189064669,0.790751044,0.459128236,0.062977706,0.515532199,0.253006353,-0.47779159,0.51309048,0.117799672,-1.317802673,-0.363234105,2.384487468,0.016560139,-0.78816878,0.014097795,0.310499485,0.53700359,0.383643437,1.341484367,2.357075985,2.424872068,5.92621744,0.761305822,8.612757565,1.767171267,0.899765234,1.620723343,2.404999249,2.008528659,1.845940997,1.950702234,-0.073894,0.37047602,10.54641327,0.70355534,3.559489162,1.091023298,1.94412928,4.333333333,5.733333333,4,1.4,1.8,2.666666667,1.333333333,1.866666667,1.733333333,1.133333333,0.933333333,5.666666667,3.266666667,4,1.8,4.066666667,0.866666667,1.8,2.066666667,3.733333333,2.933333333,3,4.8,7.2,5.4,4.066666667,1.933333333,3.2,3.4,2,3.133333333,2.333333333,3.4,7.6,3.533333333,4.6,4.266666667,5.866666667,2.466666667,1.866666667,3.666666667,3.8,5.2,4.666666667,1
0.089810488,-0.077789069,-0.056881549,-0.845592225,-0.398992334,-0.177877781,0.379848506,-0.459619506,0.237699466,-0.132089771,-0.041335978,-0.773134401,0.101686615,0.39276991,-0.677795069,-0.136275461,-0.037876739,-0.05354015,-0.453692766,0.185459119,-0.204432039,-0.711378673,0.645844093,1.902966708,0.631016559,0.664131331,0.764549465,1.796329419,0.968388301,0.872157838,3.375413546,0.611264411,1.232853652,0.298425568,0.66334789,2.126054934,2.829026613,1.796540688,1.898626792,0.737350025,0.2768408,1.061724856,0.885163499,2.3480096,6.4,2.866666667,0.6,3.666666667,2.933333333,2.466666667,0.6,4.6,2.666666667,0.733333333,2.6,2.733333333,5.333333333,2.866666667,2.8,2.666666667,2.8,2.066666667,0.066666667,0.733333333,0.8,2.8,6.533333333,3.533333333,0.8,3.866666667,3,2.733333333,0.733333333,5.2,3.266666667,1,2.933333333,3.4,5.8,3.533333333,2.866666667,3.266666667,3.333333333,2.733333333,0.733333333,0.8,1.2,3.066666667,1
-0.089613169,3.048112827,-0.015411644,0.435088856,1.386202468,-0.420842358,-0.28349447,0.043756799,0.917097099,0.474407953,0.327428769,0.859434567,-0.281997721,1.190311709,2.272695955,0.816274532,0.47437955,-0.03862223,0.673528693,0.03705885,0.680693574,0.26404063,3.042121307,4.137470794,0.528514405,0.920180261,2.555710383,0.478513351,1.472142901,0.556327343,2.151719754,0.86627064,0.835170216,2.428905714,0.339827245,1.96092734,3.399029641,1.555512666,1.280416828,0.340029722,1.320662319,0.78115667,1.168015144,0.964496754,6.266666667,1.066666667,0.066666667,1.2,1.6,6.666666667,3.866666667,0.533333333,0.466666667,2.266666667,1.533333333,4.4,0.066666667,1.866666667,1.066666667,1.466666667,2.133333333,3.066666667,0.666666667,0.333333333,3.333333333,1.533333333,6.866666667,1.333333333,0.533333333,1.533333333,1.666666667,7.266666667,4.4,1,0.6,2.8,2.266666667,5.133333333,0.2,1.933333333,1.466666667,1.533333333,2.666666667,3.266666667,0.8,1.133333333,4.133333333,1.666666667,2
0.63233257,0.80474453,-0.323586983,0.172283428,0.746681784,-1.069809438,-0.041855915,-0.480367597,-1.110142688,-0.354075013,0.004666607,0.811580494,-0.606990295,-0.192263809,0.527637371,0.045365641,0.156895024,-0.627166608,-0.007674758,-0.190729911,-0.00371028,-0.621862445,2.362482057,1.903695078,0.100901682,0.751532298,1.38883952,2.009187568,0.458616534,-0.033686431,0.577606714,0.94837435,1.06338222,2.368071766,0.127595322,0.67481096,1.811896098,0.695029323,1.283492867,0.002689626,0.913679713,0.765535229,0.766093877,-0.104574215,1.733333333,0.466666667,3.066666667,1.466666667,1.2,4.733333333,2.733333333,1.133333333,4.8,6.4,6.4,2.4,0.4,0.4,0.6,1.266666667,0.933333333,0.533333333,0.466666667,3.266666667,0.533333333,0.333333333,4.066666667,1.933333333,4.466666667,2,1.666666667,8.133333333,7.4,1.666666667,7.866666667,11,11.4,2.466666667,0.733333333,1.466666667,1.8,3.4,1.866666667,0.8,1.133333333,8.6,2.2,3.466666667,2
0.028647635,0.618198876,0.009450327,0.16777237,0.342224555,-0.269682571,-0.511243912,0.036733773,-0.521105251,0.155190301,0.946615073,0.705739268,0.174612112,0.803073743,-0.253051684,0.175407633,-0.018822003,0.238423068,-0.019632435,0.893318215,-0.188327866,-0.143766106,0.513436544,1.595288534,0.708836711,0.781057601,0.925064811,5.622230042,0.81038646,2.360328437,0.296600749,1.316869113,1.687060504,1.689153198,1.749093558,1.705908149,1.97726787,1.295602176,1.699330203,1.66233136,0.756387821,2.901887684,0.835989427,1.086886495,0.8,0.8,0.733333333,0.933333333,1.8,5.533333333,3.066666667,4.466666667,0.666666667,5.133333333,5.6,0.933333333,5.066666667,5.933333333,5,5.333333333,5.133333333,2.266666667,6.333333333,1.733333333,5.8,6.333333333,3,2.866666667,4.733333333,6.133333333,3.333333333,9.933333333,4.533333333,9,1.333333333,9.6,9.8,1.533333333,10.66666667,11.8,9.4,6.8,9.8,3.6,8.333333333,5,11.2,11.86666667,2
0.421436214,1.435497095,-0.09541685,-0.762864291,0.383627816,-1.781271832,0.510712828,-0.717919393,-0.623472851,0.722833004,0.604218687,3.257828297,-0.603753479,1.583126436,-1.067682132,-2.478092571,-0.256519235,-2.912171378,0.309540563,-0.205007438,0.201670294,-1.274782651,1.50859994,2.473134135,2.136326367,0.097357715,1.987835305,-0.537806207,5.35545171,2.290369778,0.806014163,2.117209138,1.631924294,5.16292555,0.064690112,3.197408692,0.821987427,-1.146368015,2.480530116,-0.346167032,1.777648964,0.992098576,0.942922795,0.021671496,0.466666667,0.6,6.533333333,0.2,0.466666667,0.333333333,3.066666667,4.933333333,0.4,1.133333333,4.2,2,0.4,0.6,4.866666667,0.066666667,6.733333333,6.466666667,5,3.666666667,5.6,0.066666667,1.2,2.066666667,12.6,0.333333333,0.733333333,6.4,7.8,11.13333333,6.8,2.666666667,8.6,3.2,3.4,1.333333333,9.4,0.2,13.2,12.53333333,8.333333333,3.933333333,5.666666667,5.8,2
-0.325259732,1.688887262,-0.074659742,-0.499616315,0.472837598,-0.385074459,-0.276702033,-0.482355357,0.346647907,0.172007608,0.094987147,1.734839,1.024799756,0.715753412,0.431274903,0.021305897,0.201532028,0.780632616,-0.091148078,0.365944933,0.124315816,1.06339446,0.582564048,2.846170619,0.393835608,0.056956248,1.79526294,0.574173224,1.797538071,-0.053622142,3.088857085,0.925625245,0.988409083,2.981170375,1.783519353,1.792051599,2.020009798,0.373638545,1.836176526,1.711151378,2.535364908,2.102863012,1.390544478,2.681291347,3.733333333,1.866666667,3.666666667,1.133333333,2.066666667,0.333333333,6.133333333,0.133333333,4,1.8,6.866666667,1.933333333,0.333333333,3.6,1.8,1.333333333,4.266666667,1.066666667,5.733333333,1.8,6.733333333,1.933333333,4.333333333,4.866666667,3.733333333,1.333333333,2.266666667,0.933333333,9.4,3.4,5.4,2.266666667,7.2,2,0.4,6.8,1.866666667,1.6,4.533333333,4.133333333,6.666666667,5.066666667,9.666666667,2.466666667,2
0.101698387,0.034310773,-0.103527034,-0.017075709,0.053807582,-0.082636611,-0.21889272,-0.15703462,-0.296654415,0.078803297,-0.091289403,0.2955545,-0.639956112,0.099607526,-0.594767167,-0.094103402,-0.101186874,-0.910892037,-0.008611773,-0.03086311,-0.327573701,-0.802001485,0.432312107,0.460113415,0.556609197,0.96908179,3.889950928,1.675135997,0.332956587,0.490892733,1.121664879,1.050955147,0.589485229,0.966107659,-0.217786518,0.70754757,1.272316888,1.393557785,0.566213354,-0.328946636,0.579819127,0.92183038,0.390526444,2.422959753,1.533333333,0.8,3.133333333,6.4,3.133333333,0.066666667,0.6,2.333333333,6.666666667,3.066666667,5.8,2.6,0.133333333,0.6,6.6,6.333333333,3.2,1.2,4.133333333,6,3.066666667,3.266666667,4.666666667,0.866666667,4.533333333,7.733333333,5.533333333,3.4,4.866666667,3.733333333,10.26666667,3.266666667,6.333333333,4.533333333,2.266666667,1.933333333,11.93333333,11.86666667,5.266666667,1.266666667,6.533333333,9.666666667,4.866666667,5.333333333,2
-0.284023731,2.355958163,-0.613352662,-0.450201643,1.027378107,-1.654228253,-0.61521426,-0.706210069,0.251218093,0.234991931,0.912561019,2.898015756,0.050256334,1.582035596,0.044694139,0.01835616,-0.514783432,0.286577769,0.203061265,0.005713034,0.306134944,-0.073531557,0.265774339,3.981717295,2.217689091,0.951210978,6.428979871,5.52071339,1.901371427,2.788306092,2.085534274,2.37471161,2.6677933,5.093147188,2.143215758,4.589650582,3.966090881,2.832280971,1.777391043,5.515535556,2.406506603,2.894575888,2.262942038,1.979832315,0.933333333,1.266666667,6.533333333,0.6,2.533333333,6.466666667,4.733333333,2.6,0.466666667,1,0.533333333,1,2.4,0.533333333,2.6,2.533333333,4.333333333,2.6,6.066666667,6.2,4.733333333,0.866666667,3.733333333,1.466666667,12.33333333,2.466666667,4.733333333,12.33333333,8.8,3.533333333,3.933333333,3,2.266666667,1.8,3.733333333,0.6,5.666666667,4.533333333,7.733333333,4.8,10.8,9.933333333,8.133333333,5.333333333,2
-0.129418633,1.456072321,0.064015469,0.104659433,1.492094818,-1.140212751,-0.04091408,-0.061798008,0.269183526,0.121148804,0.096786119,0.991645476,1.507501299,0.138933943,0.227084093,0.047678001,-0.219324405,-0.440542222,0.134883337,1.220108193,0.327511326,0.118575324,0.690711116,2.511627762,5.11961335,1.54675861,2.763123802,2.854623411,0.635826775,3.565211899,3.296803344,1.976970768,1.825411717,2.214453672,4.53584496,2.264350551,5.001246057,6.671119219,2.289978763,2.973599707,0.955911072,3.076438316,1.437120035,2.773374029,4.4,1.066666667,5.066666667,2.733333333,0.533333333,6.4,0.266666667,6.133333333,5.066666667,3.533333333,5.066666667,0.533333333,2.6,0.466666667,6.4,2.8,3.333333333,4.933333333,0.933333333,0.466666667,6.8,6.2,6.666666667,2,6.8,2.866666667,2.6,7.533333333,2.933333333,8.6,6.933333333,5.866666667,5.2,3.133333333,5.133333333,3.066666667,7.066666667,3.6,4.4,5.733333333,1.533333333,0.533333333,8.6,8.8,2
-0.193174516,0.786764246,0.653336482,0.074204643,0.422083845,-0.463711921,-0.099446969,1.53586575,0.075354148,-0.072186167,1.229996953,0.762948733,0.30718068,0.388822763,0.014046299,-0.477953867,0.628793345,-0.196885025,0.326463447,0.587115386,0.236813326,0.316474141,0.369112528,1.821599751,2.992399379,1.085957391,1.431733884,1.975495046,0.684823606,4.010392782,1.942206769,1.059520847,1.982699162,1.795743302,2.237514613,1.641383333,1.475051105,0.728183966,1.386669152,2.023472772,0.940991104,4.043340985,0.917142083,1.220349021,6.533333333,0.466666667,0.2,4.4,0.533333333,0.066666667,1.8,2,0.133333333,4.266666667,0.333333333,6.2,2.4,0.4,1.933333333,2.466666667,2.533333333,2.933333333,1.2,2.333333333,0.333333333,0.133333333,7,0.733333333,0.6,4.866666667,1,0.466666667,2.133333333,2.2,0.4,4.733333333,0.533333333,6.266666667,2.733333333,0.466666667,2.2,2.933333333,2.933333333,3.466666667,1.733333333,2.8,0.8,0.266666667,2
-0.034781986,0.56658714,-0.124493881,0.150098367,0.289605845,-0.314509657,0.025919764,0.065627583,0.048697287,0.03769192,0.268228154,0.809863411,0.179654158,0.320003888,0.364882533,0.324732687,0.312572718,0.308256862,0.015260667,0.134091717,0.004356027,-0.085784632,0.266152885,0.924952019,0.672856099,0.67635089,0.622775676,0.48594899,0.639321248,0.49116891,0.620615138,0.681338541,0.661720159,1.752170969,0.787989124,1.054660463,0.810894766,0.839643625,0.81895364,1.390044012,0.351043591,0.605331314,0.485482977,0.632064476,0.466666667,1.266666667,3.2,5.666666667,2.266666667,6.666666667,6.333333333,0.133333333,6.666666667,6.666666667,1.866666667,0.466666667,4.866666667,6.866666667,2.133333333,0.466666667,0.133333333,1.933333333,5.266666667,2.4,0.333333333,6.933333333,3.466666667,1.6,6.266666667,6.666666667,8.266666667,12.6,8.2,0.533333333,12.33333333,7.266666667,2.133333333,1.533333333,4.933333333,13.13333333,2.6,3.466666667,0.933333333,3.666666667,6.266666667,8.933333333,0.8,12.46666667,2
0.536350506,0.757628744,0.259287988,0.566794588,1.496386417,0.15984643,-0.374914932,0.216466842,0.517165208,0.539508354,0.461920881,0.311637127,-0.332870949,0.138319934,0.983665432,0.356655376,0.153376018,-0.176292634,0.174195791,0.237508801,0.163780537,1.119580782,1.11233415,1.838248417,0.75297993,1.365612137,3.140939014,1.414264908,0.956245043,0.972744646,2.858459214,1.331807575,1.090197488,0.986699948,0.579608895,0.894006845,2.634696793,0.961869227,1.11237834,0.416854098,1.864826261,0.943793242,0.781889976,2.406862767,1.133333333,1.933333333,6.533333333,0.466666667,1.466666667,1.133333333,6.133333333,1.133333333,0.666666667,2.066666667,6,0.533333333,6.466666667,0.466666667,2.266666667,1.533333333,2.333333333,0.133333333,5.2,3.8,4.533333333,2.266666667,1.4,3.533333333,10,0.933333333,3.066666667,1.333333333,11.93333333,1.4,6.266666667,3.333333333,10.4,1.066666667,11.46666667,0.533333333,4,2.933333333,2.866666667,3.866666667,10.33333333,4.4,5.733333333,3,3
0.255055967,1.588300305,0.217030027,0.420209527,3.009844755,0.5270515,-0.734172179,-0.697793984,0.612494019,1.611576329,-0.068633336,0.508992412,-0.354710495,1.229087699,2.288261583,-0.08806779,0.673576157,-0.672933891,-0.214085141,-0.131763319,-0.166493991,1.357304439,1.023256255,2.525889595,1.073681663,1.571572754,4.516168514,2.242945042,0.289384934,-0.102345363,6.768237468,3.63967533,0.753830355,1.047471916,0.48892462,1.912121314,3.915261478,1.525513551,1.493091845,0.590037014,1.004619412,1.170610609,0.572514789,2.473138886,0.466666667,2.133333333,0.6,0.533333333,1.733333333,0.6,0.266666667,0.2,0.6,2.533333333,0.466666667,0.533333333,0.466666667,1.4,1.8,0.533333333,0.6,0.333333333,4.533333333,0.333333333,0.333333333,1.666666667,2.933333333,5.133333333,1.066666667,0.866666667,4.066666667,2,0.4,0.266666667,0.933333333,3.8,0.8,2.066666667,0.8,3.466666667,4,0.6,2.133333333,0.4,7.666666667,0.666666667,3.266666667,3.533333333,3
0.653117805,1.612393792,-0.020081223,0.162427123,0.706803807,0.205964062,-0.305163069,-0.293487657,0.865882757,0.743475758,-0.255543915,1.749223979,-1.55044863,2.042153112,1.094385188,-1.262944722,0.57999829,-3.184858614,0.645252247,-0.843784971,0.626147412,1.2901095,3.621019942,2.731011987,0.812635973,0.922388214,1.878039833,1.168822147,0.690115179,0.304650756,3.871654489,1.751305945,0.40975779,2.993059399,-0.023727653,3.114574389,2.36523695,-0.327159704,2.417702997,-1.965637607,1.929898411,0.720679098,1.882078862,2.187144089,7,1.4,5.866666667,5.733333333,1.466666667,0.466666667,6.266666667,0.6,1,1.466666667,0.533333333,1.933333333,0.066666667,1.733333333,1.066666667,1,1,0.133333333,5.8,4.133333333,1.533333333,1.466666667,7.466666667,1.866666667,6.333333333,6.2,1.933333333,0.933333333,6.733333333,1.066666667,1.466666667,1.933333333,1,2.4,0.533333333,2.2,1.533333333,1.466666667,1.466666667,0.6,6.266666667,4.6,2,1.933333333,3
-0.263246523,1.752831952,-0.476439195,1.386396752,2.880757698,-0.225491966,0.01970733,-1.168636114,1.121158449,0.313973056,0.47829861,2.379633194,-0.920659505,2.013342376,1.636024471,0.001946605,0.331063556,0.425974749,0.48652419,-0.258309769,0.130101226,0.568131392,0.27877496,2.900922624,4.931922212,3.228857245,4.779696665,3.545805805,2.061741217,6.425533607,2.585199164,1.254465287,2.138551941,4.091566672,1.337893964,3.516220073,3.462158023,0.885618783,1.362374358,6.220473666,1.168278223,2.531090003,1.266882363,3.412473664,0.266666667,1.333333333,6.866666667,0.4,1.866666667,5.866666667,5.6,4.066666667,3.733333333,1.333333333,2.466666667,0.8,6.2,0.466666667,2.066666667,2.333333333,0.533333333,2.333333333,1.333333333,6.133333333,1.866666667,6.2,1.2,4.466666667,13.46666667,6.6,4.6,11.73333333,10.6,8.6,6.6,1.866666667,5.133333333,2.466666667,12.13333333,2.866666667,4.266666667,4.6,2.4,8.333333333,2.2,7.6,2.866666667,11.8,3
0.589165706,1.771735562,-0.116087528,0.629159325,2.011580743,-0.262535708,-0.62316302,-0.332175243,0.965995324,0.857650926,0.124149082,1.49672907,-0.202243611,0.369486706,1.609848489,0.572177227,0.567212755,-0.80812395,0.041705352,0.05899937,0.107418513,1.960661155,1.823899389,2.876540823,0.468443934,3.726294054,3.911468437,1.892555606,1.139531355,1.515924331,2.562442855,1.730632062,0.631651571,2.686618984,4.077878107,1.435356009,3.387285349,2.200941063,1.201056327,3.190638118,0.54380916,1.04442748,1.007734712,4.647564379,5.933333333,1,6.733333333,6.533333333,6.666666667,5.066666667,2.866666667,4.066666667,1,0.933333333,2,0.933333333,6.466666667,0.466666667,1,6.6,1,6.6,0.466666667,3.8,6.533333333,1,7.066666667,2.066666667,6.8,7,7.133333333,5.533333333,3.066666667,4.466666667,1.933333333,2.066666667,3.066666667,1.6,6.866666667,1.333333333,1.066666667,6.666666667,1.933333333,7.066666667,1.266666667,3.933333333,7.333333333,1.866666667,3
-0.072833124,2.483494459,-0.020002471,-0.935083442,2.369040915,0.690246995,-0.482006868,-0.621039774,-1.645365681,0.977731778,-0.718396617,2.280034702,1.167174044,1.276573404,2.181644663,-0.654136732,0.829092829,-0.082976311,-0.587305017,-0.107686913,-0.394367679,2.061199036,1.675131575,5.021909328,0.712494691,2.041053291,5.942193721,2.490633575,1.064554636,0.603404713,0.553860841,2.141611468,0.636841271,3.880208614,2.720505099,2.801255008,3.377227589,1.025142905,3.529129882,1.455804575,2.528596463,1.159369133,0.736054225,3.929016702,1.933333333,2.2,0.866666667,0.4,0.4,0.466666667,6.8,0.266666667,0.333333333,2.6,2.4,2.266666667,0.133333333,1.933333333,0.933333333,0.066666667,2.533333333,0.066666667,6.533333333,2.466666667,2.466666667,0.933333333,5.733333333,3.4,1.6,0.466666667,2.533333333,1.933333333,10.46666667,1.8,1.933333333,3.133333333,3,3.933333333,0.266666667,2.8,1.466666667,0.6,2.8,4.2,10.26666667,3,2.6,1.533333333,3
0.135117124,1.637552903,-0.602966025,-0.241840944,0.212517268,0.47311445,-0.461844094,-0.401204378,-1.883861614,0.826567552,0.321359132,1.966801626,0.136962684,1.294699021,1.804354144,-0.987858175,0.196389852,0.049680071,0.069425385,-0.918822035,0.162137941,-0.126008221,0.789141218,3.048082783,0.14784103,0.770598546,1.618582281,2.129089931,0.551586836,2.568457877,1.559590407,2.07452387,1.973557796,3.229218412,1.190517494,2.900626092,4.205689355,0.821780408,1.609372061,1.355941929,1.64024448,0.854321768,1.100489231,3.795042487,3.333333333,0.4,0.533333333,0.733333333,0.4,1.2,0.133333333,5.733333333,0.466666667,1.333333333,0.533333333,2.533333333,0.333333333,0.466666667,0.533333333,0.4,0.6,0.333333333,6.866666667,3.733333333,3.333333333,3.4,6.666666667,0.666666667,3.266666667,2.6,2.666666667,2.533333333,3.666666667,8.6,0.8,1.4,1.2,3.333333333,0.666666667,2.133333333,0.6,1.533333333,0.866666667,3.8,9.333333333,4.133333333,4.666666667,5.133333333,3
0.185641275,0.584945685,-0.638209918,0.274146723,1.438352901,0.143468049,-0.646845225,-0.312606141,0.97452929,-0.134495847,1.325220058,1.452527765,-0.913719031,1.125991747,1.683711576,0.423118707,1.728791407,0.680678475,0.165903408,-0.00039549,0.081336769,1.046295546,0.823513773,1.806308028,9.508558906,1.915946422,2.605191587,3.479579071,0.959530274,8.890512069,4.305405145,1.285375971,2.706878947,2.566156457,3.21674084,2.904201705,3.000589005,1.904491398,3.68715581,3.954125885,1.427683791,3.639217554,1.389383626,3.166570275,0.266666667,1.2,5.733333333,4.266666667,1.4,5.4,5.133333333,5.666666667,6.8,1.666666667,1.333333333,0.6,6.733333333,0.466666667,0.666666667,6.933333333,1.333333333,1.333333333,0.533333333,5.4,1.066666667,1.133333333,1.2,2.133333333,11.6,10.46666667,2,9.6,9.6,12,12.8,2.533333333,1.866666667,2.6,13.4,1.6,1.733333333,7.266666667,2,3.533333333,2.133333333,9.333333333,3.6,3.466666667,3
0.022623837,0.528100796,0.132025099,0.553641977,0.219630104,-0.25476264,0.374783229,-1.622697015,0.628149564,0.071743068,0.225884284,1.399431691,-0.653006341,1.042940945,0.072216565,-0.670043502,0.600740599,-0.088692051,0.37612768,-0.118350614,0.258392366,-0.070150013,0.634980395,1.413178882,4.254376276,1.721034492,1.835214198,6.496183015,1.14748606,1.599618641,3.550889549,1.207813981,2.175195061,2.300468335,1.847527029,3.118266226,2.543118915,4.512377961,1.488781017,3.162249548,1.012173698,1.972201279,1.323987439,1.184265277,2.666666667,0.533333333,0.066666667,5.8,5.8,5.066666667,2.133333333,2.8,4.933333333,5.866666667,5.466666667,0.533333333,5.8,0.266666667,0.533333333,6,0.6,2.8,0.733333333,5.666666667,0.533333333,5.666666667,5.733333333,0.666666667,2.866666667,6.666666667,10.06666667,8.533333333,4.6,3.2,8.8,9.266666667,9.2,4.4,9.333333333,0.4,3.733333333,9.133333333,3.733333333,6.066666667,0.933333333,7.2,2.733333333,8,3
0.047277917,0.59082876,-0.069765324,0.393161026,0.076324225,0.307840488,0.040251539,0.233002179,-0.16783021,0.4299223,0.342756471,0.510515693,-0.155362427,-0.167190013,0.769659395,0.133564186,0.49278506,0.021754585,-0.153705766,-0.021271062,-0.055779985,0.50125323,0.316920735,0.993006296,0.629256885,1.124226446,1.017295032,0.984871491,0.672108186,0.650332445,1.319239515,1.125059331,0.93043474,1.153426659,0.580232198,0.185453139,1.63625091,0.720107196,0.872328667,0.383215022,0.270524231,0.6815389,0.640460958,1.014320658,2.266666667,0.533333333,4.733333333,0.533333333,4.466666667,5.333333333,4.4,0.4,6.533333333,2.8,5.733333333,0.533333333,5.333333333,4.466666667,0.466666667,5.666666667,1.533333333,3.4,3.4,3.6,4.266666667,2.266666667,2.866666667,2.8,7.533333333,1.866666667,7.533333333,7.933333333,6.4,1.666666667,8.266666667,3.333333333,6.6,1.733333333,8.2,5.666666667,2.8,9.733333333,3.466666667,4.4,7.4,6.4,4.8,4.4,3
0.737101568,3.516009355,0.244920185,0.99230224,2.694171795,0.147723926,-0.191118045,1.333104111,0.227846214,2.665427201,0.616857057,1.970708058,0.537623367,2.344328528,3.262337198,0.500050214,1.639188014,0.460698638,-0.119920201,0.782376544,0.290728959,1.118034513,3.191266927,5.825331088,1.163582628,2.18878415,5.41385015,0.998038309,1.098927062,2.772440824,1.832612298,5.191793884,1.499208011,3.420709899,1.220312512,3.682829535,5.473029067,1.53749539,3.713709789,1.486762888,0.510013072,1.895642995,1.233069748,2.06985915,2.4,1.466666667,0.266666667,1.466666667,1.266666667,1.266666667,0.133333333,0.266666667,1.466666667,1.666666667,6.6,1.333333333,0.266666667,1.133333333,1.533333333,0.4,1.6,0.2,0.466666667,1.4,3.066666667,1.266666667,4.2,4,1.066666667,1.8,1.333333333,2.933333333,0.266666667,0.333333333,5.733333333,2.4,10.73333333,1.933333333,0.533333333,2.6,1.8,4.666666667,2.466666667,0.266666667,1.466666667,1.533333333,3.666666667,4.133333333,4
-0.406826904,0.967442903,0.104444133,-0.155679574,0.333993377,-0.534040457,0.497096435,0.659805842,0.46330363,0.143253054,0.44153037,0.749859201,0.565938613,0.54954085,0.526002574,0.348845019,0.194869851,0.545515695,0.196289308,0.420842948,-0.065143912,0.370471229,0.037005537,1.819380389,3.871664873,0.697476208,1.00679611,3.728073926,2.63907135,3.521989743,1.429344401,1.008060824,1.256782964,1.737811606,1.627619484,1.393772335,3.395479854,1.690488182,1.973293747,4.119562447,1.002500573,1.759217949,0.771614354,1.826295689,0.4,1.466666667,6.533333333,3.466666667,1.066666667,6.4,5.066666667,6.533333333,6.4,0.933333333,2.533333333,0.466666667,6.933333333,0.4,6.533333333,6.333333333,6.533333333,6.133333333,2.666666667,0.266666667,2.6,6.4,0.466666667,4.6,13.06666667,8.733333333,2.666666667,12.8,10.93333333,11.2,9.466666667,7.133333333,4.533333333,1.733333333,7.133333333,1.4,12.33333333,8.933333333,9.066666667,10.93333333,3.933333333,4,4.4,6.866666667,4
0.242573552,0.41801258,-0.237710018,-0.487236459,0.204206346,-1.221307524,0.14268134,-0.291972067,0.500586289,0.371308521,-0.11959551,0.833737564,0.924039171,1.226099029,-0.972457347,1.37073429,-0.603541055,0.086159309,0.201024475,0.671450253,0.056509336,0.135236139,0.846990028,1.050849478,3.348959918,0.623526181,0.773722229,0.746837591,1.956128236,3.518654287,1.880979377,0.905981069,0.921599224,1.880278863,2.241507585,2.325170205,-0.095703788,3.988875679,0.367072816,2.496185909,1.119430983,1.85312464,0.901847437,1.397408239,1.4,2.466666667,2.533333333,4.733333333,1.733333333,0.2,3.333333333,4.266666667,0.266666667,0.533333333,2.533333333,5.466666667,0.266666667,0.466666667,0.066666667,4.866666667,3.4,4.4,3.2,0.6,2.866666667,3.866666667,6.666666667,3,3.933333333,5.466666667,2.266666667,2.6,5,7.066666667,1.866666667,0.933333333,4.2,5.533333333,0.533333333,1.333333333,0.333333333,9.4,4.933333333,7.933333333,5,0.866666667,4.6,4.466666667,4
0.310314235,0.37247958,-0.023558544,-0.183556994,-0.018764056,-1.144769426,-0.23260758,-0.345645705,0.311674938,-0.014998642,-0.032777625,0.546684553,-0.158484208,0.510533096,1.013169931,-0.678782604,-0.189863072,-0.307989326,0.013454323,-0.482261695,-0.030390926,0.35176284,1.444542783,2.441878883,0.337939601,1.851279393,3.725442263,-0.078440614,0.048644275,0.104505892,0.803136599,1.419799123,0.49846568,1.723435981,1.582804817,1.05293144,4.044141711,2.308508051,2.063631347,2.400970162,0.3020132,0.177816037,0.908741141,5.441939811,1.4,3.266666667,2.066666667,2.4,3,3.333333333,0.666666667,0.066666667,2,3.133333333,2.066666667,4.333333333,2.866666667,2.866666667,3.266666667,3.066666667,3.4,2.866666667,0.2,2,3.4,3.466666667,2.533333333,8.8,3.066666667,4.133333333,3.8,5.333333333,1.133333333,0.533333333,3.4,5.333333333,2.733333333,9.933333333,3.466666667,4.933333333,6.133333333,5.2,7,4.866666667,2.066666667,2.666666667,6.8,6.266666667,4
-0.118627398,-0.217458167,-0.167445615,0.012200827,-1.739420709,-0.38122268,0.764374371,1.435049695,0.368716022,-0.735989566,0.471164156,-0.108998879,0.09990276,0.007490766,-0.893375097,-0.417839588,0.166808928,0.022188415,0.747984478,0.030754167,-0.12537252,-1.505500941,0.767839437,3.143389835,0.968290488,3.941787526,3.124860697,0.412932286,1.883514524,3.277265008,5.861192658,0.90727585,2.730701893,2.955971748,2.088304308,2.677440118,5.740985678,2.227295262,3.690772757,1.769554908,2.152286341,1.688850858,1.98171484,5.593315725,3.2,7,2.533333333,6.4,3.4,0.066666667,5.4,0.066666667,6.266666667,3.6,6.333333333,6.333333333,6.266666667,6.266666667,7,6.066666667,7,2.733333333,5.533333333,2.466666667,6.066666667,6.266666667,4.4,9.533333333,5.533333333,7.133333333,4.066666667,0.866666667,7.933333333,0.266666667,8.666666667,3.933333333,9.733333333,8.733333333,8.8,9.733333333,7.2,6.466666667,10.26666667,6.2,8.4,5.733333333,6.533333333,9.866666667,4
0.558257932,0.582354988,0.131466984,0.377263564,-0.386809841,0.500956749,0.006290497,-1.083622884,1.322572973,-0.470667359,1.034574547,0.30100825,0.122210014,0.317483767,-1.263915773,0.135341016,-0.630013813,-1.906113747,-0.441982122,-0.961712901,-0.121477649,-0.74946157,1.964143413,2.344739149,8.637145273,6.815171066,6.167711593,10.73395734,0.758427156,2.486407369,4.036962674,2.465135295,2.688123887,2.270558201,3.880051476,2.291064998,2.642987027,5.405989748,1.214161778,2.615523639,0.620647458,3.649603614,2.302854425,7.315179379,0.666666667,5.866666667,6.933333333,6,5.133333333,2.2,1.733333333,1.8,1.8,4.8,2.133333333,3.4,5.866666667,3.933333333,5.133333333,5.133333333,1.933333333,6.933333333,0.933333333,2.133333333,6.866666667,5.2,0.933333333,10.73333333,12.4,12.06666667,10.26666667,4.2,2.4,3.266666667,3.266666667,10.73333333,5.533333333,7.666666667,11.93333333,9.6,9.866666667,6.8,7.8,12.2,1.133333333,7.533333333,12.93333333,10.93333333,4
-0.250265269,-0.412327868,-0.134845275,0.154521608,0.763943292,-1.219064612,0.385831841,0.253853843,-0.445884308,0.006206969,0.126906722,0.037997308,-0.489429822,0.496403347,0.737489555,0.253505858,0.718809984,-0.238482054,1.193797034,0.841127972,0.831517613,0.632848745,0.709226448,1.662104179,0.925703034,1.365755007,2.332579793,1.726821649,1.945303005,1.061886381,2.139382325,3.8368847,1.477342756,2.726115915,0.704629161,2.069110917,5.309933611,1.127445509,3.873649085,0.542928419,3.023883452,1.631433089,2.312251607,7.096269699,0.733333333,5.866666667,5.133333333,7,0.266666667,5.266666667,3.066666667,5.333333333,5.266666667,5.533333333,4.2,5.466666667,4.866666667,5.4,5.6,5.6,5.6,1.2,2.733333333,4.066666667,5.333333333,5.6,1.333333333,11.8,8.8,10.13333333,0.333333333,9.2,4.933333333,6.533333333,8.466666667,11.46666667,5.466666667,11.2,8.2,10.66666667,10.93333333,5.933333333,11.6,7.133333333,5.866666667,5.2,7.866666667,11.73333333,4
1.089916626,0.832833435,-0.026781012,-0.619371014,0.332006667,0.726394703,0.445613465,-0.006446626,1.513139106,0.159083641,0.406693678,-0.320333048,1.27869738,1.105721447,1.59550195,0.719873114,0.83083225,1.910323443,0.286006857,0.851810203,0.320840594,0.752300659,2.578535726,2.30467903,6.226949377,0.776713626,2.294321382,5.240717309,1.255965125,3.155757265,5.262717223,2.073813364,3.308922857,1.413093838,5.268601731,2.732451237,4.700668008,5.77364237,3.778330626,8.57450748,1.062156628,3.31314826,1.899256392,5.108927684,1,2.6,2.333333333,3.2,3.4,2,3.6,2.933333333,2.333333333,1.733333333,3.533333333,0.4,3.266666667,0.466666667,2.6,3.266666667,2.466666667,2.266666667,1.133333333,3.733333333,2.533333333,2.466666667,3.466666667,4.2,4.066666667,5.533333333,5.733333333,2.666666667,4.2,4.866666667,3.533333333,4.733333333,6.466666667,4.133333333,5.133333333,2.2,2.8,6.866666667,3.666666667,5.333333333,2.866666667,5.733333333,3.4,4.666666667,4
-0.027204386,0.202086909,0.777465445,0.454810851,0.309047733,-0.652628342,-0.01482672,-0.291137775,1.113223085,-0.1113533,0.387086558,1.214521636,0.396290667,0.705948121,0.209903213,0.233632875,0.779225268,-0.493689431,0.232964364,0.69115381,0.002297178,-0.064180057,0.569718025,1.172485883,12.61121234,2.159643286,1.992201797,4.429959115,0.553166531,2.006780251,5.558380559,3.100053389,1.768703725,2.439450369,4.071698357,1.58109514,2.695591445,4.180362692,1.873570286,3.014342096,0.634473739,2.689675545,1.04909512,1.985497098,5.466666667,1.933333333,6.466666667,1.266666667,2.6,6.4,0.2,6.4,1.933333333,6.6,2.733333333,0.2,6.866666667,0.266666667,2.666666667,2.666666667,2.4,1.733333333,4.933333333,1.8,1.933333333,6.4,6,3.4,8.066666667,2.4,2.866666667,8,0.733333333,7.266666667,3,8.2,3.933333333,1.666666667,7.6,1.266666667,4,3.466666667,3.6,2.733333333,5.133333333,2,2.933333333,7.133333333,4
-0.030208188,0.232381433,-0.248475119,0.082393181,0.119215818,-0.464211387,-0.095198642,-0.292800281,-0.094959155,0.185712439,0.301617704,0.134934399,0.081131191,0.230923644,0.155051389,0.00439818,0.00222519,0.142050112,0.154489147,0.158530511,0.013026368,0.4314268,0.606829595,0.734132456,0.555426846,0.507213621,0.481897641,0.275497001,0.345684236,0.086960965,1.918044414,0.724627167,0.71768522,1.445879469,0.468576573,1.519375292,0.59467434,0.32027839,0.534607095,0.529261066,0.757772493,0.936779864,0.485535958,0.933637741,2.666666667,1.2,5,1.4,0.533333333,5.066666667,1.466666667,1.6,6.666666667,0.666666667,2.8,5.466666667,0.333333333,5.333333333,2.733333333,6.733333333,1.2,0.2,6.466666667,0.266666667,2.866666667,0.266666667,5.466666667,2.4,5.066666667,4,3.266666667,7.266666667,2.4,2.333333333,10.6,0.733333333,3.133333333,7.466666667,3.8,8.733333333,5.533333333,9,5.6,1.466666667,7.6,4.133333333,4.133333333,0.733333333,4
1.04159613,4.015491752,-0.096905079,1.793803879,3.691328767,-0.983141826,-0.685666786,-0.591208269,0.613678871,1.068856369,0.611733624,2.39799489,-0.186803328,2.190204736,3.060092906,0.884968424,-0.073493668,1.445309045,0.382162822,-0.390507201,0.287398123,1.840925723,4.240887212,6.891476895,0.645870245,2.546970148,6.529308647,1.219771944,0.056727894,0.80481204,2.074396146,1.776984371,1.308517507,4.598682283,0.369028172,3.281295035,4.258316849,1.719660642,1.058517703,3.951396433,1.135303427,0.317876219,1.112115352,2.7521874,6.266666667,4.733333333,6.933333333,6.933333333,6.933333333,0.266666667,3.666666667,0.066666667,1.133333333,2.2,2.133333333,2.133333333,1.133333333,0.533333333,1.266666667,0.333333333,2.333333333,0.266666667,1.666666667,1.133333333,1.333333333,1.4,7,4.933333333,7.333333333,7.466666667,7.266666667,0.733333333,4.466666667,0.866666667,1.666666667,2.666666667,2.666666667,2.466666667,1.666666667,1.2,1.466666667,1,3.066666667,0.533333333,2,1.933333333,1.866666667,2.066666667,5
0.463706375,2.223511801,0.080360722,0.756169848,1.137148877,-0.69644611,-0.177020658,0.16371381,-0.494144479,0.8262278,0.222662931,0.833343358,0.04820175,-0.075865746,1.55865426,0.175970102,0.135022787,0.582350238,0.149335424,0.033523897,0.397609333,1.890096158,2.756055624,3.591447973,0.579460121,1.265632171,1.937981794,0.47478331,0.801002639,0.599243903,0.45428545,1.419231139,0.726716969,1.650358928,1.356590856,0.827723275,2.339872495,0.445103727,0.643563007,1.618175989,0.63884237,1.128152063,1.107812563,2.397254598,5.6,1.866666667,0.2,0.2,2.066666667,0.133333333,3.933333333,1.666666667,0.133333333,3.133333333,0.533333333,2.666666667,3,0.133333333,2.133333333,0.4,0.2,2.266666667,0.666666667,0.133333333,0.2,2,6.533333333,2,1.466666667,0.8,2.333333333,1.4,4.533333333,1.8,1.6,3.266666667,1.8,2.8,3.4,0.666666667,2.266666667,0.8,1.666666667,3.266666667,1.733333333,1.133333333,1.666666667,2.2,5
0.487569484,2.79421463,-1.08920052,0.563539576,2.8919286,-2.686719034,-0.498945135,-0.050513472,-2.201642841,-0.127769323,-0.101595321,2.922461005,-0.610235538,0.677492108,1.347783826,-0.297666227,-0.475515554,0.143169852,0.477105692,-0.340913533,-0.182813688,1.10504473,2.995036317,5.086581124,-0.260857783,1.948527904,5.401425489,-0.998892266,0.413256852,0.617779514,-0.411473953,0.618035133,0.652355642,5.105240779,0.279126719,2.478140356,2.809522119,0.252868524,0.056129805,2.153522895,1.439536463,0.874160485,0.759851043,2.749465387,2.333333333,2.733333333,0.333333333,4.6,4.466666667,0.066666667,0.133333333,2.666666667,0.333333333,0.4,1.866666667,2.466666667,0.4,4.733333333,1.666666667,1.133333333,5.533333333,1.4,6.2,0.466666667,2.333333333,2.4,3.333333333,5.466666667,2.666666667,4.933333333,6.133333333,2.2,0.333333333,3.133333333,2.8,0.533333333,1.933333333,5.666666667,0.933333333,6.533333333,1.8,1.333333333,8.466666667,1.733333333,8.933333333,2.466666667,4.533333333,3.066666667,5
0.080610556,1.318315405,-0.217415142,0.143347686,1.603620187,-1.331173576,0.135349521,-0.270455555,-0.403760241,-0.090874649,-0.087316557,1.176993518,-1.016024451,0.249001653,0.232317966,-1.421959449,0.138536785,-0.169834314,0.539646793,-0.238635236,0.032273225,-0.019694274,0.517448578,2.014805623,0.429756257,1.201538862,2.786415603,0.000352621,0.715191683,2.572084252,0.108502645,0.246996023,0.400182658,1.611293606,-0.301289834,1.204038961,0.618716575,-0.442359537,0.818804605,1.847623397,0.863983907,0.183666579,0.449259997,0.462873504,4.466666667,1.333333333,2.4,4.333333333,1.066666667,0.133333333,5.4,6.866666667,0.066666667,0.2,4.6,1.533333333,0.066666667,0.2,0.533333333,0.066666667,5.866666667,4.333333333,1.4,6.933333333,3.333333333,1.333333333,6.066666667,1.8,2.6,4.533333333,1.6,2,7.933333333,9.2,0.2,1.733333333,5.466666667,2.133333333,2.533333333,0.733333333,2.8,0.133333333,7.6,5.8,3.133333333,9.533333333,4.733333333,3.2,5
-0.021935339,1.159461703,-0.453839181,0.557827828,0.969044513,-2.164909627,-0.314999943,0.436500604,-0.693685351,-0.076728315,-0.175223826,1.375123116,-0.411935008,0.511571438,0.058978488,-0.606645839,-0.327130902,0.113669544,0.409398009,-0.119566871,0.244967521,0.398914291,1.486958029,2.92660851,0.238888869,1.741154438,3.709625351,0.163179557,0.308400179,1.96895031,1.208479875,1.255989906,0.498784133,4.948351203,0.332246517,1.586911635,1.903721225,0.255942489,1.833043011,1.554565535,1.362095328,0.604865092,1.390875934,3.177544886,4.133333333,6.266666667,6.333333333,0.4,6.133333333,0.066666667,3,1,5.533333333,6.4,0.4,6.466666667,0.066666667,0.4,6.266666667,0.066666667,6.466666667,3.8,2.133333333,2,6.2,6.133333333,6.266666667,6.4,8.6,2.6,6.6,1.866666667,3.066666667,1.133333333,6.866666667,9.066666667,1.6,7.6,0.2,2.6,8.8,1.533333333,8.2,3.933333333,3.533333333,2.066666667,8.533333333,8.4,5
-0.089989608,2.584790606,-0.352175976,0.532088345,1.961183074,-0.471853773,0.3186543,0.240794811,-0.380337852,0.483458587,0.087638151,3.40409046,0.489572762,0.144919829,1.518504637,-0.028863767,-0.303333622,0.875917406,0.315613219,0.538375775,-0.115813982,-0.092142481,0.652510455,3.601819819,0.919111085,2.004423419,3.240280206,5.484621708,1.078036215,1.460479812,2.568510721,2.725908759,1.646547156,6.265949586,1.811939304,2.071957877,2.405375042,1.42794542,0.841890929,5.583109028,1.066097811,2.937972532,1.05984561,0.907633415,5.733333333,1.733333333,3.666666667,0.8,0.866666667,3.666666667,0.133333333,3.933333333,5.4,5.733333333,0.266666667,1.066666667,0.266666667,5.733333333,1,0.266666667,3.866666667,3.8,0.466666667,6.666666667,0.2,1,6.733333333,2.266666667,4.933333333,0.866666667,1.333333333,3.733333333,0.4,5.2,6.133333333,6.266666667,1.533333333,1.2,1.466666667,6,1.333333333,0.533333333,4.266666667,4.733333333,0.533333333,7.133333333,0.333333333,1.266666667,5
-0.054282214,1.270720587,0.09404526,0.289290062,0.708836322,-0.023712541,0.095214131,-0.552554399,-0.35527964,0.41950876,-0.063228202,2.174793226,-0.933199717,0.380695284,0.237669526,-0.287216654,0.185299568,-0.874286837,0.610300132,0.45618052,-0.054744181,0.551014382,0.557559868,2.67470345,1.760117246,1.571326394,2.305023108,2.39237727,0.853121439,-0.201479848,0.222962409,1.249581009,0.312101169,3.349858597,0.509344504,1.482685982,0.919960622,0.753848778,0.945070595,2.128315308,1.328970829,2.466201951,0.940698983,1.224017613,4.866666667,2.066666667,0.066666667,4.533333333,6.4,0.066666667,2.866666667,2.466666667,0.133333333,5.466666667,0.666666667,1.133333333,0.133333333,4.866666667,0.666666667,0.066666667,6,4.533333333,2.266666667,0.066666667,6.266666667,1.866666667,6.133333333,2.133333333,1.6,5,6.533333333,1.333333333,3.466666667,4.466666667,0.6,6.4,1.466666667,2.8,0.2,5.4,1.466666667,0.2,6.4,4.6,2.8,1.6,7.466666667,2.133333333,5
-0.170093268,4.79461397,0.183360411,0.530447534,2.06204366,-1.615931044,0.078698054,0.161080327,1.278321772,0.792892756,1.552114148,4.2833308,-1.333864351,0.819858167,2.218157959,-0.750169731,-0.158831818,-0.422606318,2.107498247,0.616042325,1.178380871,1.719244859,0.600999089,10.22187049,1.123997926,1.369109036,5.71547473,0.638320312,1.448475112,1.262906109,5.001753269,2.733784223,3.331226381,8.886877253,-0.370199622,2.943894298,6.908944211,0.364302951,3.115682042,1.279144212,3.988963746,1.60964013,2.766251177,4.305067398,2.2,2.133333333,2.2,1.066666667,2.266666667,3.6,5.066666667,1.466666667,5.8,1.733333333,2.4,2.2,0.4,4.333333333,2.2,2.066666667,2.466666667,0.8,2.066666667,1.933333333,2.066666667,2.266666667,3.133333333,5.4,2.666666667,1.266666667,2.933333333,4.866666667,6.933333333,3.133333333,9,2.2,3.066666667,4.866666667,3.066666667,9,2.8,2.133333333,3.066666667,1.333333333,5.333333333,2,2.533333333,3.733333333,5
-0.052417603,1.752636554,-0.212579511,0.68303408,1.076636582,-0.662807577,0.025345567,0.101101813,0.34101038,0.141620705,-0.026961402,1.034259043,0.303268989,0.478585064,1.640084723,0.038813332,-0.055805333,-0.135734183,0.264682878,0.240035406,0.252885635,0.322996627,0.54829586,3.0139391,0.346609857,1.897957753,2.542709509,0.22524371,0.434283203,0.58356413,2.270318701,0.647999683,0.598924531,1.939307916,1.185991568,1.336088903,3.365333166,0.869989436,0.672675873,0.206843465,0.699459989,1.226946285,0.930756521,0.918147265,3.533333333,1.4,0.4,1.266666667,1.2,0.533333333,1.066666667,0.666666667,1.133333333,2.2,1.2,1.066666667,2.066666667,0.333333333,1.2,1.266666667,1.4,1,1.2,4.066666667,1.066666667,0.6,5.933333333,1.666666667,0.933333333,2.6,2.133333333,2.8,1.866666667,2.533333333,1.6,3.066666667,2.733333333,1.6,2.333333333,0.866666667,2.333333333,1.733333333,2,2.866666667,1.866666667,5.4,4.466666667,2,5
-0.18843432,1.127083723,-0.171229626,0.64105507,0.463655643,-0.597817002,-0.036034564,-0.23425641,-1.407404417,0.448039287,-0.289988738,1.063420247,0.207752432,-0.019432655,-0.077529611,-0.304986885,-0.405940408,-0.142888837,-0.074119948,-0.002868667,-0.17594192,0.400747204,0.583468997,1.670942796,0.295707316,1.554467574,1.203796774,0.352951944,0.34965002,0.701006137,0.494439952,1.087284917,0.298396387,1.966480115,1.053798742,1.006304684,0.72185847,0.436602676,0.124740672,0.671104283,0.577270417,0.768484116,0.565994493,1.156409924,6.533333333,0.466666667,0.533333333,0.333333333,0.333333333,0.133333333,0.933333333,0.066666667,0.4,1.933333333,0.2,2.666666667,0.933333333,0.133333333,0.933333333,0.4,0.533333333,0.2,0.333333333,0.133333333,0.2,0.466666667,6.866666667,0.733333333,1.066666667,0.733333333,0.8,0.6,1,0.6,0.8,2.066666667,0.466666667,2.733333333,1.466666667,0.466666667,1.4,0.466666667,0.933333333,0.533333333,0.6,0.4,0.4,0.933333333,5
0.490205547,2.932892007,-0.187009779,1.657250265,2.102282078,-1.131786377,-0.490722731,0.035347965,-1.223838919,0.55225829,-0.08489977,1.393449493,0.25396028,0.388097804,1.996209082,-0.193758749,-0.030468663,0.516662785,-0.372289465,0.179344788,0.174007916,0.201279187,2.463189039,4.638548125,0.537347068,3.440018735,3.504677818,1.871403563,0.061425179,0.753484843,1.835399935,1.345596914,0.744880466,2.933893724,1.12036855,1.20224448,3.266396019,0.728603627,0.661418453,1.585240989,0.825155977,0.828132323,0.759622575,1.80421119,7,1.733333333,0.466666667,0.466666667,1.733333333,5.2,0.333333333,1,0.333333333,1.8,0.533333333,1.8,2,0.333333333,0.8,0.4,0.333333333,0.333333333,0.533333333,0.4,0.466666667,5.933333333,7.466666667,2.2,0.933333333,0.933333333,2.2,5.666666667,0.8,1.466666667,0.8,2.266666667,1,2.266666667,2.466666667,0.8,1.266666667,0.866666667,0.8,0.8,1,0.866666667,0.933333333,6.4,6
-0.009727412,2.213546124,0.137976762,0.778445383,1.543361763,0.028164787,-0.294315284,0.347481231,-0.28689101,0.837920732,0.311928998,1.908500856,-0.152996112,0.56433051,1.823611731,0.310198694,0.464593429,0.228965155,0.132162684,-0.044729394,0.364994146,2.079292528,0.676730538,3.281027517,0.73466561,1.795471451,3.338764396,1.337478886,0.115750123,0.940875276,0.647496271,1.470687038,1.335721303,3.216133082,0.64890466,1.554046923,2.619158399,0.760257798,1.118905053,3.223351177,0.641791887,1.353499848,0.780404278,3.534665105,6.2,1.733333333,4.2,2.4,2.4,0.133333333,0.733333333,1.333333333,4.4,1.4,6.266666667,1.866666667,4.133333333,0.333333333,1,4.4,0.8,4.266666667,0.866666667,4.2,1.533333333,0.933333333,6.533333333,2.133333333,4.8,2.8,2.466666667,0.4,1.6,2,5.133333333,1.533333333,7,1.933333333,5,0.933333333,1.066666667,4.466666667,1,5,1.533333333,4.6,2.4,1.6,6
-0.316773122,0.42504199,0.432549092,0.2207079,0.649655091,-0.799775894,-0.388477756,-0.802917688,-0.176323565,0.132546057,0.46006682,0.292495171,0.151400442,0.34742434,0.234329104,0.101433905,0.102432385,1.410271594,0.222757748,0.15739442,-0.141119304,0.523094026,1.476436218,1.784402059,1.337626998,1.541454868,2.933046514,1.575523078,0.172204726,0.177398125,1.187196705,0.625838189,1.091464081,1.907215984,0.592163386,1.444457839,1.065890567,0.823294086,0.57545335,4.882232117,0.812231004,1.443776117,0.499267808,2.371312002,6.333333333,2.933333333,5.533333333,2.066666667,2.066666667,6.133333333,0.466666667,0.4,6.333333333,0.6,0.733333333,3,1.866666667,2.866666667,2.533333333,3.266666667,0.333333333,2.333333333,3.066666667,4.666666667,2.466666667,6.066666667,6.933333333,3.2,5.8,2.4,2.8,6.866666667,0.866666667,0.666666667,6.666666667,0.733333333,1.066666667,3.466666667,2.4,2.933333333,2.666666667,3.533333333,0.733333333,2.4,3.266666667,4.866666667,2.533333333,6.8,6
0.574475084,1.277852653,-0.023879768,1.304514423,2.595831584,-1.443438048,-1.693117365,-0.014189249,0.104987923,0.001871032,0.386359835,2.204045166,-0.830264704,1.688505632,1.079614375,-0.606391687,-0.61971652,0.092267472,0.457009342,0.078723095,-0.384171335,1.937837614,1.515287843,2.243712836,6.927093958,3.715222408,5.709887731,1.756810329,4.467466704,3.88254098,3.505056048,1.647662707,1.300591727,3.801283674,2.080291506,2.94328388,3.254416086,0.880159672,1.470763547,12.23212208,1.295183177,7.807605643,0.866037876,3.465819667,0.666666667,2.8,5.733333333,1.266666667,3.933333333,6,4.866666667,5.8,6.2,6,5.2,2.866666667,5.333333333,0.6,6.066666667,0.2,5.466666667,6.133333333,0.6,5.333333333,5.6,0.8,1.666666667,4.4,11.4,6.8,8.133333333,12.26666667,9.6,11.53333333,12.33333333,10.66666667,6.133333333,6.733333333,10,6.133333333,7.6,0.4,11.26666667,10.73333333,4.133333333,11.4,11.46666667,1.866666667,6
0.289785496,1.033746133,-0.108198503,0.257478265,1.07726504,-1.604958897,-0.080592245,-1.099947385,-0.721845254,-0.307503875,-0.042717196,1.933301764,-0.711731396,0.76277149,0.740520582,-0.508957815,-0.223383859,-0.327706723,0.415469607,-0.257587643,0.091000574,0.170375713,1.497233903,3.777221567,0.884696183,2.184392494,4.191230876,0.294565908,0.279486228,-0.640266971,3.787669359,1.234202283,1.475046393,6.446010707,0.077724202,2.16322098,4.217213301,0.388090515,3.314826606,1.193954347,1.360746052,0.162070162,1.535601701,4.868649849,6.4,2.6,2.533333333,4.466666667,3.2,4.466666667,2.2,0.066666667,2.666666667,4.8,2.333333333,2.666666667,0.2,2.533333333,2.6,0.2,3,2.2,4.466666667,0.2,2.666666667,2.6,6.933333333,3.066666667,3.066666667,5.133333333,3.266666667,5.066666667,2.4,0.2,3.133333333,5.466666667,2.666666667,2.933333333,0.333333333,2.666666667,2.666666667,0.266666667,3.066666667,2.6,4.733333333,0.4,3.133333333,2.666666667,6
0.977941883,2.418468852,-0.491893014,-0.712454537,1.396901753,-1.954888763,-0.490559046,-0.832086797,-1.025290615,-0.228956445,-0.174378595,4.22251671,0.496076565,0.373641074,-0.724126139,0.109809074,-0.222416896,0.018257857,0.305947183,0.303720897,-0.229867837,-0.418434729,4.153057989,4.35503778,0.90465474,1.221839434,7.017988556,0.668077116,0.586070115,0.150393123,0.749397143,2.749211374,0.84972176,7.098031969,1.91015405,2.344521905,3.039221984,2.390524679,1.626828063,1.433630453,1.611223477,1.536544778,1.725949637,6.427722833,5.133333333,5.2,5.333333333,0.4,3.8,5.133333333,0.066666667,1,3.733333333,3.8,0.266666667,5.066666667,4,5.266666667,5.2,3.733333333,0.066666667,0.2,1.4,0.4,3.866666667,5.266666667,6.8,6.2,7.066666667,0.533333333,4.133333333,5.2,1.933333333,1.466666667,5.666666667,3.866666667,0.533333333,6.8,4.733333333,6.133333333,5.266666667,3.933333333,0.2,0.333333333,3.266666667,1.733333333,3.933333333,5.933333333,6
-0.038540106,0.512204457,-0.591540466,0.203725443,0.989336747,-2.043909546,0.217525878,0.205915343,-0.105274245,0.149649883,0.309144961,0.666983339,-0.486433209,0.114830847,-0.142543156,-0.573258044,-0.217640752,0.389178144,0.212165921,-0.068136979,-0.048984007,0.221370227,0.463875068,1.266157332,0.533467768,1.686635969,2.313708198,0.537981567,1.127703321,1.981277478,1.174132266,0.602318484,1.844621947,1.293845715,0.523589342,1.234960023,1.598156786,0.167075002,0.601316502,2.443805683,0.823838483,1.202924202,0.677585868,1.008881156,3.6,0.866666667,0.333333333,1.6,1.6,0.066666667,4.266666667,5.266666667,0.133333333,0.466666667,4.266666667,1.333333333,0.466666667,0.533333333,6.6,6.666666667,6.066666667,2.466666667,5.266666667,0.4,6.266666667,0.6,3.733333333,1.333333333,0.6,4.266666667,1.666666667,0.4,7,6.8,3.133333333,0.733333333,6.866666667,2.333333333,0.533333333,1.4,9.933333333,9.933333333,6.466666667,4.133333333,5.733333333,2.6,8.933333333,0.866666667,6
0.047833687,2.480107317,-0.5396741,0.461335698,2.553919382,-0.681535597,-0.806505017,1.196992025,-1.364084379,-0.069574874,1.555632518,2.696605648,0.36716946,0.798343341,1.219996933,-0.522850653,-1.297432539,-1.593186891,0.972172413,0.734533091,-0.237034512,-0.497892029,1.415278257,4.39466516,1.783067072,5.106618893,5.873825293,2.260179361,1.527594656,4.835271585,0.444953486,1.300510036,3.302295553,5.656817136,3.579656633,3.016926901,3.453170099,1.424072973,0.094917901,2.000959149,2.056148535,3.230094856,1.700883801,1.502777477,0.533333333,0.866666667,5.733333333,2,7,0.333333333,4.466666667,3.4,0.333333333,1.066666667,0.8,0.666666667,0.4,0.6,1,6.6,0.133333333,2,1,1.466666667,0.466666667,6.733333333,2.933333333,4.533333333,11.13333333,3.733333333,8.266666667,4.866666667,10.73333333,3.733333333,0.533333333,1.133333333,7.2,2.066666667,0.666666667,1.333333333,2.4,9.6,5.666666667,7.666666667,7,7.4,0.6,8.2,6
-0.028904538,0.66107136,-0.362695415,-0.010428933,0.882641913,-1.408751073,-0.082998606,-0.601656573,-0.683811633,-0.087719263,-0.184963531,1.296568077,-0.994057851,0.224331174,-0.775948381,-1.471163304,-0.055001153,-0.716283715,0.096494216,0.248067483,-0.066181622,-0.39133942,0.511180679,1.353087857,2.945153905,0.850049825,2.445599226,0.599267524,0.618253598,1.794465079,1.477704239,0.372945986,0.297980119,2.690032859,0.910978666,1.219730589,0.038486208,-0.709444782,0.900234362,2.486576242,0.623094733,1.24301222,0.799208101,0.193199663,3.066666667,1.066666667,5.466666667,0.933333333,4.066666667,0.066666667,5.933333333,3.533333333,5.466666667,0.4,0.4,1.133333333,3.466666667,2.733333333,0.8,0.2,6,4.066666667,1.133333333,1.4,5.466666667,1.4,6.866666667,1.866666667,8.133333333,2,5.6,1.066666667,7.8,4.533333333,8.2,1,1.666666667,1.4,4.2,6.333333333,1.4,0.8,8.933333333,4.6,2,2.733333333,8.533333333,3.8,6
-0.164632688,2.441914878,-0.063397714,0.456437122,0.469626008,-1.091996289,-0.185931464,-0.703323291,1.353385031,-0.190144081,0.558674494,2.008806395,0.528206658,0.069076298,0.851338725,0.208188302,-0.245605562,0.054943581,-0.104159748,0.375413755,-0.25661379,0.41560494,0.393736311,3.816117338,0.619386934,1.187300735,1.786951766,0.650710149,0.602790189,-0.275455847,4.390733991,0.402168544,1.4166788,3.539179433,1.316690505,0.93049092,2.402999252,1.317431077,0.488136994,0.451139172,0.632240612,1.091679146,0.30365724,1.428124996,6.2,1.066666667,0.733333333,1.066666667,1.066666667,0.066666667,1.133333333,0.066666667,1.066666667,0.4,0.933333333,0.733333333,1.6,0.6,0.933333333,1.133333333,1.066666667,1,0.466666667,6.6,1.066666667,1.066666667,7,1.133333333,1.533333333,1.733333333,1.6,0.8,1.933333333,0.466666667,1.8,0.933333333,1.2,1.333333333,1.8,0.733333333,1.4,1.8,1.466666667,1.8,0.533333333,7.266666667,1.6,1.733333333,6