0.561493571,0.30579047,0.366932624,-0.062320443,0.283931204,0.627442349,-0.228479813,0.298394862,0.41480353,-0.67110907,-1.048942272,0.546592395,0.627592449,1.640266318,0.117875124,0.275125722,0.163929349,0.6300419,0.203233413,-0.024455843,-0.985995914,0.488150976,0.363978567,1.167773371,1.926486124,3.398856489,1.774056301,1.05595616,2.174564594,2.315861623,2.197726803,1.416152887,2.489597291,0.970251065,0.155481367,2.216226594,1.783045433,3.40838216,1.986328911,1.381178954,1.350972736,1.630393661,0.958898603,1.001442945,0.694070973,4.327499808,1.734467658,2.69112212,3.666666667,6.066666667,3.333333333,6.6,6.666666667,2.133333333,3.133333333,1.666666667,3.8,2.266666667,0.333333333,6.066666667,6.133333333,2.866666667,0.2,6.666666667,3.666666667,6.066666667,3.866666667,5.066666667,4.6,2.733333333,0.533333333,3.733333333,4.6,9,3.6,9.133333333,8.133333333,4.533333333,4.333333333,4.266666667,6.733333333,5.133333333,2.266666667,8.6,8.8,5.466666667,1.733333333,8.533333333,5.2,6.4,6.6,6.666666667,5.866666667,3.666666667,0.6,5.333333333,1
-0.125813036,0.651034574,-0.068361713,-0.385238038,0.583995734,-0.404190007,-0.074669602,0.427584996,0.737675631,-0.09803593,-1.175969759,0.256863996,0.720740821,1.80361265,-0.816406809,-0.111737267,0.093178488,0.550740249,0.340879265,0.329176299,0.050105301,-0.066500916,0.894803615,0.121447679,0.992694247,2.177805933,1.677494284,1.509730554,1.929808451,2.040173978,0.925228741,1.667969939,3.938789369,1.186145791,0.628749093,1.863073607,2.567451596,3.878636219,0.569763862,0.735368911,1.209200493,1.820991009,1.356737398,2.079863419,1.291291098,1.29208012,4.602583397,1.496144217,0.866666667,4.2,5.733333333,4,1.333333333,5.8,2.733333333,6.2,5.866666667,4.733333333,7,5.266666667,1,4.2,0.4,2.4,4.533333333,5.6,5.4,4.666666667,4.066666667,4.6,0.066666667,1.066666667,1.133333333,4.466666667,11.06666667,7.066666667,2.466666667,11.26666667,6.666666667,6.8,11.6,8.4,13.2,8.266666667,2.4,6.533333333,6.6,3.466666667,7.466666667,10.06666667,6.066666667,5.2,7.133333333,6.866666667,0.466666667,6,1
-0.110780868,-0.067037099,0.187175878,-0.525074367,0.874062003,1.032928441,-0.421243348,0.032790361,0.271637504,0.00830756,-0.235410947,0.674581145,1.982960805,1.134188831,-1.712245455,-0.1522141,-0.081847947,0.952676585,0.077591806,-0.623527786,-1.568486247,-0.652679184,-0.094284296,2.189936436,1.118968955,1.538886557,2.118078125,0.477576126,3.24338284,3.322014236,0.902727541,1.083788595,1.391685369,1.214276695,1.078253439,2.093670078,4.546552368,3.430397024,0.526413494,0.734521018,0.96017599,2.107320761,1.14368064,0.489773759,-0.205187029,0.782459479,0.701001365,3.776596808,1.866666667,6.133333333,2,2.133333333,6.266666667,6,1.933333333,4,4.266666667,2.733333333,4.466666667,3.866666667,6.533333333,6.2,3.933333333,4.733333333,1,3.933333333,6.066666667,5.266666667,1.666666667,7,3.666666667,6.666666667,4.933333333,9.8,3.066666667,5.6,10.33333333,11.13333333,3.666666667,7.6,8.666666667,7.066666667,7.666666667,6.6,9.133333333,10.06666667,6.133333333,5,5.6,6.866666667,10.13333333,8.8,4.133333333,9.066666667,4.066666667,8.6,1
0.020319191,0.476011882,0.174951924,-0.340317291,-0.150817972,0.224016337,0.0397565,0.353428837,-1.05541247,0.384377438,-1.600717522,0.162583373,-0.267082056,1.37530777,0.582692641,0.093379694,0.086079181,0.200262218,-0.020158079,-0.16933278,2.517611419,-0.493052051,0.133433612,0.139915638,1.164551082,2.320030189,1.27108776,0.935729386,1.149139373,1.8908217,1.032263887,1.619375661,0.375500432,1.661505307,0.752344186,1.473813287,2.141473688,2.937897119,2.410805953,1.16919149,1.640946844,1.401715339,0.959752282,1.288458904,6.008086206,0.648374768,3.834231051,1.520424555,5.2,1.666666667,3.4,6,1.8,4.466666667,5.666666667,0.866666667,4.733333333,2.4,0.6,2.066666667,1.666666667,6.866666667,3.4,6.2,6.866666667,4.533333333,3.2,1.6,6.2,0.466666667,5.6,4.466666667,6.333333333,3.466666667,4.066666667,7,3.333333333,5.533333333,6.4,1.866666667,6.066666667,2.666666667,1.066666667,2.8,2.866666667,8.333333333,4.333333333,6.466666667,8.2,4.666666667,4.2,2,6.333333333,1.266666667,6.533333333,5.6,1
0.578421447,-0.067127428,0.119710354,-0.079093562,-0.13404179,0.080191244,0.492936645,0.074027932,0.035889274,0.252208796,0.049035852,0.590253721,-0.399597231,-0.202032992,0.171332933,-0.006420368,0.091971453,0.245004315,0.12402572,-0.27029824,-1.052151382,1.033737261,0.431784006,0.454796833,1.655865042,0.558065044,0.940685074,0.416151562,0.556136349,1.154197296,3.101527288,0.912419555,1.971609701,1.030801534,0.869175434,1.286593892,0.155857866,1.017218372,1.566131753,0.690354305,0.822401672,1.119878204,0.771854918,0.206255451,0.649974479,3.496346791,2.500230837,1.313160826,6.266666667,1.066666667,6.466666667,0.066666667,0.933333333,6.2,6.066666667,6.2,0.733333333,6.266666667,1.6,4.266666667,6.2,1.133333333,0.666666667,3.533333333,1.133333333,6.266666667,4.666666667,2.333333333,0.4,2.066666667,0.933333333,6.2,6.666666667,1.133333333,6.533333333,0.6,1.066666667,6.266666667,6.466666667,6.266666667,1,7,1.733333333,5.066666667,6.866666667,1.2,0.8,3.733333333,1.666666667,7,4.866666667,2.6,0.466666667,2.2,1.266666667,7,1
0.742557762,0.390728756,-0.374426295,-0.161030033,-0.040044141,0.798875756,0.001592281,0.130394534,-0.24612743,0.981744702,-0.020688582,-0.423232157,-0.433047958,-0.367429975,0.419425546,-0.045692415,0.305482158,-0.332023328,0.053749142,0.483704118,-0.888008769,0.094118639,-0.256318355,-0.339674534,2.382456033,1.562161658,0.645437438,0.341567342,1.101157975,2.646887251,1.00563972,1.141878013,1.261952443,3.074867255,1.37496322,0.495183258,0.877035669,0.36073786,2.024798804,0.793478297,1.005009181,1.000335367,0.705148818,1.023425782,0.045987809,1.204669288,0.357735122,1.35304801,1.266666667,1.133333333,0.2,6.933333333,2.4,2.4,2.2,1.2,0.066666667,2.4,6.933333333,5.533333333,1,1.133333333,2.533333333,6.666666667,2.6,1.333333333,3.866666667,2.533333333,6.6,5.933333333,5.266666667,0.6,3.666666667,1.666666667,0.666666667,10.4,2.933333333,2.866666667,7.333333333,1.733333333,1.4,4.4,11.33333333,11.33333333,1.733333333,2.4,3.666666667,11.33333333,6.133333333,1.4,6.066666667,5.933333333,12,10.93333333,5.533333333,0.666666667,1
0.108897399,0.24706561,0.237470378,0.062935279,0.210067627,0.624580279,-0.279187193,0.012967791,1.57651703,-0.229470512,0.191201397,-0.383466483,0.651232191,0.884261575,-0.436090203,-0.241180246,-0.034311824,0.612036932,0.190354031,-0.045166655,0.2292131,-0.302497555,-0.880452412,0.917994973,1.75673536,1.846575494,1.314243913,1.20404089,1.167429773,2.707349271,0.719601134,1.545945641,4.721004762,0.689258962,2.54411056,1.181634875,2.351612767,2.380465321,0.738679065,0.645072151,1.09699779,2.204317886,1.226220865,1.094496492,3.435035924,1.737296536,0.167814254,2.403967085,3.466666667,3.466666667,3.666666667,3.4,1.133333333,3.533333333,0.333333333,4.266666667,3.8,3.533333333,6.933333333,6.8,4.4,4.133333333,3.8,6.866666667,3,4.133333333,4.2,3.4,2.8,1.933333333,0.2,6.466666667,6.6,3.8,6.4,3.6,2.133333333,4.733333333,2.8,4.666666667,5.866666667,5.8,10,10.26666667,8,6.066666667,4.6,7.866666667,6.2,5.333333333,7.2,5.866666667,2.866666667,4.2,0.933333333,7.8,1
0.250183454,-1.178901619,0.087547296,0.061876794,0.123085933,-0.918179624,0.005963058,-0.49729718,-2.067256846,-0.252623936,0.809466272,0.093133066,0.015157733,-0.980221877,-0.672216146,-0.142829899,-0.488719395,-0.322287975,-1.168409929,-0.879804092,-0.300869524,-0.193464007,-0.24353185,0.137488501,1.403888607,2.123075619,1.037807947,0.570331359,1.082409057,1.65590141,0.514716178,0.157809929,1.11389315,1.155412948,1.807041175,0.991987144,0.677824092,-0.100330236,0.215997953,0.520095183,0.768422328,0.301941528,0.105658395,0.270961883,0.523425558,0.829183965,0.135540275,1.56228808,2.066666667,0.066666667,1.6,3.066666667,6.866666667,0.066666667,1.933333333,0.2,0.133333333,1.933333333,5.2,6,4.933333333,0.133333333,2.6,6.333333333,0.066666667,0.466666667,0.133333333,0.066666667,4.666666667,0.4,0.133333333,0.066666667,2.666666667,0.466666667,1.933333333,4.266666667,9.666666667,0.2,3.666666667,4.666666667,0.2,2,5.266666667,8.2,5.466666667,3.133333333,3.133333333,9.866666667,0.333333333,1.2,0.8,3.2,7.6,2.4,3.066666667,0.533333333,1
-0.388155397,0.406005725,0.287708485,-0.2882915,-0.094689021,0.754406068,-0.213589872,0.006120054,0.897057524,0.627863109,-0.373775602,-0.345435794,-0.202152923,0.834228834,-0.986726404,0.092975205,-0.200409354,0.721469604,0.109393446,-0.252044998,-0.690419818,-0.446872773,-0.04246674,1.252199219,0.400926114,1.656452051,1.465945074,0.382609296,1.094951041,3.177574994,0.319017071,0.948285988,3.418985985,1.970201675,1.909629925,0.869227775,1.218682853,2.72920874,-0.076118065,0.951615073,0.556222679,2.159884827,0.976585509,1.074147542,1.606520271,0.265553598,0.859803358,3.39467951,5.066666667,3.666666667,5.466666667,6,4.666666667,3.933333333,5.8,4.333333333,4.066666667,4.266666667,6.733333333,0.6,4.666666667,4.6,4.866666667,6.666666667,3.733333333,4.933333333,3.6,0.2,0.066666667,1.133333333,6.666666667,4.533333333,5.2,3.933333333,5.6,6.866666667,5.333333333,5.466666667,6.933333333,5.533333333,4.8,4.666666667,7,1.933333333,4.8,6,5.333333333,8.666666667,4.333333333,6.066666667,4.4,1.333333333,0.266666667,2.933333333,8.533333333,5.6,1
0.525378774,0.765276378,-0.063794488,-0.116354127,-0.013667764,0.199513299,-0.054758996,0.338849513,0.820636572,0.730596187,-1.460655927,1.136935275,-0.0739244,-0.053872165,0.231457835,0.029451206,0.197622003,0.410886169,-0.03320815,0.146049163,0.763748122,-0.271689423,0.272469019,0.218573367,2.289475744,2.321242334,0.590790805,0.794354481,0.690366984,2.230639144,0.674063848,1.379701314,3.399069525,1.764428629,0.125517224,3.320759868,0.861309724,0.974174874,1.896657842,0.666231238,1.090761357,1.133395739,0.838972877,1.384610954,2.889211158,1.78502717,1.306681214,2.053510458,6.066666667,1.2,2.6,3.866666667,5.933333333,4.933333333,4.4,4.266666667,1.066666667,5.866666667,0.333333333,5.466666667,5,5.733333333,3.466666667,2.133333333,1.266666667,2.466666667,2.333333333,1,4.733333333,4.266666667,0.8,5.933333333,6.733333333,1.4,2.866666667,4,6.933333333,5.8,4.666666667,5.133333333,1.133333333,6.866666667,1.333333333,6.066666667,5.133333333,5.8,3.866666667,2.466666667,2.066666667,3.4,3.333333333,1.4,5.266666667,5.133333333,0.866666667,6,1
1.625018097,2.262329287,0.667073023,0.821693249,0.334712559,2.362442736,0.427668828,0.377345126,3.435291384,0.634870607,-0.626774783,-0.654893414,0.522161441,-0.040432924,0.569326809,0.067546521,0.016695201,0.023968269,-0.008566112,0.319859937,-0.666265095,-0.46136028,-0.221994267,1.04698217,2.676320921,5.238989743,1.491968142,1.769184312,1.093595501,5.069187545,1.492527326,1.923408663,6.202341897,2.76530887,1.139897033,0.504821288,1.645959541,0.844282852,2.408639287,0.61823532,0.814719781,0.864523543,0.890704373,1.853805182,0.791934411,0.436656061,0.2737587,2.385653308,2.133333333,2.266666667,0.4,3.733333333,1.066666667,2.333333333,5.066666667,0.466666667,2.266666667,1.6,4.666666667,6.933333333,2.266666667,2.266666667,1.266666667,5.933333333,1.666666667,0.866666667,0.6,1.533333333,0.2,0.733333333,0.333333333,0.533333333,6.733333333,3.4,1.2,4.466666667,1.666666667,4,8.866666667,0.6,4.2,1.933333333,7.933333333,11.86666667,3.533333333,3.2,1.666666667,8.866666667,1.733333333,1.333333333,4.133333333,1.666666667,4.933333333,1.466666667,0.533333333,2.266666667,2
1.414144303,2.466895863,0.571249643,0.503893698,-0.203489798,3.474400359,0.077664656,0.332090914,2.934617155,1.41014491,-0.509849263,-0.90077311,1.350816861,1.160532904,0.607300271,-0.0146093,0.032333845,0.233130111,0.185431782,0.771329277,-0.326397756,0.766056647,-0.195529557,0.913492949,2.575675756,6.117094976,1.637433347,2.066240637,0.912141077,10.98172753,1.615324885,1.794024233,6.512824633,3.725435568,0.97886965,1.201041253,2.927956833,2.771998739,3.648504388,1.248245376,1.046701803,1.527194045,1.751414797,2.433116749,2.258755899,4.074551327,0.711944052,4.02491653,1.666666667,1.466666667,2.333333333,2.133333333,1.133333333,0.733333333,3.6,1.133333333,2.266666667,1.733333333,0.2,5.8,1.533333333,1.8,1.666666667,3.6,0.866666667,1.533333333,1.533333333,1.6,6.933333333,2.133333333,0.4,0.8,5.466666667,2.733333333,2.466666667,3.066666667,3.6,1.4,4.733333333,4.933333333,4.066666667,3.8,3.466666667,9.266666667,6.333333333,2.933333333,2.733333333,4.8,5.333333333,2,2,2.866666667,12.06666667,3.6,3.266666667,1.066666667,2
2.821245987,1.957731342,0.726256884,0.853063116,0.73162063,2.99735304,0.07836516,0.783862804,3.134995573,1.968976846,-1.07894755,-0.684301516,0.606529579,0.09446307,1.0178659,0.180450215,0.127216603,0.315297226,0.224098243,0.709378543,-0.854928422,-0.101123746,0.001750018,2.046766921,4.574336426,3.922560875,1.839151153,2.207356024,2.658333963,7.628106942,0.874214906,1.971419904,5.595708173,5.137290288,0.438915122,1.028313995,1.88972388,2.25166774,3.737008756,1.233906949,1.020601363,1.086044408,1.177048328,1.76106944,0.75542683,1.167919671,0.997385564,4.145878301,2.133333333,4.2,0.333333333,5.2,4.333333333,0.533333333,3.8,4.466666667,1.466666667,5.266666667,0.133333333,2.8,0.4,2.666666667,0.466666667,2.933333333,2.8,5.733333333,5.6,3.066666667,0.266666667,6.533333333,2.733333333,5.2,3.933333333,8.066666667,3.733333333,10.13333333,8.266666667,2.733333333,7.666666667,5.4,4.266666667,9.733333333,1.266666667,3.8,3.533333333,5,1.2,3.333333333,3.666666667,7.933333333,6.066666667,4.266666667,4.933333333,9.866666667,7.533333333,9.533333333,2
1.87006805,1.592368738,1.26749226,-0.291276305,0.357851679,2.183934337,-0.194722022,0.43671235,3.938120642,0.318009834,-0.186603233,-2.261933376,1.182851416,0.790568867,0.579149052,-0.001000044,-0.082565612,1.391259103,0.770452371,0.242542773,-0.317653916,-0.155657895,0.075595441,2.393558692,4.130419771,3.408326812,2.862770212,0.327324033,1.364164596,6.234255519,1.802227825,2.167358429,5.760798923,1.790936074,2.829433194,0.031556054,3.028266479,2.402238765,3.634436016,1.218017138,0.923340128,2.677215589,1.730808054,1.900874489,2.000958095,2.295426889,0.907042814,3.877003738,6.533333333,0.466666667,1.866666667,3.066666667,1.933333333,0.466666667,5.4,0.733333333,2.6,0.4,6.133333333,0.133333333,4.266666667,0.4,1.933333333,3.066666667,0.666666667,4.133333333,6.666666667,0.533333333,1.533333333,2.733333333,5.066666667,6.133333333,6.8,0.933333333,2.4,3.2,2.333333333,0.866666667,5.666666667,0.866666667,2.866666667,0.466666667,6.2,0.4,4.666666667,0.466666667,2,3.466666667,1.2,4.666666667,7.133333333,0.6,2.066666667,3.2,5.133333333,6.666666667,2
2.579430467,1.518334634,0.787619029,0.629974946,-0.044590545,2.653872603,-0.214410665,0.463832928,2.993373999,0.953069668,-2.092562679,-0.753043997,1.02712921,0.490684802,1.151167892,0.198550346,-0.093115,0.158393904,0.241675617,0.29308079,-0.970633418,-0.729175213,-0.313809763,2.085109044,3.694091564,3.946744086,2.007909074,1.95453857,0.725243677,7.467842627,0.700014295,1.834053602,5.537222088,2.570699798,-0.766488046,0.6498974,2.130398921,1.956150283,4.390222186,0.893866181,0.827137285,0.919590449,1.012998432,1.260718832,1.818910286,0.667145678,0.349761128,4.605790549,1.133333333,0.466666667,1.533333333,3.4,2.466666667,0.533333333,3,0.666666667,1.733333333,1.4,0.133333333,6.866666667,1.866666667,2.466666667,0.466666667,1.2,3.066666667,0.333333333,2.133333333,2.333333333,0.266666667,3,0.133333333,0.466666667,6.733333333,2.2,5.066666667,9.066666667,5.466666667,1.6,6.333333333,1,4.066666667,5.4,5.8,12.8,3.333333333,3,0.733333333,5.4,5.6,1.2,3.266666667,3.866666667,0.333333333,5.2,3.266666667,1.2,2
0.689958058,1.691306624,1.008655002,0.117207418,0.261289308,2.904174032,-0.102799188,0.406481202,1.723994191,1.239983756,-0.091506815,0.378305,0.932117075,0.453500156,1.172034362,-0.124210581,0.363956161,0.63420943,0.13583909,0.379835944,-1.59184271,0.457946282,-0.189267883,2.990466383,2.198993414,4.668461194,1.748577493,1.184745214,1.014931827,6.563660138,0.771540691,1.78220237,4.197980356,2.675092191,1.583456737,1.953900844,1.984266778,2.617113206,3.759475744,0.576914686,1.838175887,1.866003304,1.067899788,1.847283156,1.201284794,2.545174407,0.358271693,5.26455335,2.133333333,1.6,2.266666667,5.133333333,1.666666667,1.8,6.733333333,1.8,1.666666667,2.333333333,6.933333333,6.6,2.133333333,2.2,1.666666667,6.866666667,1.6,1.6,2,2.266666667,0.4,6.733333333,0.066666667,1.733333333,2.6,2.466666667,6.6,8.733333333,1.733333333,2.866666667,11.66666667,2.333333333,2.666666667,2.8,10.73333333,10.66666667,5.733333333,2.866666667,2.133333333,7.733333333,4.8,3.666666667,2.333333333,5.666666667,0.533333333,7.2,0.466666667,4.2,2
1.478258941,0.800264716,0.482491861,0.077283597,-1.850857371,0.881812999,-0.163061531,-0.023324032,0.995300672,-0.520407136,-0.263064217,-0.316648567,0.014156112,-1.846938712,0.543141039,-0.019670022,0.027411509,0.062047327,-0.110125811,0.014440227,-0.511482269,-0.856596016,-0.290287829,0.79385869,3.164975487,2.406359723,1.167565386,0.986707229,-0.629056719,2.971801733,0.623619688,0.754470522,3.268474721,0.528593553,0.836095068,1.004520473,1.107653491,0.094365573,1.472080347,0.784300082,0.91985525,0.664137859,0.488153536,0.760888571,0.410150061,-0.148815194,0.991011619,2.530958453,2.266666667,0.733333333,2.133333333,1.866666667,0.8,0.533333333,0.066666667,0.4,0.666666667,2.533333333,3.466666667,5.866666667,0.8,0.4,0.466666667,6.933333333,2.466666667,0.866666667,2.266666667,2.4,0.333333333,0.133333333,6.8,0.533333333,3.333333333,1.2,2.466666667,2.4,1,0.6,2.133333333,1,0.733333333,2.666666667,5.133333333,10.53333333,1.266666667,0.733333333,4.066666667,8.266666667,5.333333333,2.866666667,3.466666667,3.333333333,5,1.2,11.6,0.666666667,2
3.245087465,1.681638565,2.709081141,0.568435417,0.101647041,5.214016443,-0.893552765,0.769926641,7.008605253,0.985856178,-0.339687635,-2.097426565,1.955325668,-0.046300622,0.806865521,-0.031995434,0.024977757,0.943946286,0.28430868,0.648425337,-1.727156108,-1.264382342,-1.306465301,4.878935554,7.328706015,4.270735804,5.125553612,3.22020076,1.632421227,10.96910012,1.838225817,1.872948351,11.41284894,3.977598447,2.593272569,0.812502795,4.595009123,1.942371933,3.610052892,1.538899569,1.497070045,2.293401366,1.647345202,2.428541522,1.588864287,0.044382626,-0.317830838,7.902816557,6.533333333,2.133333333,4.533333333,1.4,2.4,2.666666667,2.4,2,2.8,2.4,6.8,0.066666667,5.733333333,2.133333333,2.333333333,0.4,2.266666667,6.066666667,2.133333333,1.2,0.333333333,3.133333333,0.066666667,3.133333333,6.8,2.333333333,4.6,1.8,2.866666667,3,2.666666667,2.466666667,3.333333333,2.533333333,7.266666667,0.2,5.933333333,2.266666667,2.666666667,0.866666667,2.466666667,6.6,2.2,1.333333333,0.666666667,3.266666667,0.333333333,3.666666667,2
1.046760886,1.960417118,0.761126987,-0.180478224,0.601882572,1.768097381,0.461034443,0.689883536,2.289738041,0.864509548,-1.951136597,-1.892871444,0.605178061,0.674410824,-0.090452176,-0.05339551,0.486080809,-0.337837628,0.247769495,-0.282113277,0.422891349,0.485192564,-0.096532157,0.869105745,3.79607769,6.222769816,2.706286528,1.3717189,2.353271528,6.057021965,2.147695672,2.247073781,5.912542083,2.725754908,1.507417185,0.767410426,2.571996169,2.51735466,2.204626473,1.603253807,1.395506002,0.978899296,1.345267368,2.060619421,2.120621119,3.4213621,5.297454265,2.836473893,1.6,2.133333333,0.6,3.666666667,6.666666667,0.666666667,6.466666667,5.933333333,1.466666667,1.6,7,0.133333333,0.533333333,0.466666667,0.466666667,2.4,0.6,5.533333333,2.133333333,2.066666667,4.4,3.933333333,6.533333333,0.666666667,2.466666667,3.266666667,2.066666667,4.333333333,7.933333333,3.933333333,8,9.533333333,3,4.533333333,12.46666667,0.333333333,0.8,3.733333333,0.933333333,2.533333333,1.266666667,8.866666667,5.6,2.666666667,6.066666667,6.533333333,11.73333333,0.8,2
0.500982545,0.834522949,0.096643875,-0.040796046,-0.19004025,0.798074589,0.153760345,0.214619019,1.283001729,-0.767992454,-0.65248649,-1.428770216,-0.654948608,-0.550423876,0.098589123,-0.263766612,-0.016224594,-0.132785464,-0.158834536,-0.00875174,0.000874946,0.389370673,-0.029347067,0.127264283,1.551733291,2.973873887,1.44785649,0.437640134,0.701560158,4.768464639,0.84020766,0.802684616,3.508376685,0.750904087,0.044629525,-0.175612175,0.541751282,0.64931054,0.817518283,0.352085238,0.485392514,0.536515762,0.577931763,0.629200319,0.595833764,2.47975085,0.284481159,2.197897245,1.666666667,0.4,0.333333333,3.733333333,1.933333333,0.533333333,5.6,0.266666667,0.866666667,0.4,6.866666667,0.066666667,0.4,0.933333333,5.8,1.066666667,2.333333333,0.333333333,0.666666667,0.333333333,5,5.466666667,5.266666667,0.4,2.333333333,1.066666667,0.4,5.6,2.8,0.666666667,10.93333333,3.533333333,2.333333333,0.533333333,12.13333333,0.466666667,0.933333333,1.333333333,9.933333333,3.733333333,6.733333333,2.533333333,1,1.666666667,8.8,9.6,10.26666667,0.533333333,2
2.686951055,2.818182682,1.865919023,2.850498848,-0.022654593,2.854690854,-0.895230473,0.381824582,1.330178094,0.959233503,-1.202289182,2.170380952,1.622832992,0.064303336,0.668250878,-0.273055972,0.536680668,1.284872136,0.413832514,0.503164853,-0.786533568,1.503861308,4.725831574,3.638368228,5.572395586,6.148185801,2.509171409,5.523582628,0.59703659,4.641733438,1.368682187,1.811765545,2.674329457,2.827047044,0.614434157,3.953675508,2.714737225,0.738338586,3.415945603,0.495577948,2.053764577,1.903208282,1.736571689,1.957738733,0.511743088,4.971870618,9.791302373,5.852414791,2.066666667,2,2.466666667,2.2,1.6,2,0.533333333,0.4,1.6,2.2,0.133333333,3.6,1.933333333,1.933333333,0.666666667,0.2,1.933333333,1.666666667,2,1.666666667,0.266666667,2.2,2.066666667,1.4,3.6,3.4,6.466666667,5.8,1.8,3.6,0.733333333,0.733333333,3.266666667,3.933333333,1.533333333,3.733333333,5.066666667,2,1.066666667,1.533333333,2.266666667,5.6,2.6,2.2,1.133333333,3.466666667,4.733333333,5.933333333,3
0.367097164,0.67046024,0.536563745,1.254799348,0.180977729,1.761663511,-0.92270645,0.024693466,0.452610851,0.281768341,-0.496352808,1.268240851,0.993650021,0.223596279,0.282116122,-0.152460893,0.364032239,0.364953595,0.136296181,0.0881148,0.137388091,0.690327597,2.981637557,1.051284097,2.250247655,2.780679565,1.57116949,3.366487048,0.969920042,4.135883506,0.745030756,0.794273573,1.917559527,1.466619923,0.950731559,2.213348119,2.137275857,1.002717061,4.059858563,0.348365529,1.186418878,1.280258839,0.840987714,0.797737515,0.802783689,3.336736849,6.753070146,3.510532001,0.466666667,1.866666667,0.533333333,2.266666667,6.2,0.6,0.333333333,1.733333333,0.666666667,1.733333333,6.133333333,4.466666667,1.733333333,4.6,0.6,3.466666667,1.733333333,1.8,0.4,0.733333333,0.266666667,1.666666667,1.933333333,0.466666667,1.933333333,2.733333333,2.733333333,5.133333333,10.8,2.866666667,0.533333333,3.133333333,2.666666667,2.333333333,12.46666667,5.266666667,4.866666667,6.466666667,1.8,5.533333333,7.2,4.266666667,4,6.533333333,0.733333333,4,5.066666667,2.333333333,3
-0.472216187,1.94353594,1.046612515,2.125695243,0.122894752,1.299757904,0.586398809,0.104836382,0.120130849,0.132777559,-0.571936668,0.759245457,0.877024865,0.572769592,0.815740432,-0.21795994,0.378044874,0.329286918,0.355604601,0.876230946,0.078855915,3.615329364,3.360213102,0.783553855,1.753505298,3.883974999,2.407499202,4.870902661,0.544572276,2.845030157,1.978777474,0.765887847,1.838392543,1.314121502,0.120140176,1.611838401,1.347772678,1.150140046,3.590304617,0.201218072,1.152208655,1.01680364,1.107053025,1.665919387,0.850620405,7.50533248,5.665158671,2.793180562,1.2,1.2,2.6,3.266666667,0.666666667,1.4,1.4,0.8,2.466666667,1.2,3.866666667,3.866666667,5.066666667,4.933333333,0.866666667,5.466666667,0.6,1.266666667,2.6,1.2,0.333333333,2.533333333,1.333333333,2.333333333,1.8,5,5.4,7.133333333,5.066666667,4.6,2,4.266666667,4.4,1.6,6.466666667,4.266666667,7.533333333,9.666666667,1.733333333,6,3.533333333,4.2,4.266666667,5.533333333,1.8,2.6,5,3.333333333,3
3.841791355,4.932885399,2.735927829,6.623235955,-0.106038489,5.812830181,0.392316785,0.581727685,3.265395329,1.352179827,-1.045372771,0.09097139,2.045660228,0.112478458,2.653444096,-0.301519202,0.372804634,2.135234145,0.603916429,1.904339228,-2.582981258,2.224257798,2.280944668,4.331221051,6.899460846,10.34313738,5.124761634,10.61083996,1.40088876,12.8151141,2.502078742,3.413609072,7.284818966,4.668335736,0.887113974,3.083315586,4.561158096,1.455025269,9.250044619,1.037295498,2.636431656,4.114626906,2.422988171,4.299930338,0.429919128,7.493358868,7.708154265,7.281637283,7,2.466666667,6.133333333,2.266666667,0.8,6.266666667,1.133333333,6.333333333,2.533333333,2.333333333,5.866666667,3.866666667,6.133333333,3.466666667,6.266666667,5.333333333,6.266666667,6.266666667,2.4,0.666666667,0.066666667,1.2,0.533333333,0.533333333,8.266666667,3.733333333,7.4,3.533333333,2.066666667,7.533333333,2.4,7.6,3.8,3.6,7.133333333,5.133333333,7.4,4.733333333,7.533333333,6.6,7.533333333,7.533333333,3.666666667,1.933333333,1.333333333,2.466666667,1.8,1.8,3
1.03964633,1.632601097,0.497470582,3.167413061,0.251097548,1.693050914,1.10363018,0.089441533,0.744245512,0.440540214,-1.574680196,0.379638182,1.070371236,0.414936099,0.365836454,-0.307906984,0.303714172,0.283873115,0.425408748,0.173548596,0.056336457,3.46994719,2.202275759,1.483151313,2.437055808,3.687673596,2.010151211,6.350669945,0.933322431,4.319760897,3.397537184,0.917001658,2.025687792,1.348670014,0.204427627,1.035711691,2.227305437,1.133735487,3.314487347,0.452534508,1.252257272,0.773684245,1.363306992,1.0640025,0.809437412,9.151289333,5.33635502,3.474207554,1.2,1.8,0.6,2.466666667,6.333333333,0.533333333,2.466666667,1.4,1.133333333,2,4.8,4.666666667,2.733333333,2.4,0.866666667,3.866666667,2,4.733333333,2.733333333,2.533333333,2.8,2.466666667,0.666666667,0.666666667,3.733333333,4.333333333,3.6,3.4,7,2.066666667,2.933333333,1.533333333,2.866666667,3.6,8.333333333,10.46666667,8.466666667,4.666666667,0.933333333,6.266666667,7.266666667,5,8.466666667,7.933333333,6.4,5.2,2.4,2.666666667,3
2.444055352,4.446516984,0.689972302,4.544225707,-0.264021294,1.137053747,0.946166415,0.544330593,0.860587502,0.85294896,-0.163978606,0.033555231,3.093929519,1.007113917,-0.347734385,-0.217190284,0.675594492,1.172258641,0.926006346,1.233015263,0.374275544,4.2427307,5.972320868,1.567693762,4.698380575,7.008694061,2.156008873,7.053464313,0.823831064,7.060600302,2.310261459,1.859921131,3.352443206,2.843486933,1.549404962,1.444598021,6.167447082,2.696113548,3.269615106,0.621799697,2.074660234,2.667572283,2.393265032,2.733441486,1.536747419,7.919310149,11.34256407,7.551135148,1.466666667,2.733333333,0.4,1.6,2.8,0.333333333,2.733333333,6,0.4,2.6,3.466666667,6.466666667,2.666666667,5.933333333,0.666666667,0.266666667,2.733333333,0.6,4.933333333,1.133333333,6.6,0.866666667,2.866666667,0.466666667,6.533333333,2.933333333,0.933333333,4.733333333,7.8,0.4,3.8,11.06666667,0.8,3.666666667,9.066666667,11.06666667,5.933333333,6.4,1.466666667,1.266666667,4.8,2.533333333,5.333333333,6.2,11.46666667,1.866666667,8.466666667,0.533333333,3
2.975451452,2.727029435,1.040546828,3.867434752,0.475436028,2.787786652,0.709761065,0.141980035,1.947392529,0.158348983,-0.357158559,2.097893476,1.159350897,2.031613383,0.923004991,-0.632305373,0.326428093,0.45594336,0.364056179,-0.05188903,0.075601295,3.073945592,2.842869268,3.229912341,7.362237763,7.177231237,3.523288909,10.47781534,2.796615043,11.04127661,4.120564679,2.113518553,5.355048734,2.48510346,1.192383594,4.883355743,2.646208824,5.207323786,5.98026459,0.473828187,2.178800585,1.782689198,1.988269199,1.811358857,2.037550746,7.230283473,6.850687915,7.74763812,1.266666667,0.6,1.6,1.333333333,3.333333333,0.6,0.6,2.4,2.466666667,0.533333333,0.466666667,4.066666667,1.6,1.6,0.666666667,5,0.6,1.4,0.6,0.8,0.466666667,0.6,2.666666667,0.533333333,2.933333333,2.066666667,3.333333333,2.466666667,6.8,1.4,1.933333333,3.733333333,2.6,2.333333333,5.666666667,5.866666667,7.4,4.733333333,1.2,6.866666667,2.666666667,4.666666667,5.466666667,1.066666667,3.333333333,1,6.2,2.066666667,3
0.913276826,-0.276126602,0.236120248,2.766093149,-0.135099077,0.687426974,0.990844962,-0.128199446,0.218487112,-0.577507936,0.221905846,0.813183691,0.647154907,-0.621433309,-0.512127284,-0.374697995,0.152819315,-0.16087466,0.082029142,-0.35464409,-1.12747851,2.821844124,0.315558012,1.314131359,2.466772597,3.026378676,1.032621063,6.133772869,0.789998363,6.561958954,2.411143886,0.697761809,2.567368992,0.609470649,2.106730844,2.235326061,2.078547719,0.316801247,0.994390083,0.425355861,1.000486242,1.080927296,0.995924664,1.657401058,0.053176773,6.651759718,1.144479841,4.242284829,0.733333333,0.666666667,0.8,1.6,3.533333333,0.533333333,2.466666667,1,0.666666667,0.466666667,6.2,5.466666667,0.6,0.333333333,5.666666667,4,3.133333333,0.6,0.6,0.733333333,0.533333333,2.466666667,0.8,0.6,2.466666667,1,6.933333333,4.6,3.666666667,1.2,6.6,2.066666667,1.4,5.266666667,11,9.2,3.466666667,3.2,11.46666667,4.866666667,6.733333333,0.933333333,2,1.266666667,1.333333333,7.733333333,3.666666667,1.2,3
0.470129365,0.532903311,0.660794226,1.513120665,-0.328548298,1.361603162,0.159390416,0.215958059,1.522187493,0.258201644,-0.322546206,-0.065859922,0.253588567,-0.259767037,0.318274529,-0.075734496,-0.0428019,0.118948569,0.147114815,-0.084418331,-1.240542837,1.123834253,1.630357636,1.891338329,1.892770008,3.594334074,1.722217565,3.180611694,0.261130019,4.834394118,1.656576146,0.764936006,3.561010392,1.225404277,0.265233408,1.016220748,1.091358865,1.09821979,2.051084318,0.655765309,0.860033399,1.002178975,0.999489081,0.636717313,0.499581107,5.128404668,3.952053194,5.416825173,1.066666667,0.6,0.466666667,1.6,4.866666667,0.533333333,0.733333333,1.666666667,1.733333333,0.533333333,0.333333333,4.533333333,0.533333333,0.466666667,0.533333333,2.333333333,0.6,0.666666667,1.133333333,0.666666667,0.333333333,0.6,1.6,0.533333333,1.533333333,1,2.8,3.866666667,5.133333333,1.6,0.933333333,7.6,3.466666667,1.866666667,0.4,6.8,0.8,3.066666667,4.266666667,2.666666667,1,0.8,1.333333333,1.266666667,0.4,1.133333333,3.533333333,1.466666667,3
0.43863597,0.796302528,0.326051026,2.354421184,-0.415651369,1.338319119,2.204213659,0.144540497,-0.042385822,0.194793206,-1.122838748,-0.030325744,0.689880261,0.358854318,0.460153574,-0.076988198,0.503501533,0.24189718,0.109704372,-0.235974583,0.053077391,3.406900465,3.03973957,1.548865128,1.488850209,3.195808762,1.600253646,4.690692952,0.391656907,4.532852836,5.44357704,0.815346145,1.95996712,1.104058481,0.145214089,1.063499639,1.324954229,1.328049377,1.976474457,0.614506171,1.984319727,1.242142767,1.069982535,0.66428959,1.331533346,9.046671445,5.579987386,4.329459303,0.866666667,0.466666667,0.4,5.466666667,2.733333333,0.466666667,2.133333333,0.333333333,0.666666667,2,0.066666667,6.733333333,4.4,5.933333333,0.4,6.933333333,2.133333333,1.866666667,2.266666667,1.466666667,0.333333333,2.2,0.866666667,0.466666667,2.8,2.266666667,0.8,6.133333333,5,4.933333333,2.866666667,2.2,1.4,3.4,6.266666667,12.2,9.866666667,7.466666667,1.733333333,13,3.733333333,2.6,4.133333333,2,4.333333333,2.533333333,5.666666667,2.133333333,3
0.543815097,0.511312697,0.106855233,-0.435718697,0.099512912,1.60664461,-0.553297087,0.276595644,0.627855981,0.682296583,-1.330695785,-0.685997247,0.518294155,0.261279583,0.61235644,0.063788564,0.024860138,0.256074895,0.135928623,0.075440675,0.420341513,-0.512901017,-0.622086103,0.313130569,1.086043483,1.70088589,0.765367389,0.289481245,0.988391002,3.460762585,0.109725649,0.820058715,1.278768697,2.15382608,0.266029369,0.082323507,1.118870308,1.143416683,1.772760078,0.588343914,0.475982031,0.84486481,0.620487977,0.941841082,1.632933199,0.646152757,-0.119630844,1.319046865,0.333333333,5.466666667,0.266666667,0.466666667,3.933333333,5.333333333,2.333333333,3.933333333,5.533333333,5.866666667,0.066666667,0.066666667,5.466666667,3.933333333,0.533333333,4.2,4.4,4,4.333333333,4.2,3.4,2.333333333,0.333333333,0.333333333,3.533333333,10,1.133333333,2.466666667,9.133333333,8.666666667,4.333333333,4.133333333,10.46666667,9.6,0.133333333,3,6.533333333,8.6,1.933333333,5.666666667,8,4.4,4.866666667,6.066666667,5.733333333,4.933333333,0.4,6.533333333,4
0.655069086,0.634334493,0.552234773,0.434694316,-0.248401616,2.008106317,-0.99796825,0.290317509,-0.156631247,1.325441705,-1.063551303,1.592194342,0.992858474,0.244359939,2.033970232,-0.028436641,0.289151582,0.942745638,0.390337444,0.651453745,-1.689732438,-1.117001118,-0.228859069,0.838004592,2.049159685,4.519462031,1.391143635,1.56574938,0.557165913,4.122288137,0.294443046,1.675352794,1.384025542,4.776183734,0.136381917,6.328581933,1.993736521,0.971372399,4.179286842,0.806600527,1.331320144,2.005013543,1.232794017,2.470512955,1.408967944,-0.070480746,0.364097396,1.833896022,2.4,2.4,4.6,2.466666667,1,2.4,0.2,2.866666667,0.533333333,2.6,0.2,6.4,2.8,0.266666667,2.4,0.066666667,2.4,2.2,2.4,2.466666667,1.4,1.666666667,4.2,6.533333333,3.6,3.266666667,5.2,2.733333333,1.066666667,6.666666667,2.533333333,4.2,1.266666667,3.6,3.8,8.866666667,5.533333333,0.466666667,5.933333333,4.666666667,5.333333333,5.066666667,4.066666667,4.2,1.666666667,2.533333333,7.133333333,9.6,4
1.907505725,3.394718629,-0.094680761,0.609384241,0.268589638,2.244579357,-0.317440018,0.773565868,4.073988251,2.419139265,-0.1093271,-0.182803771,0.81508622,0.689421254,-1.190727341,0.105516334,0.200989727,0.24933877,0.522172955,0.279793747,-0.675897167,-0.175182079,-0.398451482,1.143546886,3.923209785,6.989620603,2.003321357,2.344413584,2.472791015,10.89807742,2.513306743,3.041520281,8.06705705,4.601233615,2.096965231,2.128371057,3.453652472,2.912447927,2.685288286,1.395319728,2.253988149,2.594708761,2.177194743,1.817873785,0.875340831,5.679716553,0.589396498,4.594473986,2.133333333,1.333333333,0.333333333,3.666666667,7,0.333333333,0.4,0.6,0.866666667,0.866666667,5.866666667,3.933333333,3.266666667,3.8,0.533333333,4.533333333,1.133333333,1.066666667,3.333333333,1.933333333,0.333333333,3.733333333,3.733333333,0.733333333,3.733333333,1.8,0.4,7.333333333,10.6,0.4,2,0.8,1.933333333,4.4,9.066666667,5,5.333333333,6.133333333,0.733333333,4.866666667,2.333333333,1.2,5.466666667,2.6,2.666666667,5.733333333,5.6,0.8,4
0.383170574,0.572139488,0.204564753,0.108398069,-0.555431833,1.208780312,0.086587727,-0.040269624,0.941341956,0.625996143,-1.532603869,-0.852999134,-0.432975377,0.344485067,-1.112958066,-0.231399456,-0.294034902,0.176435146,0.259298586,-0.474585395,0.824454124,-0.511925104,0.033728126,0.779786403,1.436867334,1.951423031,0.943312675,0.882600835,0.381821507,4.992582798,1.379776804,0.803227083,2.191059801,2.024337365,-0.181770621,0.794299189,0.791665406,2.50838575,1.252525125,0.690213905,0.697767934,0.993133532,0.908117871,0.28050153,2.562298834,1.68804948,0.566167899,2.637816158,0.4,0.8,3,6.266666667,2.066666667,0.4,6.533333333,4.666666667,0.733333333,0.4,0.266666667,0.133333333,4.333333333,4.266666667,0.266666667,4.933333333,0.133333333,0.4,1.933333333,4.533333333,6.333333333,6.466666667,6.533333333,1.333333333,1.8,5.2,9.533333333,11.26666667,8.733333333,1.466666667,11.53333333,10.13333333,4.533333333,1.6,1.8,3.333333333,8.133333333,7.933333333,0.733333333,10.26666667,0.666666667,1.533333333,4.733333333,4.733333333,11.8,12.46666667,9.4,4.133333333,4
-0.069352775,0.505617757,0.162778588,0.198637905,0.140502075,0.79981,-0.089110878,0.067425325,0.739131028,-0.026978653,0.056617226,-0.035546554,-0.173156659,-0.100147753,-0.960128517,0.05891073,-0.09541101,0.140186166,-0.044185591,0.246693265,-1.814657934,-1.185944865,-0.078395456,1.044904546,0.838912161,2.452539968,0.745545557,0.948646893,0.724089913,3.206850386,1.329536587,1.055197443,2.516920292,1.330754732,0.940802952,1.295135142,0.742157927,1.194740764,0.873060506,0.789092796,0.816843642,0.94854757,0.6916206,1.018581517,-0.445867175,0.436805524,0.285171763,2.707507291,1.666666667,1.4,1.2,4.266666667,4.733333333,1.266666667,1.066666667,1.133333333,1.4,1.333333333,2.866666667,5.933333333,1.666666667,4.333333333,1.333333333,4.866666667,1.266666667,1.2,2.2,6.6,0.266666667,6.933333333,2.133333333,1.2,2.066666667,1.933333333,3,7.533333333,7.466666667,1.533333333,6.333333333,3.333333333,4.066666667,1.8,4.533333333,10.4,2.333333333,6.866666667,2.8,8.666666667,6.6,3.866666667,4.333333333,8.333333333,5.6,12.33333333,3.533333333,1.466666667,4
0.326381056,0.452810238,-0.229219962,-0.461841741,-0.15022943,0.8191444,-0.248534478,0.221278774,1.580591868,0.462359299,-1.74709925,0.307962643,0.987027701,1.138288363,0.434613156,0.215489309,0.117385502,0.539061997,0.168114578,0.340926083,1.128473474,-1.659045798,-0.484907985,0.809908551,1.337142974,2.813301179,0.755981509,0.61680768,1.616615234,3.461272194,0.746711498,1.308674246,3.309557321,1.989898387,-0.006853967,1.197804263,3.50490274,3.862083553,2.101549033,1.01079362,1.18250239,1.315951987,1.39071249,1.824919694,3.210149491,-0.354560316,0.448809422,2.26923813,2.533333333,6.2,0.266666667,6.2,6.133333333,0.333333333,2.333333333,4.2,4.266666667,5.8,6.933333333,3.933333333,5.866666667,5.866666667,2.933333333,6.533333333,5.6,0.333333333,5.866666667,4.2,5.066666667,0.066666667,6.666666667,4.133333333,3,10.33333333,1.933333333,10.26666667,8.066666667,2.066666667,6.266666667,5.4,7.333333333,10.13333333,11.4,5.2,9.933333333,10.13333333,3.866666667,10.93333333,9.6,0.666666667,9.8,7.266666667,7.266666667,2.066666667,10.4,4.733333333,4
0.081474964,0.325032247,-0.216618356,0.185512005,-0.06641309,0.043827459,0.164342277,0.174611566,-0.429846453,0.110603799,-0.805770775,-0.138563481,-0.504093477,0.137688181,-0.173626321,0.121955851,0.175272537,-0.03479576,-0.217168395,0.36919219,-0.348886128,0.106668151,-0.174036789,0.537054172,1.890774892,1.044031329,0.48323619,0.732049832,0.418241716,1.757861145,1.152432324,0.727738305,0.555493116,1.268015907,0.127888911,0.276967778,0.588237492,1.05017059,0.791403203,0.529941972,0.668140581,0.507641709,0.185396875,0.80302869,0.087830352,0.957993525,0.305842233,1.652323373,1.333333333,3.466666667,0.533333333,2.533333333,5.4,0.333333333,6.866666667,3.266666667,2.8,0.466666667,0.2,2.533333333,0.266666667,5.333333333,0.4,6.8,5.866666667,4.533333333,0.4,6,5.333333333,5.8,2.466666667,0.2,1.866666667,6.533333333,1.8,4.666666667,7.466666667,1.6,11.33333333,5.4,3.8,0.866666667,1.733333333,5.933333333,2.4,10.46666667,1.066666667,11.93333333,8.8,7.4,3.4,9,9.333333333,9.066666667,6.533333333,3.133333333,4
1.522682126,1.746963672,0.336778944,0.347306596,0.183061185,2.46056164,0.09839773,0.466161707,2.39810133,1.117937236,-0.645573572,-0.68525269,1.141479533,0.276404106,0.544978648,0.112006255,0.034354001,0.54193965,0.449404099,0.474788212,-1.117109537,0.203091262,0.49066185,2.444002537,3.694745555,4.958776306,1.202817308,1.329079174,1.068315653,6.537970322,0.866720258,1.494636201,4.340050442,3.138368358,0.38261603,0.677612484,3.60516491,1.595427803,2.05529963,0.846313938,1.104712288,1.331284325,1.82704197,1.520056563,1.491586507,1.756191594,1.893013796,5.508216107,6.266666667,6.333333333,6.266666667,2.2,3.466666667,5.933333333,4.8,4.133333333,4.066666667,6.333333333,7,0.133333333,4.6,5.8,6.333333333,6.866666667,6.266666667,6.666666667,4.066666667,4.8,0.333333333,0.2,0.2,6.266666667,6.733333333,6.8,6.933333333,2.466666667,3.666666667,6.733333333,5.533333333,4.866666667,4.866666667,6.933333333,7.533333333,0.6,5.4,6.4,7.066666667,6.933333333,6.6,7.266666667,4.133333333,5.466666667,0.466666667,0.866666667,0.266666667,7.066666667,4
2.080437615,2.858134584,0.433389642,-0.060736993,0.184415745,0.843124081,-0.082063109,-0.140780232,0.520772071,0.550622785,-1.600721624,-2.338359911,3.608888873,1.401170297,-0.379757219,0.052381683,0.189152407,0.799104515,0.110131408,0.122050402,-0.649137215,0.35968151,0.042974474,1.27365292,3.798121981,6.197718863,1.644354965,1.539847524,1.307728714,3.316932234,1.284920996,1.298504126,2.37995608,1.603633751,-0.259266846,0.336546875,6.202992542,3.785357445,2.857765668,1.305359599,1.310065423,2.076974075,0.965774196,1.314978239,0.557843868,3.015682334,0.596794519,2.235516335,2.733333333,2.733333333,2.733333333,5.4,2.733333333,0.466666667,3.733333333,0.266666667,1.4,5.133333333,0.333333333,0.066666667,2.733333333,7,0.533333333,4.266666667,4.733333333,3.066666667,6.466666667,4.133333333,0.2,4.133333333,4.066666667,1.066666667,5.4,5.266666667,4.4,7.6,5.866666667,3.333333333,5.466666667,3.333333333,2.266666667,6.8,3.8,4.333333333,6.733333333,7.6,0.6,7.6,6.666666667,5.933333333,8.733333333,6.4,4.2,6.066666667,8.066666667,2.666666667,4
0.19115232,0.381872613,0.288339937,0.100962154,-0.042586413,1.294035468,-0.320688613,0.046580363,0.26885091,0.994459435,-0.060456629,0.30463981,0.031438977,-1.538367592,0.068851838,-0.169894188,-0.029126751,0.156419991,-0.029018267,-0.374865661,-1.260640768,-0.456145659,-0.233564858,0.611852234,0.800724095,2.889486756,1.150331517,0.677394992,0.362583195,2.88405817,0.274418304,0.765001992,2.289944523,1.964348411,0.556322345,1.014543781,1.963369934,0.770136273,0.951916002,0.441755044,0.881385492,1.096844938,0.638846447,0.991770331,-0.45008329,0.553656827,0.206669475,2.264691882,0.2,0.2,0.266666667,3.066666667,0.733333333,0.333333333,3.133333333,0.133333333,0.333333333,0.266666667,3.266666667,3.666666667,0.133333333,0.133333333,0.2,1.933333333,1.266666667,0.266666667,1.333333333,0.2,0.066666667,2.933333333,2.533333333,0.266666667,2.666666667,1,0.933333333,6.733333333,2.2,5.933333333,3.933333333,0.333333333,1.6,4.4,7.4,7,0.733333333,0.333333333,6.733333333,2.533333333,1.533333333,0.466666667,1.4,0.666666667,0.6,8.466666667,5.533333333,0.733333333,4
1.217247174,1.651706754,1.358038708,0.718674977,-0.014601193,2.557370272,-0.205150897,0.258052637,3.822324149,1.986251841,-1.947974694,-1.243526579,0.748918857,-0.194075629,1.798542102,-0.121280435,-0.005917035,0.908384579,-0.006253128,0.263358802,-0.201520559,0.247377645,0.059572158,1.538696698,2.701531773,3.446018412,2.05762461,2.07663197,0.540947594,4.206355149,1.647047664,1.461332917,6.191312583,4.309666108,0.086815611,0.081170689,1.401997142,0.526519781,4.883295005,0.276425486,0.780926663,1.658991898,0.449784873,1.102835375,0.515394299,3.162452334,0.433077685,2.698666447,7,3.066666667,6.466666667,2.066666667,2.8,1.466666667,0.2,3.2,3.133333333,3,0.466666667,0.266666667,5.333333333,0.733333333,2.4,6.6,3.2,2.8,2.933333333,2.466666667,0.4,0.266666667,2.066666667,5.466666667,8.266666667,4.333333333,7.733333333,3.333333333,4.066666667,2.733333333,1.466666667,4.466666667,4.4,4.266666667,1.733333333,1.533333333,6.6,2,3.666666667,7.866666667,4.466666667,4.066666667,4.2,3.733333333,1.666666667,1.533333333,3.333333333,6.733333333,5
-0.067923589,1.1969281,0.279849111,1.399238359,0.187562006,2.288369066,-0.793060329,0.321548079,3.079858274,0.911323916,-1.286529987,-0.986699848,0.47839796,-0.227820932,1.192149074,-0.107020638,0.141108253,0.766775984,0.198431001,-0.075198717,-0.390354205,-0.383676589,0.103662993,0.346076248,0.723836834,2.373990082,1.021288188,3.098113509,0.743970257,4.541303438,0.281089074,1.113654017,5.201047,2.090857826,0.168629937,0.24275933,1.254090494,0.299535129,3.212945771,0.501827939,0.787799029,1.547613235,1.139804895,0.528208846,0.357555907,0.547938929,0.416736943,1.357017042,3.733333333,1.866666667,1.733333333,1.666666667,1.066666667,1.866666667,0.266666667,0.866666667,1.8,2.466666667,0.133333333,0.2,1.933333333,0.533333333,2,0.266666667,4.133333333,2,1.733333333,1.066666667,4.866666667,7,6.866666667,5.666666667,4.2,3.866666667,2.733333333,2.933333333,3.8,2.133333333,1.733333333,3.2,2.6,3.4,1.2,2.933333333,4.933333333,3.2,5.066666667,2.533333333,4.533333333,4.133333333,4.333333333,2.2,6.066666667,8.266666667,7.133333333,6.466666667,5
-0.039068601,1.246916126,-0.0225819,0.227880351,-0.143725488,1.949638729,-0.318408146,0.231319037,2.204101465,0.364561854,-0.845213298,-0.650111071,0.929747537,0.311847242,0.397212287,0.011910423,-0.013407738,0.211776083,0.130812814,-0.043405498,0.207749679,-1.243555367,-0.848356868,-0.02258368,0.777184181,2.746366902,0.52694734,1.252250142,0.379812611,3.32280353,0.23628553,1.085171914,3.412947257,1.474470565,0.560764533,0.379331317,1.91232347,1.480355154,1.473166458,0.55091558,0.673004424,0.903541661,0.824655499,0.614013441,1.052300843,-0.560646743,-0.142612191,0.580863796,3.933333333,3.933333333,1.066666667,2.133333333,0.333333333,3.933333333,0.533333333,3.266666667,4.066666667,3.866666667,6.066666667,6.933333333,2.8,3.133333333,4.333333333,5.066666667,4.2,4.333333333,4.2,4.666666667,2.733333333,0.4,4.2,0.933333333,5.066666667,5.333333333,1.4,2.333333333,2.866666667,5.266666667,2.6,3.533333333,5.733333333,4.4,9.066666667,9.8,5.8,3.333333333,7.4,8.133333333,5.933333333,4.733333333,4.8,4.733333333,3.333333333,3.466666667,4.533333333,2.8,5
1.647913524,0.183970443,0.943079368,1.346812683,-0.277816789,0.21900425,0.796590123,0.543939336,1.557145599,0.135858345,-0.30149631,-0.320139756,0.215666299,-0.902147953,1.968384536,0.09299596,0.034880682,0.013464104,-0.316336319,0.217260495,-0.3821837,0.168324829,-0.118929783,0.685728432,3.482062717,1.135756613,1.882408644,2.591888887,0.232459877,2.320741155,2.153494089,1.22690794,3.790977859,0.924522036,0.479086466,0.168188818,1.012810847,-0.034072061,3.345733309,0.703887784,0.709924458,0.585769986,0.221633054,1.044770126,0.016193654,1.123959964,0.311559654,1.775633481,2.533333333,2.6,2.466666667,3.733333333,0.733333333,0.4,2,3,2.133333333,0.4,5.733333333,0.066666667,2.266666667,0.533333333,1.866666667,6.066666667,0.733333333,0.6,0.266666667,6.666666667,0.666666667,2.066666667,0.333333333,5,3.466666667,3.6,5.4,7.2,1.133333333,0.733333333,4,4.333333333,2.933333333,2.8,9.4,0.2,4.133333333,1.733333333,4.2,10.06666667,1.2,1.4,1,10.8,3.533333333,2.866666667,0.866666667,8.266666667,5
-0.011672345,0.352651247,-0.039902352,-0.002609182,0.000221411,0.774534996,-0.113439237,-0.076824286,0.72395648,0.642660346,-0.9015974,-1.115441633,1.181561068,0.042162932,0.013300246,-0.101257273,-0.06740297,0.018431544,0.116628408,0.006002174,-1.453071078,-0.329385614,-0.087553837,0.296233063,0.632549447,1.181190204,0.637636005,0.831259168,0.629367846,2.663915962,0.430604296,0.43068274,2.048386549,1.220560686,0.169710921,0.546621462,1.881000269,0.832467147,1.137145039,0.482687817,0.467187062,0.618687638,1.123920915,0.980761465,0.184197469,0.483458482,0.520100262,1.387989045,0.4,1.2,0.333333333,1.8,3.733333333,0.333333333,6.866666667,0.733333333,1.733333333,2.866666667,6.533333333,0.066666667,3.866666667,3.8,0.4,5.466666667,5.866666667,3.866666667,3.466666667,2.933333333,2.866666667,6.866666667,1.866666667,0.466666667,6.866666667,5.066666667,3,3.6,9.8,4.2,9.8,4.066666667,5.066666667,8.6,13.06666667,2.4,8.666666667,7.933333333,5.533333333,10.86666667,9.8,7,5.066666667,3.533333333,5.466666667,12.73333333,3.6,4,5
-0.543510935,0.714168432,0.318958889,0.432469052,-0.088443355,1.904647823,0.05351249,-0.055313022,2.150894762,0.431897184,-1.825200137,-1.898885359,0.92407803,0.042945596,-0.599917343,0.084553158,-0.111506312,0.52205185,0.166191116,-0.574988344,-0.274209943,-0.322753018,-0.188411694,0.376392281,1.806716679,2.315468615,1.633316967,1.547252967,1.860622363,5.091607595,1.628833024,2.039613181,5.019849453,2.582247664,0.286255236,0.717800537,2.991480997,1.372985092,4.210231307,1.397472135,1.689824449,1.783809512,1.943240928,0.77752694,1.129405456,2.937518506,0.843384911,2.198898513,0.4,1.4,6.333333333,1.066666667,4.333333333,0.733333333,4.733333333,2.866666667,3.133333333,3.133333333,6.533333333,0.4,2.866666667,0.8,0.4,4.666666667,5.266666667,0.466666667,2.866666667,4.533333333,5.666666667,4.6,5.066666667,0.466666667,0.866666667,3.066666667,12.73333333,2.466666667,5,3.733333333,7.066666667,3.266666667,4.266666667,7,12.8,0.466666667,3.266666667,0.933333333,0.666666667,8.8,10.6,0.666666667,4.266666667,8.6,11.46666667,9,7.4,1.133333333,5
-0.010281226,-0.929091693,-0.215067507,0.181385635,-0.565632879,-0.460841527,0.087561201,-0.725031827,0.580847161,-1.036253791,-1.479209945,-0.944522833,1.014459284,-1.090951896,0.464718905,-0.169927936,-0.216922113,-0.308305483,-0.618365628,-0.277856617,0.298307489,0.358825333,0.044135005,-0.206913684,0.784822462,1.637660331,0.380928528,1.255264446,0.416480767,2.986331696,0.769995911,0.288226406,1.899999561,0.434102667,-0.160525025,0.072800947,2.083025742,0.494395408,1.505485492,0.730732182,0.900799288,0.618445137,0.170175317,0.638245685,1.653564164,1.427770652,0.644786434,1.234197554,0.2,0.2,0.333333333,3.333333333,0.2,0.333333333,4.666666667,0.4,3.266666667,0.333333333,0.2,6.266666667,2.466666667,0.133333333,6.933333333,0.2,4.2,0.2,0.066666667,4.533333333,6.533333333,4.266666667,3.933333333,0.266666667,1.6,1.133333333,4.533333333,9.133333333,0.8,1.133333333,9.533333333,0.866666667,4.466666667,0.4,0.266666667,12.4,3.533333333,3.666666667,12.2,5.6,4.666666667,0.466666667,0.733333333,9.066666667,11.6,10.2,7.2,2.266666667,5
-0.456737674,-0.01104313,-0.072305524,-0.148796196,-0.217693109,0.353047428,-0.117227184,-0.09344887,1.366554595,-0.084318642,-0.628814711,-0.689067044,0.417192924,-0.034739343,0.121708447,-0.106870238,-0.104332706,-0.2599074,-0.071466293,0.043125664,0.674356632,-0.366674612,0.054352085,-0.836332061,0.532309877,1.180234478,0.589604068,1.103916135,0.814585541,1.814509954,0.731950011,1.090961626,2.616132971,0.75098665,1.216925949,0.462851581,1.23586254,1.72632811,1.645230923,0.671281934,1.081006807,0.274680305,0.6703943,1.007355781,3.489210283,0.496318778,0.791067759,0.090205586,0.333333333,2.933333333,3.866666667,2.866666667,4.466666667,0.933333333,4.866666667,5.8,3.333333333,6.866666667,0.2,6.2,4.733333333,0.2,7,0.266666667,4.733333333,2.4,5.133333333,4.8,4.666666667,0.133333333,0.4,5.733333333,6.6,7.333333333,9.933333333,5.866666667,10.13333333,6.2,10.53333333,7.133333333,3.933333333,12.2,0.266666667,11.6,9.666666667,0.666666667,10,1.333333333,10.4,3.666666667,10.86666667,5.266666667,10.73333333,0.2,7.133333333,10.13333333,5
0.916295159,3.180783244,0.685943717,1.329928638,0.78473364,3.777960252,-0.083262745,0.274286339,4.806166331,0.639480625,-1.708590414,-1.862415868,1.064872285,0.558134901,0.579956587,-0.10026888,0.243067197,0.552767605,-0.073319929,-0.049762173,-0.966625662,-0.655792243,0.453695381,-0.101412151,3.005885141,6.573297816,2.533635786,3.768731546,2.883267249,7.26271763,4.528279878,1.762370588,11.40166156,2.796224774,0.734658971,0.687080824,3.37568597,3.020961837,3.557291564,1.354771634,2.23368637,2.464937034,1.330545058,2.182085154,0.273491739,0.733043033,3.123445763,2.766885776,2.333333333,1.333333333,2,1.133333333,3.533333333,1.333333333,5.066666667,1.266666667,1.2,2.933333333,6.666666667,0.2,3.333333333,3.4,0.266666667,0.666666667,1.6,1.266666667,2.266666667,1.266666667,6.8,1.6,0.133333333,1.2,4.866666667,5.933333333,2.4,1.733333333,4.133333333,4.066666667,7.8,2.866666667,1.933333333,5.333333333,11.2,4.533333333,4.2,7.4,0.6,3.333333333,2.666666667,2.466666667,3.066666667,3.066666667,11.33333333,5.8,0.666666667,5.2,5
-0.202623967,-0.697954633,0.185234938,-0.320681332,-0.000617796,0.527512164,-1.135139365,0.031092648,0.597671381,-0.310592562,-2.14032919,-0.831056894,0.352427308,-0.818154767,0.044963249,-0.203527341,-0.124637054,0.135751866,-0.028071674,-0.279641259,-0.224022629,0.076997323,-0.281690287,-0.341764669,0.37981836,0.176109206,0.989919398,0.226830408,1.021468058,1.939972521,-0.01930158,0.720428575,1.578610915,0.309150557,-0.071451633,0.146116004,1.097079577,0.100623723,0.808980824,0.444041185,0.515444484,1.139458875,0.646521631,0.53782526,0.597307253,1.666021144,0.165547355,0.577694114,2.933333333,0.733333333,3.2,0.8,6.6,3,0.066666667,3,2.933333333,3.2,0.466666667,0.266666667,3.333333333,0.866666667,3.066666667,0.4,2.6,2.933333333,4.4,0.333333333,2.6,4.333333333,2.266666667,3,6,1.066666667,6.466666667,0.866666667,7.133333333,4.066666667,0.133333333,3.266666667,3.466666667,3.8,0.733333333,4.4,7.066666667,1.133333333,3.733333333,0.466666667,4.266666667,4.066666667,7.533333333,3.133333333,2.8,5.933333333,2.8,3.066666667,5
0.024665713,1.390046171,0.312304797,1.980264934,0.09560565,1.89276133,-0.380671955,0.360202114,1.808147338,1.384087569,-0.558161495,-0.325069035,0.459502433,0.218481681,0.469006993,-0.06252053,0.119933933,0.602689999,0.143931304,-0.097150092,0.002555551,0.099908328,-0.167048448,0.623423684,1.05896438,2.376810024,1.186170911,3.697807302,0.649536999,4.133212401,0.844539829,1.183827644,3.067135179,2.882583207,0.491462632,0.424360323,1.08039453,1.056755015,1.782395505,0.708587876,0.972510158,1.49679114,0.635716567,0.745022501,0.610137782,1.854893862,0.30290778,1.607688685,6.133333333,5.266666667,0.6,1.8,3.266666667,3.066666667,4,3.4,3.333333333,5.266666667,0.133333333,6.666666667,6.066666667,2.733333333,2.066666667,5.333333333,3.133333333,6.133333333,2.933333333,5.266666667,0.133333333,3.666666667,2.066666667,7,6.8,5.666666667,0.733333333,2.466666667,3.6,4,4.666666667,3.533333333,4.266666667,5.6,0.733333333,7.333333333,6.8,3.466666667,2.333333333,5.4,3.666666667,6.6,3.466666667,5.6,1.066666667,4,2.933333333,7.266666667,6
0.072398743,0.280981608,-0.031075727,0.213922232,-0.060803755,0.999599136,-0.83340857,0.001757994,2.59671872,-0.446882849,-1.254202017,-0.8568182,0.443706934,0.139071929,0.45414667,-0.051335423,-0.028876171,0.220822888,-0.013136926,0.251995457,-0.400282512,-0.212054817,0.063836275,0.227442415,1.078056269,1.665276302,0.814209404,1.870208306,0.508728836,4.288153736,0.258299772,1.445658535,4.984514292,1.53597596,0.224863529,0.297865449,1.23328195,0.903161027,1.623877708,0.76708586,1.079794248,1.31740647,0.730498129,1.008667644,1.161684036,1.123321186,0.514583769,2.141991102,0.266666667,0.533333333,1,2.066666667,3.333333333,0.333333333,0.066666667,0.466666667,1.333333333,0.333333333,0.266666667,5.6,2,2.866666667,1.466666667,2,0.133333333,0.466666667,3.2,2.333333333,6,3.066666667,1.733333333,0.333333333,2.133333333,3.066666667,3,4.266666667,7.066666667,1.133333333,0.333333333,0.533333333,4.933333333,1.133333333,0.333333333,9.4,8,8.866666667,2.066666667,6.133333333,0.466666667,2.4,4.133333333,5.8,11.86666667,6,4.533333333,0.933333333,6
0.638707265,1.050921943,0.423740257,0.758542979,-0.568754887,1.427304068,-0.284698392,-0.189223794,2.739491946,0.086447574,-1.441559946,-1.58810715,1.331818376,-0.23767915,0.005473004,-0.123881312,0.058934676,1.106903545,-0.305915095,0.340698933,-0.703324657,-0.4477995,-0.542424068,1.127798992,2.071701817,3.20538652,2.125978844,2.61996889,0.71588034,5.360185243,0.774462646,2.307312072,6.27316345,2.545388767,0.857537738,1.028646138,2.770972918,1.727723365,2.414954066,1.125854933,1.612646173,2.545694356,1.066153496,2.55966916,3.225305386,1.670575825,0.547552444,3.187330352,0.266666667,6.6,0.333333333,2.466666667,0.933333333,0.533333333,0.6,0.533333333,3,0.4,4.4,5.333333333,6.533333333,2.6,0.533333333,4.533333333,6.066666667,6.6,3.666666667,6.133333333,5.866666667,6.066666667,4,6.133333333,3.8,8.6,6.266666667,3.466666667,1,1.866666667,2.466666667,1,4.333333333,0.8,8.733333333,10.4,12.93333333,8.266666667,4.266666667,5.133333333,6.666666667,9.066666667,6.066666667,12.6,11.4,12.26666667,5,9.2,6
-0.001119401,0.9632673,0.39339846,0.392681068,-0.398046288,3.251898301,-0.544992314,0.07784494,1.66052961,0.441920927,-1.257745668,-1.853159428,0.906065752,0.021272279,0.444193076,-0.023288986,0.064007505,0.831253887,0.098084695,-0.019734047,0.917197314,-0.95365796,-0.462774184,1.794709768,1.401144097,2.490584962,1.622415728,2.429752959,0.844756571,6.5541444,1.755260486,1.396519835,3.860655682,2.055115975,0.353411369,-0.278040927,2.222105426,1.607978394,2.556055504,1.228588162,1.390367704,2.41970406,1.369505507,1.907604345,3.175739452,3.081802921,0.567575089,3.728231451,6.133333333,3.466666667,0.2,1.333333333,1.266666667,3.2,5,3.4,1.8,5.933333333,5.333333333,0.133333333,3.8,5.8,3.866666667,5,6.733333333,5.933333333,1.533333333,6.4,3.866666667,6.8,1.733333333,5.8,6.4,4.333333333,0.733333333,1.866666667,1.466666667,3.533333333,5.866666667,4.266666667,1.933333333,6.066666667,5.933333333,0.733333333,4.6,6.133333333,4.466666667,5.466666667,7.666666667,6.8,2,6.533333333,4.8,7.6,1.866666667,6.4,6
-0.55328951,-0.811672272,-0.13802111,1.184767548,-0.280259921,0.367148922,0.029740898,0.04380572,0.400863225,-0.1858171,-0.952626115,-1.13876862,0.121890493,-0.393943635,-0.658953102,-0.255648842,-0.000524603,0.166300847,-0.111458281,-0.210787632,-0.073408948,0.534945352,0.044695032,-0.502268307,0.340189094,0.592831959,1.048234428,2.867142622,0.874081864,2.076698329,1.881730273,1.104196056,1.711621273,0.913304107,0.903963017,0.153368938,1.638740734,1.108825135,1.295416321,0.625434437,0.943470982,0.998668062,0.896212016,1.169036257,1.000050066,3.27810456,0.716252387,0.871320102,0.533333333,0.933333333,3.133333333,2.066666667,2.933333333,0.466666667,2.133333333,3.133333333,3.133333333,4.2,6.866666667,0.066666667,2.6,6.066666667,2.333333333,6.133333333,2.2,3.8,0.4,7,2.2,2.2,3.266666667,4,2.466666667,1.6,5.666666667,6.4,8.666666667,3.733333333,4.2,8.333333333,8.533333333,8.133333333,13.2,4.933333333,4.6,7.066666667,4,6.2,8.4,7.666666667,0.6,12.6,3.666666667,4.2,4,8.266666667,6
0.550279868,-0.806259301,0.256537148,-0.46912812,-0.411057529,-0.039601423,0.002322974,-0.015732372,0.740536461,-0.869218683,0.149939643,-0.900892957,-0.668576784,-0.57742426,0.205272023,0.039188682,-0.343514067,-0.036619545,-0.626549318,-0.117756271,-0.652859861,0.307773785,1.015797582,0.4504039,1.447904126,1.473498316,0.934362471,0.619338318,0.110730167,1.489716993,0.517587758,0.660702037,1.649435547,0.156422781,1.569171008,-0.353157503,1.015962119,0.358205946,1.46991147,0.494602794,0.867254151,0.510587285,1.187367855,0.309766379,-0.133095649,1.361014455,4.496603418,1.680467,6.666666667,0.133333333,6.8,0.2,0.133333333,0.4,3.266666667,5.733333333,4.533333333,0.133333333,7,0.4,0.066666667,0.266666667,5.466666667,2.2,0.133333333,5.333333333,0.133333333,6.666666667,0.2,3.2,0.066666667,5.333333333,6.933333333,0.4,7.066666667,0.4,0.533333333,0.8,3.6,5.933333333,4.866666667,0.4,7.066666667,0.6,0.133333333,0.533333333,5.666666667,2.266666667,0.533333333,5.733333333,0.4,6.933333333,0.533333333,3.266666667,0.2,5.466666667,6
0.260049874,0.388125293,0.183396047,0.001583617,0.041552227,0.147449211,-0.136831969,0.220050759,1.466262146,-0.56986806,-0.92121248,-1.330659906,0.123671466,-0.408288416,-0.163599679,-0.03984399,-5.06E-05,0.082909852,-0.026371345,0.013909785,-0.230902593,-0.183998577,-0.096911431,0.351202656,1.110538914,1.487801237,0.785325985,1.219255935,0.817987212,2.028452841,0.375850393,1.092634271,2.593545707,0.122620663,-0.133836693,0.218149659,1.4331461,1.045651848,0.991774977,0.770045068,0.875459833,0.61625906,0.820567918,0.753143933,0.776130222,0.899502351,0.451431793,1.249587722,4.066666667,2.733333333,3.933333333,6.866666667,4.933333333,0.2,0.133333333,3.6,6.066666667,1.6,0.066666667,0.066666667,0.733333333,0.666666667,2.866666667,3,5.066666667,1,0.733333333,6,0.333333333,2.133333333,1.4,3.733333333,4.933333333,5.733333333,4.866666667,9.866666667,5.133333333,0.533333333,2.533333333,6.2,8.866666667,2.533333333,0.466666667,2.6,3.733333333,3.666666667,3.666666667,4.6,7.266666667,1.6,2.2,7.066666667,3.333333333,2.866666667,2.866666667,3.933333333,6
0.343775228,0.574263405,0.226052553,-0.379518073,-1.425108943,1.180455254,-0.532560952,0.321250165,2.167030872,-0.207723474,-0.31474884,-0.630273355,0.362684435,-1.545018933,0.156321819,-0.371821477,-0.276877225,0.222443063,-1.110639736,-0.202596608,-0.051933718,-2.07191889,-0.21442165,0.189704312,1.660531224,3.207539235,1.409257704,0.548610153,-0.375419547,4.886266708,0.687192181,1.449766666,4.248304752,0.832515871,0.765879285,1.233277276,1.315732062,-0.113068205,1.714657857,0.545522122,1.003812014,1.540859991,0.179863964,0.951741974,1.285002655,0.69109586,0.524153122,1.96838255,0.733333333,1.066666667,0.933333333,5.733333333,0.666666667,0.533333333,6.733333333,0.733333333,1.066666667,4.8,6.866666667,6.666666667,5.6,0.666666667,0.666666667,0.8,1,0.533333333,0.6,4.466666667,6.533333333,6.8,1.933333333,0.666666667,1.8,2.133333333,5.333333333,9.466666667,1.066666667,1.533333333,12.86666667,4.866666667,7.266666667,9.2,10.73333333,12.4,5.8,1.466666667,4.666666667,2.666666667,1.666666667,2.066666667,0.733333333,8.4,12.6,12.8,7.466666667,0.933333333,6
0.081661262,-0.204139009,0.205067586,0.336335873,-0.035252091,0.356738874,-0.14556899,-0.119721438,1.087431728,-0.287128471,0.21417309,-0.391102001,-0.182135214,-0.436137263,0.040494837,-0.148644221,0.207613254,0.024385879,-0.09123473,0.139741634,-0.8904941,-0.185347561,-0.306908124,0.178779954,1.211030202,0.863024555,1.212763067,1.564319716,0.897961769,2.286187975,0.620118626,0.763270603,3.605697324,1.112636639,1.232189677,0.259745089,1.460754894,0.560898081,1.250284892,0.533948857,0.989167098,1.265741393,0.563985862,0.956699006,0.308571059,0.553700094,0.244719431,1.531098902,1,1.066666667,0.466666667,0.4,0.6,0.466666667,4.866666667,3.066666667,1.2,0.8,0.333333333,0.133333333,1.2,1.2,0.733333333,0.266666667,2.133333333,0.733333333,1.266666667,4.666666667,7,5.866666667,3.933333333,1.133333333,3.066666667,6.4,1.866666667,0.933333333,1.733333333,1.066666667,7.333333333,3.133333333,2.6,1,2.8,5.266666667,1.666666667,1.6,1.133333333,2.666666667,5.333333333,3.933333333,3.733333333,9.666666667,10.53333333,10.66666667,5.266666667,1.733333333,6
3.150639379,2.457964046,1.068337674,1.007526229,0.229790691,3.056807814,0.441908877,1.026162202,5.675088908,0.619978568,0.378887819,-2.631130513,3.073142966,-0.312599174,-0.508560358,0.299136277,0.029169493,2.399172685,-0.130936614,0.219297768,-1.324103382,-0.222055861,-0.04925352,3.891837182,10.06630367,9.108885262,3.276245545,2.420760095,1.20311199,6.731508845,2.457791577,3.287753684,13.25342562,3.665145679,2.78883798,0.254798463,11.63111167,2.177434573,2.650943917,1.650712387,2.721507841,7.275467066,1.023467798,1.701327207,2.001044519,1.618094646,0.971661627,9.326138847,6.933333333,5.266666667,5.6,1.666666667,4.466666667,2.6,5.733333333,4.933333333,5.266666667,5.6,6.866666667,0.066666667,5.4,1.333333333,2.533333333,4.466666667,5.466666667,5.4,2.8,2.8,1.333333333,6.933333333,0.333333333,5.4,7.066666667,5.4,5.733333333,1.8,4.533333333,2.666666667,5.866666667,5.066666667,5.333333333,5.666666667,7,0.133333333,5.533333333,1.4,2.6,4.6,5.6,5.466666667,2.866666667,2.933333333,1.4,7.066666667,0.466666667,5.466666667,6