0.137172030810351,0.0740836891706053,0.390857053808759,0.111488736081189,-0.501832981111642,1.07088707534481,0.163600026070548,-0.253648421090805,0.274423447116196,0.0768266578415055,-0.226023497150176,-0.361985780065577,-0.294234839078294,-0.382424177307993,-0.080988492167842,0.120993718034099,-0.0693207772861572,-0.44320410859123,-0.206445753576663,0.0414954792474718,0.533439504610767,-0.213721742664564,0.189860802227063,-0.0125147843170708,0.0129979058910538,0.537718660349983,0.334753661401641,0.826781471241246,0.397517921458249,0.26968551967149,2.10079310174044,0.787620323653836,0.3323587262908,0.723961965219352,0.32443817490024,0.338512696156708,-0.0347303357381364,0.314781741294022,-0.0231891947233714,0.60832930868527,0.357925091371761,0.475319300838297,0.236425687317722,0.159208853253335,0.294975856794441,0.964586081930936,0.427412666075631,0.48739379799981,0.354734045376828,0.213497161172633,6.33333333333333,0.933333333333333,0.533333333333333,0.133333333333333,4.4,0.4,6.6,0.533333333333333,4.6,1.33333333333333,6.66666666666667,0.0666666666666667,1.53333333333333,0.133333333333333,5.13333333333333,1.06666666666667,6.46666666666667,4.93333333333333,1.46666666666667,2.73333333333333,6.53333333333333,5.6,0.4,4,2.66666666666667,6.8,1.6,0.733333333333333,0.466666666666667,4.86666666666667,0.533333333333333,7.2,0.6,5,1.73333333333333,7.4,0.4,1.6,0.466666666666667,5.73333333333333,1.33333333333333,6.73333333333333,5.4,1.6,3,7.2,5.8,0.666666666666667,4.13333333333333,3.33333333333333,0,0,0,0,0,1,0,0,0,0,0,0,0,0,0,0,0,0,0,0,0,0,0,0,0,1
-0.179473904346593,-0.0268457373475751,0.388184899605893,-0.0195926062551604,-0.365803172907511,0.185309341109276,0.242118364279056,0.0517173563479952,0.0561150256769104,-0.397452386852924,-0.171603302002641,-0.0820861328487329,0.0388951552953629,0.0504704018341044,0.116619149431806,0.290934664244005,-0.277823036878774,-0.665106738438082,-0.390769020153377,-0.0916428179881697,0.749646897570424,-1.16825891682087,-0.00505498590997562,-0.557083591432627,-0.00742618893951659,0.314626050558376,0.399791705719556,1.09844833906866,0.248232662041376,1.96020355564297,1.84864083741377,1.12692745872329,2.3765220337468,0.965934047086479,0.135413025204629,0.125429426192053,1.23781410171284,1.83358031819631,0.989034291190929,0.909388153843096,1.20034145601838,1.13486275968779,0.469779380250521,0.594452538985184,0.852441669407122,1.53217755951619,-0.590160107176792,0.705570443062615,0.640766231085732,0.245649191421629,5.73333333333333,0.933333333333333,5.93333333333333,0.733333333333333,5.46666666666667,6.73333333333333,0.466666666666667,2.53333333333333,5.53333333333333,3.46666666666667,1.93333333333333,6.73333333333333,5.8,5.66666666666667,0.4,5.73333333333333,3.26666666666667,5.6,5.73333333333333,5.53333333333333,6,6.53333333333333,5.26666666666667,4.33333333333333,1.4,6.53333333333333,1.46666666666667,6.8,0.8,5.8,8.06666666666667,0.6,3.13333333333333,6.33333333333333,4.2,2.86666666666667,7.06666666666667,7.13333333333333,6.6,1.13333333333333,6.06666666666667,3.33333333333333,5.66666666666667,5.93333333333333,6.46666666666667,7.13333333333333,7.4,5.93333333333333,4.86666666666667,1.6,0,0,0,0,0,0,0,0,0,0,0,0,0,0,0,0,0,0,0,0,0,0,0,0,0,1
-0.277817446483324,0.392310920408044,1.13692611808489,-0.0647457902159299,-0.658096345589124,1.57056825910066,0.466295342016682,0.730040222556529,0.952106236640327,1.24409197769575,-0.365231716464061,0.137737790936655,0.845963315380908,-0.121881914897333,-0.645687926736615,0.994539867314817,0.19196950560154,0.314512940899888,0.796631407520035,-0.0396717529388829,0.534674253805021,-0.333152013621397,0.154468348418744,-0.0958918235470812,-0.231061789958507,0.635422687671634,0.975239852104101,2.15764843578279,0.36668377227886,0.745130021216704,2.07412059318054,1.12385578128777,2.33830888055097,2.79615562694127,2.15176714833342,0.255207433265081,0.6159777092042,1.5608014381237,0.64809527522532,-0.10082184320585,1.46533070578543,1.1123955104583,0.961177052634422,1.80594003248224,0.252341890568435,1.29020232573904,0.963882251001327,0.633091414422005,1.15433662142594,0.681921704329127,2.93333333333333,3.06666666666667,0.6,0.333333333333333,4.26666666666667,1,0.8,0.266666666666667,1.53333333333333,1.26666666666667,7,0.666666666666667,3.13333333333333,4.86666666666667,3.6,0.933333333333333,3.33333333333333,1.6,4.53333333333333,0.6,0.533333333333333,2.8,3.33333333333333,3.4,6.86666666666667,3.4,3.73333333333333,1.66666666666667,1,5.33333333333333,5.13333333333333,3.46666666666667,1.93333333333333,5.26666666666667,2.46666666666667,8.46666666666667,0.733333333333333,4.66666666666667,6.8,4.33333333333333,4.93333333333333,6.4,3.4,6.6,1.2,2.13333333333333,5.73333333333333,4,4.33333333333333,9.66666666666667,0,0,1,0,0,1,0,0,0,1,0,0,0,0,0,1,0,0,0,0,0,0,0,0,0,1
-0.186960579738528,-0.216407655673394,1.32526057315798,0.662158904185891,0.398428560904435,0.537645114455933,0.321222173215997,0.693146445189526,0.555963160128694,0.349543485331799,-0.674023243830954,-0.42527114536659,0.208925864773229,0.0983749574006132,0.0814270392394096,-0.0218683175267644,-0.20180285688394,-0.487909035447804,-0.295335925586891,-0.211524799164519,2.02124236975943,-0.108700594416006,-0.140859140908886,-0.0386811808808146,0.261173817255212,0.518357995092402,0.377678547098057,2.33531148025017,1.71549291051447,2.05921726795167,1.27852804911574,1.14303213927116,2.73485083533569,1.2671617046197,0.632304246376664,-0.12099289306716,0.439189153061031,1.81338105111237,0.701900439983132,0.480023958869878,0.96531918916966,1.8758164446849,2.09607861095714,0.912766010232347,1.06465723428221,3.34263491388202,0.612881949349009,0.56046287914571,0.681517322513101,1.94532414970146,1.53333333333333,3.4,0.6,1.46666666666667,3.4,4.06666666666667,2.6,2.4,1.6,0.466666666666667,0.866666666666667,0.0666666666666667,4.66666666666667,2,1.26666666666667,4.53333333333333,6.66666666666667,4.13333333333333,5.8,6.93333333333333,0.666666666666667,0.133333333333333,6.66666666666667,1.2,6.6,1.73333333333333,7,2.93333333333333,2.4,4.46666666666667,6.46666666666667,7.2,4.4,4.2,2.2,3.4,1.13333333333333,8.26666666666667,5.06666666666667,1.6,7.33333333333333,11.4,7.66666666666667,7.66666666666667,10.3333333333333,1.8,0.666666666666667,12.1333333333333,1.4,11.2666666666667,0,0,0,0,0,0,0,0,0,0,0,0,0,0,0,0,0,0,0,0,0,0,0,0,0,1
0.0612638543103994,-0.211695569538359,1.17401126711723,-0.155527010339008,0.0430852762436671,-0.437461819868457,-0.0440836672465292,0.369297290195482,-0.172970257293575,0.185453131869832,-0.442313016035871,0.0615689891330358,0.799598935213881,0.624630758528552,0.0340428864339929,-0.746657313033302,-0.139525771604668,-0.639519972080972,-0.483696631533442,-0.316761899007087,2.58401005213908,0.110501958666066,0.430215370653605,-0.0489725163914045,0.600748542694488,0.864170185103269,0.455205245415745,2.56681412845966,0.493252158903419,0.734766730119278,0.632814641536013,1.94393990469809,2.5505310220742,0.852000053190735,1.63707039368488,0.548633877541123,1.06533884257772,1.77993024232298,1.00563193231812,2.94328672888793,0.323294663507427,1.71885635658231,0.993382948664415,0.539334678151796,0.534982485893812,4.0004277844489,2.3846374921028,1.88928393658415,2.37555838088804,1.10248751541829,0.933333333333333,5.8,0.6,0.0666666666666667,0.533333333333333,0.266666666666667,5.93333333333333,5.86666666666667,1.46666666666667,2.2,0.733333333333333,1.86666666666667,0.533333333333333,1,2.53333333333333,0.0666666666666667,5.8,2.4,4.46666666666667,6.8,0.6,2.93333333333333,5.66666666666667,4.53333333333333,5.53333333333333,1.73333333333333,8.06666666666667,1.13333333333333,0.266666666666667,2.8,0.333333333333333,11.5333333333333,7.26666666666667,5.8,6.26666666666667,2.33333333333333,2.66666666666667,1.13333333333333,2.33333333333333,4.53333333333333,0.6,11,6.13333333333333,10.0666666666667,12.9333333333333,5.33333333333333,5.6,11.6,9.06666666666667,7.93333333333333,0,0,0,0,0,0,0,0,0,0,0,0,0,0,0,0,0,0,0,0,1,0,0,0,0,1
0.0630974970601068,-0.0384182395910419,0.256712544643179,-0.213337755739675,0.384375938304486,-0.385166980807418,-0.0584817900279896,0.20788805774908,-0.0517635861461306,0.0237993670036413,0.141277755802414,-0.113406893836426,-0.293184703175489,-0.111428964841606,0.213848542521931,-0.238384157686947,0.0778399991392285,-0.0712667531237444,-0.324344317452051,-0.102468042256694,0.429457822808492,0.246724196780679,-0.115624543804303,-0.028738956013303,0.285663924893253,0.560171530511687,0.620129681093475,1.30286191282603,0.350674217000451,1.13538139547247,0.959697027607116,0.789760070018385,1.18915580579638,0.960106985715809,0.774191426694952,0.836589570155118,0.565578582781029,0.851443123916313,0.403398223422422,1.12999116472208,0.522330787944493,1.08278989426153,1.18559708415387,0.538336906300783,0.929484094231333,1.25433582761288,2.63409328872008,0.891746118334859,1.3342339033249,0.489092038596826,1.6,1.86666666666667,2.66666666666667,1.46666666666667,6.46666666666667,4.46666666666667,2.73333333333333,3.8,1.6,6.06666666666667,4.6,1.8,2.53333333333333,0.733333333333333,2.6,2.8,1.53333333333333,1.6,4.86666666666667,1.6,3.2,2.46666666666667,6.86666666666667,5.46666666666667,1,2.06666666666667,2.4,4.2,1.53333333333333,7.33333333333333,6.53333333333333,4.2,4.73333333333333,1.86666666666667,9.6,5.6,3.4,3.73333333333333,0.8,4.73333333333333,4.6,1.66666666666667,4.93333333333333,8.46666666666667,5.13333333333333,5.2,6.46666666666667,11,9.93333333333333,1.2,0,0,0,0,0,0,0,0,0,0,0,0,0,0,0,0,0,0,0,0,0,0,0,0,0,1
2.11275894660042e-06,0.137288031419328,0.355213676699015,-1.60114423705795,-0.100936504765424,-0.928062945884841,-0.298500388604206,0.588511850921063,-0.681209426039799,0.0855271931319849,0.043284781454062,-0.198432174157223,-0.307051938692147,0.216272542691314,-0.688092478183879,-0.885216162581982,-0.313234900643176,-0.996689470639342,-0.926397289827568,-0.324361763218619,0.398154170558028,-0.0944212612414701,-0.26834141979998,0.0206463606965519,0.249042385443069,1.59564374659309,0.982232926363047,0.996836459698237,-0.794943698148141,1.77995673111973,-0.446114703937297,0.547715035414098,1.7186755521156,0.182388409525779,0.688961321144019,0.710792668643926,0.586676260605392,0.838421127127087,2.45255414986481,2.59543886634549,-0.329785490359843,0.667979899166745,0.664937728989428,-0.0718650259018756,0.823463234364103,1.60556194822659,2.47027275096208,0.357720826712309,1.11858867557909,1.39228024139309,6.4,0.733333333333333,0.266666666666667,0.4,2.46666666666667,0.733333333333333,3.66666666666667,0.6,5.4,2.4,0.533333333333333,2.66666666666667,6.33333333333333,6.13333333333333,2.53333333333333,0.533333333333333,0.533333333333333,2.33333333333333,0.266666666666667,3.33333333333333,0.466666666666667,6.46666666666667,0.4,2.8,3.26666666666667,6.6,1.4,0.333333333333333,0.666666666666667,2.66666666666667,1.4,3.73333333333333,0.733333333333333,6,2.8,0.666666666666667,2.73333333333333,6.46666666666667,6.73333333333333,2.6,0.733333333333333,0.8,2.86666666666667,0.4,3.8,0.6,6.86666666666667,1.06666666666667,2.93333333333333,3.73333333333333,0,0,0,0,0,0,0,0,0,0,0,0,0,0,0,0,0,0,0,0,0,0,0,0,0,1
-0.00927253374907196,-0.108356820099312,0.601008974939978,0.324633832186674,-0.324572468186176,-0.602958180538015,0.182560374641206,-0.108315125203485,-0.0352242190746009,0.324003167343803,-0.013100761011513,-0.0485413163196441,-0.264831698979748,-0.0764994415723886,-0.189831728337645,-0.224399018153316,0.0638607054646973,-0.211982838335064,-0.0154534564707264,-0.11721269631283,1.30753396182429,-1.19746756501921,0.0463007495747984,-0.139055216110988,0.561795934989068,0.413032193388199,0.891142796450198,1.78984391612942,1.58532363834464,0.40123374160229,1.9275997703377,1.20110527874114,1.19225162993035,0.601180801330877,1.27404863863367,0.353810812422552,1.94993523394693,0.652367692190778,0.39493048398859,0.747649855558269,1.0197313001565,1.55457670538271,1.89154060605616,1.42679767225164,1.39277988312084,2.74842083485725,-0.103928494105904,1.79418027728709,0.60062276140085,0.987454235351371,3.46666666666667,2.66666666666667,2.13333333333333,6.8,3,7,2.13333333333333,3.13333333333333,3.13333333333333,2.13333333333333,5.13333333333333,6.8,3.66666666666667,1.13333333333333,5.13333333333333,3,5.53333333333333,2.86666666666667,2.73333333333333,6.66666666666667,2.06666666666667,0.133333333333333,3.53333333333333,3.4,1.6,3.86666666666667,6.13333333333333,2.33333333333333,9.6,4.06666666666667,9.26666666666667,2.66666666666667,3.93333333333333,5.53333333333333,3.6,5.4,9.13333333333333,3.73333333333333,4.2,6.8,4.46666666666667,9,4.66666666666667,3,9.8,2.26666666666667,0.2,6.93333333333333,5.2,4.4,0,0,0,0,0,0,0,0,0,0,0,0,0,0,0,0,0,0,0,0,0,0,0,0,0,1
-0.190284334674537,0.110218430046969,0.836255999911714,-0.83219202767873,0.317592562080041,-0.764476966861063,-0.180076614294771,-0.397475034851235,-0.111768031786467,0.661406453256106,-0.0614396685444747,-0.0127173517243864,0.150486690444035,-0.169309618803015,0.241814013493733,-0.311860419875122,-0.444376547937695,0.775053235944053,0.431209400002539,-0.181948648198659,1.07523068513753,-0.203493717811679,-0.257790067344786,-0.0653057168587728,-0.0715198751138033,0.332485390253836,0.603630503733795,1.92195474667571,0.740109575861936,1.03663530319874,0.282000199856571,0.711915999062014,0.381040432644581,0.250725858371852,1.81671920866788,0.630120042939306,0.73286172334968,0.710849282120026,0.588995088470395,0.952014765831426,0.251135655413038,0.44472624121586,1.40765547979681,1.08353028923739,2.12540987409933,2.31675880225273,0.410492107904375,0.544323270477274,0.478735768345998,0.397284048238283,6.4,2.6,1.66666666666667,0.0666666666666667,1.73333333333333,0.2,2.06666666666667,0.4,1.66666666666667,2.33333333333333,4.33333333333333,4.86666666666667,0.133333333333333,1.8,1.66666666666667,1.86666666666667,0.2,2,2.73333333333333,3.93333333333333,0.466666666666667,0.8,4.8,4.13333333333333,3.13333333333333,7,2.66666666666667,1.8,0.533333333333333,2.06666666666667,0.6,2.73333333333333,0.6,1.73333333333333,2.86666666666667,4.93333333333333,5.13333333333333,0.6,2.2,2,2.2,0.666666666666667,2.2,2.86666666666667,4.4,0.733333333333333,0.866666666666667,5.46666666666667,4.26666666666667,3.8,0,0,0,0,0,0,0,0,0,0,0,0,0,0,0,0,0,0,0,0,0,0,0,0,0,1
0.059572451628009,-0.0853146939341576,0.397501717154051,-0.0983314315195934,-0.45469858278648,-0.622737078103896,0.175716836507171,-0.458149842996457,-0.202359632340413,-0.137942538837699,-0.279199139327846,0.466471661496587,-0.409255349968394,0.423222178617605,0.416745632602242,-0.457328840490137,-0.0964310282474532,-0.13694974848619,-0.445144106447949,-0.0721235708599251,0.44577670442387,-0.162561728698013,-0.309363121351251,-0.159652298664242,0.958067654825775,1.51600759380262,1.27051083250157,1.43820285134834,2.41432208233289,0.298837890681753,0.118958108520717,1.05325157355357,0.247801846317391,1.67892205043374,0.616936615405716,0.228872771269259,1.70905279171957,1.13168424306448,1.98585010968201,2.20587820095977,0.319610696457374,0.741940114117572,0.496076224988912,0.296937821676111,0.741572539421585,1.58324973779976,0.803417856690196,0.77108661145465,0.649612045277372,2.02420347068422,5.06666666666667,4.26666666666667,0.8,4.8,2,1.2,4.53333333333333,0.4,4.13333333333333,5.46666666666667,0.4,5.66666666666667,5.73333333333333,5.6,3.8,1.13333333333333,0.266666666666667,0.0666666666666667,0.2,2.93333333333333,0.733333333333333,5.26666666666667,5.73333333333333,4.06666666666667,2.8,6.26666666666667,4.6,1.4,5.13333333333333,2.73333333333333,1.73333333333333,4.66666666666667,0.666666666666667,4.4,6.4,2.4,6.8,6.66666666666667,6.8,4.86666666666667,1.4,0.933333333333333,0.866666666666667,0.4,4.33333333333333,1.13333333333333,7.2,6.33333333333333,6.06666666666667,4.13333333333333,0,0,0,0,0,0,0,0,0,0,0,0,0,0,0,0,0,0,0,0,0,0,0,0,0,1
-0.0689010257187284,0.163271160975292,0.0206434655984236,0.0685823759193174,0.00573301470500945,-0.479812627913159,-0.0979556117726905,0.390156542513044,0.330327431495552,0.202314271982349,0.214287424853755,0.141052343817668,-0.28984794125503,-1.13644932755055,0.228188734301854,-0.0565891732357384,-0.202833954371803,-0.217355266739825,-0.132672622339565,0.12573149538321,0.366489013783591,0.00118750572206495,0.0157641361816714,0.0869469440691699,0.744477024184095,0.382993548501131,0.35235005652303,0.2307609604093,0.434351153466148,0.171708961156666,0.473273035252421,0.0928369341884815,0.876326857419026,0.531909204300794,1.52409255555992,0.417832337051021,0.326307771154107,0.357402049863415,0.411296338586088,0.72307755523241,1.45465079913675,0.0660175236101287,0.825403939052423,0.215431124890205,0.544884065965595,0.801091526660257,0.192914076487046,0.199849221479344,0.353049080996938,1.28696598642594,0.333333333333333,1.66666666666667,0.6,6.4,0.533333333333333,6.26666666666667,4.06666666666667,0.533333333333333,1.66666666666667,3.2,1.73333333333333,1.66666666666667,0.133333333333333,0.0666666666666667,3.2,2.46666666666667,0.333333333333333,6.33333333333333,0.266666666666667,2.53333333333333,2,0.133333333333333,0.4,2.33333333333333,1.73333333333333,0.466666666666667,8.26666666666667,1.8,12.4666666666667,1.2,12.0666666666667,5.73333333333333,1.46666666666667,4,5.66666666666667,2.13333333333333,2.06666666666667,0.2,6.66666666666667,7.2,5.2,0.4,8.53333333333333,0.4,5.93333333333333,6.06666666666667,0.533333333333333,6.2,5.13333333333333,2.13333333333333,0,0,0,0,0,0,0,0,0,0,0,0,0,0,0,0,0,0,0,0,0,0,0,0,1,2
0.110671646583348,0.034115514073736,-0.547282562958051,0.891390073869503,0.15016876865472,-0.541873814330242,0.176923662362372,1.05005320240906,0.451589159317807,0.41018545727507,0.35119397479078,-0.0789821514368003,-0.173672406516978,-0.0457361998163125,0.00782042535829806,1.05868367189046,-0.137556006154815,-0.163866774883835,-0.426912624745102,0.133728194110373,-0.445512750332576,-0.143026195494854,0.298106003084775,0.165147670663912,0.468264610672503,0.689214540412543,0.941309230609526,0.369352015971806,1.82386192551208,1.54328114322662,0.0518067430617216,0.919904071149405,1.92298725532567,1.73986902108948,2.12169949836307,0.757705109342241,0.718399328031305,1.1097208739672,0.373249525845099,1.88973438584748,1.92374308200315,0.996021664772713,1.76631060494731,0.748793935653053,0.691507426636026,0.90944023361055,1.7649319759924,0.790202153213462,0.667455920488194,0.902642518094318,0.933333333333333,3.73333333333333,3.2,1.86666666666667,7,6.86666666666667,1.53333333333333,0.933333333333333,0.8,3.8,1,5.4,3.53333333333333,0.333333333333333,4.86666666666667,0.6,2.86666666666667,3.66666666666667,3.46666666666667,2,6.26666666666667,3.6,5.46666666666667,0.866666666666667,5.2,1.2,8.53333333333333,5.66666666666667,2,11.5333333333333,12.8666666666667,2.4,2.06666666666667,2.66666666666667,8,4.4,6.93333333333333,4.46666666666667,0.8,10.6666666666667,2.6,5.73333333333333,7.86666666666667,5.33333333333333,5.6,8.4,9.2,9.26666666666667,4.8,5.53333333333333,0,0,0,1,0,0,0,0,0,0,0,0,0,0,0,1,0,0,0,0,0,0,0,0,0,2
-0.496224302389245,0.335135339212221,0.336538162884422,-0.379018549774457,-0.050801198227164,1.29471118171574,0.96378195658032,0.66936723142141,1.23064980353104,0.437789423701781,0.0370111881391835,0.65524820505868,0.580768638223199,-0.251480928908993,-0.334812933765694,2.01157038173252,-0.0631741443963427,0.0429128788035612,0.632419991043956,-0.031334557920245,0.085816040778014,-0.382414492036993,0.162554485956299,-0.460233591983335,-0.415295325497676,1.25277960693878,1.41452943592115,1.01503966981603,-0.0451470151851709,1.42052599668191,2.51159950036932,2.45756100690837,1.37346399815749,2.97202135875742,2.17493452519263,0.870684214114898,1.82821897577491,2.38284894629147,0.486494346754864,1.1486512392096,2.70355379248103,2.28365241624502,2.48470029514658,2.91054675515459,0.656775919234966,0.877340892446882,2.08720504389955,1.33665413375867,0.632607516657277,1.46804411641148,6.53333333333333,2.8,0.0666666666666667,7,5.33333333333333,2.66666666666667,0.0666666666666667,1.8,3.06666666666667,3.06666666666667,2.6,2.66666666666667,2.86666666666667,6.53333333333333,3.6,0.666666666666667,2.93333333333333,5.26666666666667,3.06666666666667,2,0.6,3.06666666666667,6.46666666666667,4.53333333333333,4.6,6.66666666666667,3.13333333333333,0.266666666666667,7.53333333333333,5.46666666666667,2.73333333333333,0.533333333333333,2.33333333333333,3.13333333333333,3.46666666666667,2.66666666666667,2.93333333333333,2.93333333333333,7,3.93333333333333,1,3.46666666666667,5.33333333333333,3.13333333333333,2.46666666666667,1,3.13333333333333,7,4.8,4.8,0,0,0,0,0,0,0,0,0,0,0,0,0,0,0,1,0,0,0,0,0,0,0,0,0,2
-0.60343939385348,-0.0302945229322736,0.605211974597092,0.733916657441772,-0.442896774681016,0.676684633150061,0.533891361782758,2.66839030226584,-0.327297884031618,0.487580364932068,0.279944986251495,0.236151925531528,-0.769120697583402,-0.338794512958232,0.0868309867573008,1.57101649693412,1.25838383258321,1.09436838284504,0.971776195338132,-0.378991471803986,0.51133427431743,-0.905072973413511,0.0866441347284269,-0.309701217236161,0.232146371267509,0.620145666377534,1.13947045349809,2.44455909594391,2.00579187227152,0.457174419706112,5.25180319562598,1.75883939054557,4.70381819933069,1.16898542376658,2.62340596381819,1.39475827741566,1.28071697930388,1.75181627865352,0.12206783489474,1.02068567955359,3.66095248401401,2.58879118346031,3.57349585465122,2.56371776509626,0.717679812213265,1.36888804972896,1.18505344188068,0.996632616368686,0.372327321093268,0.635454983973648,0.2,4.13333333333333,5.66666666666667,6.13333333333333,4.6,5.86666666666667,5.46666666666667,1.93333333333333,5.46666666666667,6.46666666666667,6.4,5.4,4,0.4,3.33333333333333,5.4,0.4,5.73333333333333,3,6.66666666666667,0.6,4.33333333333333,3,3.4,0.266666666666667,0.4,8.33333333333333,10.6,7.93333333333333,4.86666666666667,9.26666666666667,11.6,2.86666666666667,10.8666666666667,9.53333333333333,11,8.2,7.93333333333333,6.13333333333333,5.53333333333333,8.93333333333333,1.26666666666667,7.6,3.86666666666667,6.93333333333333,1.73333333333333,7.86666666666667,6.06666666666667,10,0.533333333333333,0,0,0,0,0,0,0,1,0,0,0,0,0,0,0,0,0,0,0,0,0,0,0,0,0,2
-0.426005017267946,-0.107991322167184,0.550484170434245,0.509355867810521,0.395324287186073,0.0239705285265348,0.449427344829397,1.97672928314318,0.773397628276353,0.576659525570575,0.092171900657287,0.0584185146443302,0.380423618772306,0.0155535146093836,0.0405771017884223,0.977403528911161,0.711502757854337,-0.470518457443875,0.652299652595475,-0.368998275422685,0.790415396236597,-1.03954068349646,0.114992326051687,-0.199036851111664,0.0368343184194575,0.700759623961255,0.428677429070574,2.05875265052978,2.34198199726729,1.36972093979213,1.03837656440109,1.75205904708051,3.06819388117266,1.71825381804422,1.55181705413913,0.763769916569784,0.823371777354802,1.18391429551251,0.334330557338125,0.645202022122864,1.7994788777269,1.76925449109363,0.370556953905589,1.53197688887411,0.706629131407486,1.86544432872647,-0.400092751198051,0.729825621293019,0.731890230987997,0.436474468469513,0.333333333333333,6.26666666666667,3.46666666666667,6.66666666666667,4.6,6.8,3.4,0.6,0.4,2.13333333333333,5.8,5.53333333333333,2,0.466666666666667,2.26666666666667,1.4,0.4,3.13333333333333,1.53333333333333,0.266666666666667,6.93333333333333,0.333333333333333,1.73333333333333,6.33333333333333,0.533333333333333,0.466666666666667,7.2,3.8,12.2666666666667,8.46666666666667,10.6,6.86666666666667,3,1.8,4.86666666666667,7.53333333333333,7.6,3.13333333333333,0.6,6.86666666666667,4.86666666666667,0.866666666666667,6.46666666666667,5.13333333333333,5.26666666666667,7.33333333333333,0.4,4.66666666666667,11.3333333333333,1.06666666666667,0,0,0,0,0,0,0,1,0,0,0,0,0,0,0,0,0,0,0,0,0,0,0,0,0,2
-0.509762568420776,0.138447609673207,0.75746423891628,-0.398852446465167,-0.0795843413358695,0.151985411737764,0.210154525224628,3.68866361411586,0.0529253454105187,1.3368059108015,0.112708000866794,0.387568033084182,-0.106253587232783,-0.192693711796406,-0.710203593808734,1.02218024522781,0.505790908103631,0.710309565339479,-0.230824460435691,0.0765649948487886,2.07025123676846,0.490339247996187,0.195134321532879,0.0218015996730841,-0.156686925376374,0.466505482650516,1.89624770352021,1.94261108727035,0.0462492656810696,1.19331705599469,5.63891294598825,1.10816070835978,5.82316834845487,1.89548079246822,2.42256521780764,0.784073611925881,2.02571751156072,0.888576263440026,0.289476387904835,0.113229645449669,1.6857697622026,2.72516926402145,3.58984764188067,2.01800250912135,1.32802122920256,2.77730167078144,3.12986977857422,2.11190255733463,0.519415692273341,1.08236141248401,0.133333333333333,4.06666666666667,4.33333333333333,1.8,3.6,6.6,4.46666666666667,0.6,7,2.26666666666667,4,4.33333333333333,0.133333333333333,0.266666666666667,2.66666666666667,0.733333333333333,3.93333333333333,4.2,6.86666666666667,6.6,0.8,5.06666666666667,3.93333333333333,6.06666666666667,6.33333333333333,0.266666666666667,9.46666666666667,5.2,3.53333333333333,7.73333333333333,12.9333333333333,8.13333333333333,2.13333333333333,11.0666666666667,2.6,9.86666666666667,10.8,1.2,0.6,4.73333333333333,1.13333333333333,10.6,7.86666666666667,13,6.73333333333333,2.73333333333333,11.8,10.2666666666667,8,12.1333333333333,0,0,0,0,0,0,0,1,0,1,0,0,0,0,0,0,0,0,0,0,1,0,0,0,0,2
-0.528587719282815,-0.224407670407285,0.520021739408154,1.14297403050365,0.50997774054907,0.343754829678392,0.0344351574316988,1.86644563088852,0.659522355368072,0.663393938249388,-0.318383840353705,0.429622608524434,-0.046045427138552,-0.0518597159059735,0.182215540574988,0.966104879632427,0.304651955225591,1.1744648069539,0.575820702053171,-0.490999951678164,0.900596682049736,-1.08138889418682,-0.216382676542728,0.00291505868640345,-0.389136094480823,0.202672669650352,0.319985459613232,1.00557909179545,5.65283542687147,1.17669552919133,0.674307165143249,0.375407128327207,2.49967896942517,1.62614731029353,1.73461778244984,0.421509934600062,0.866996094697559,1.4957505113849,0.288794265642897,0.713245472821476,1.56439261844134,1.10056316111934,2.03855157478019,1.08456227936037,0.579900988855155,1.43749023730956,-0.218514489581415,0.468924011885229,0.772764111056571,0.114834336681831,6.33333333333333,3.06666666666667,0.933333333333333,7,0.533333333333333,0.533333333333333,1.66666666666667,0.933333333333333,0.333333333333333,2.73333333333333,3.93333333333333,1.06666666666667,5.33333333333333,0.2,1.86666666666667,0.8,0.333333333333333,2.8,0.466666666666667,6.53333333333333,1.13333333333333,0.0666666666666667,0.2,0.333333333333333,6.66666666666667,6.46666666666667,3.26666666666667,1.26666666666667,7.06666666666667,1.13333333333333,1.06666666666667,1.93333333333333,1.33333333333333,0.6,2.93333333333333,4.66666666666667,1.8,5.66666666666667,0.333333333333333,2.26666666666667,1.4,1.06666666666667,3.26666666666667,0.666666666666667,7.2,1.4,0.8,0.466666666666667,0.933333333333333,7,0,0,0,1,0,0,0,1,0,0,0,0,0,0,0,1,0,0,0,0,1,0,0,0,0,2
-0.518912538825984,0.0396126486770821,0.23752765585834,-1.02007612197429,-0.220913598004322,0.0417638990442676,0.106298919223791,1.24490896001429,-0.144061536022923,0.853909835132706,0.188397162833402,0.641779194159499,-0.495135685573562,-0.216379739411518,-0.508437694431209,-0.803502859619241,1.64858175087889,-0.0210267297669862,-0.928045312915434,0.0103813313814378,0.350908965874689,-0.0991872634010991,0.205048772177548,-0.146929587949778,0.00558000444640223,0.459630279283819,2.21855579518963,1.86661489895675,-0.3339615776645,0.773072717570967,1.68311914116186,1.26608262399712,3.64519918748154,2.34869501764548,1.71893589278157,0.970754208875509,1.3557110432025,2.27230945542278,1.02781627554629,0.538814903118436,-0.00240866564855913,5.1135799007508,1.40618911442298,0.57688530950482,2.84771668315054,1.22027736401332,0.851562683553308,2.05969309259765,0.865283906551805,1.32193384701923,3.33333333333333,5.46666666666667,3.13333333333333,0.2,3.8,2.2,5.53333333333333,2.53333333333333,5.4,1.2,0.533333333333333,5.53333333333333,3.66666666666667,3.26666666666667,3.93333333333333,0.533333333333333,5.4,1.4,3.33333333333333,5.46666666666667,0.533333333333333,1.13333333333333,5.46666666666667,6.53333333333333,7,3.6,8,3.26666666666667,0.4,4,4.2,8,2.6,8.06666666666667,1.46666666666667,2.53333333333333,7.66666666666667,3.86666666666667,3.4,4.53333333333333,0.733333333333333,8.33333333333333,1.46666666666667,5.46666666666667,8,0.733333333333333,2.26666666666667,7.86666666666667,9,10.2666666666667,0,0,0,0,0,0,0,0,0,0,0,0,0,0,0,0,1,0,0,0,0,0,0,0,0,2
-0.415714600454711,-0.0400503552064263,-0.0826104971029648,0.492454389686649,-0.718020780948028,-1.33459101905793,-0.42897272198775,0.260492895974508,-0.0150045997194916,-0.96268755146385,-0.117510556295668,-0.00267343296752158,-0.0619437976210025,-0.251201486978795,0.0493888181947768,-0.478441922753559,1.09196614226448,-0.135050523409452,-0.738942022808777,-0.0735665566862311,-0.343208013622881,-1.46703939827226,0.0238167430091866,-0.465851425187358,0.0370811688552983,0.630283944703758,2.02877233019093,2.48063106584571,1.06485566828131,4.51342470267289,1.31528203583609,0.840547915358199,2.00952643861056,4.81980588685508,-0.361279092585976,1.33824361469791,1.04577719966918,1.90763945356805,0.526396547941221,0.839214084079952,0.152241604870277,4.67468470889213,1.33755847748036,0.777709346231575,1.521862479578,0.925495528481087,-0.486947566585405,2.64225184327381,0.639975942211578,1.85864370223683,6.73333333333333,2.73333333333333,0.533333333333333,2.93333333333333,6.13333333333333,2.93333333333333,6.8,0.266666666666667,5.53333333333333,2.53333333333333,2.66666666666667,2.66666666666667,1.2,0.466666666666667,5.53333333333333,1.66666666666667,2.73333333333333,2.73333333333333,2.86666666666667,4.93333333333333,1.2,0.466666666666667,2.73333333333333,4.06666666666667,4.46666666666667,6.8,2.8,0.733333333333333,3.13333333333333,6.46666666666667,3.2,6.86666666666667,0.6,5.6,2.86666666666667,2.86666666666667,3,1.46666666666667,0.8,5.66666666666667,1.86666666666667,3,3.06666666666667,3,5.13333333333333,1.46666666666667,0.533333333333333,3.06666666666667,4.4,4.53333333333333,0,0,0,0,0,0,0,0,0,0,0,0,0,0,0,0,0,0,0,0,0,0,0,0,0,2
-0.340890432215539,-0.0718827023838442,0.49587898035593,-0.921232783204186,-0.122980672855554,0.264961830818685,-0.0110593301485272,1.15324701012254,-0.0428020139449995,0.517468405802367,-0.0452538183990959,0.359951787293259,-0.0389916157886247,-0.0868400502949058,-0.127110511351279,0.79149810022568,-0.386406615208783,0.0621395405444626,0.707597534849439,-0.327491598601148,0.61937356247483,-0.636994415406525,-0.121277978291201,-0.27016403370119,-0.133987324530166,0.561434204160562,0.233844565663677,1.14743622761991,-0.473973750195083,0.196383728123419,0.571775099459315,0.705812416930053,1.76487585053029,0.443395979220661,0.921542312982733,0.469365864137842,0.707917463702658,1.2044937311279,0.897581792921505,0.770801926267145,1.60832373746966,0.294874152327647,1.86853705509912,1.47569001871477,0.129749926345899,1.05458619375698,0.476592380249844,0.554501518366186,0.198599242222561,0.148828890883263,4.6,0.0666666666666667,2.73333333333333,0.133333333333333,2.2,1.26666666666667,4.13333333333333,0.533333333333333,1.66666666666667,1,6.06666666666667,1.46666666666667,4.26666666666667,5.46666666666667,3.06666666666667,3.26666666666667,0.333333333333333,5.26666666666667,1.66666666666667,0.266666666666667,1.73333333333333,3.93333333333333,3.8,3.86666666666667,0.4,6,0.866666666666667,3.06666666666667,0.466666666666667,3.6,1.93333333333333,5.33333333333333,0.666666666666667,2.4,1.8,8.53333333333333,2.2,5.66666666666667,5.53333333333333,5.33333333333333,3.33333333333333,1,7.33333333333333,2.6,2.53333333333333,2,4.4,4.46666666666667,5.73333333333333,2.66666666666667,0,0,1,0,0,0,0,0,0,0,0,0,0,0,0,0,0,0,0,0,0,0,0,0,0,2
-0.383215989241894,0.130615558554896,0.0190111960050374,0.150541600736254,-0.0579467579493528,-0.584240851386242,-0.297341388833628,-0.113505168947118,0.288629807578205,0.19020902896356,0.275079396148426,0.357094344767651,-0.661583323662693,-1.84197018604102,0.731802772672884,0.606412718657353,-0.126386543095974,0.0835432672165182,-0.273021075021084,0.126686460716434,0.864049454862937,-0.203131712909771,0.0222552839439857,0.213678479929274,0.44627277530863,0.113918356304056,0.645426406163488,0.774253020064464,1.05658152166408,0.225285069146366,0.0228370700047131,0.0580163328216773,1.59561869854699,0.718992418997973,1.07965054085805,0.590539633647774,0.669833576078288,-0.0105770566643362,0.228313359760862,1.14877848468096,1.58026953510601,0.290663382999064,1.80511585541496,0.027592772159122,0.433712794259365,1.35346170238327,0.0441534973008744,0.355223488382445,0.466398058430776,0.933885671443125,0.0666666666666667,0.933333333333333,0.4,6,0.533333333333333,0.333333333333333,6.46666666666667,6.4,0.733333333333333,2.33333333333333,1.26666666666667,2.66666666666667,0.0666666666666667,6.8,1.2,1.93333333333333,0.4,3.53333333333333,0.4,2.93333333333333,0.733333333333333,0.133333333333333,0.266666666666667,2.53333333333333,2.8,0.333333333333333,1.33333333333333,1.06666666666667,9.4,1.4,0.666666666666667,13.0666666666667,11.8666666666667,1.6,5.4,7.6,9.6,0.133333333333333,13.7333333333333,3.66666666666667,5.33333333333333,0.933333333333333,8.6,0.6,4.06666666666667,7.73333333333333,0.266666666666667,4.66666666666667,9.4,7.26666666666667,0,0,0,0,0,0,0,0,1,0,0,0,0,0,0,0,0,0,0,0,1,0,0,0,1,3
-0.182289335598259,-0.0210876598848373,0.617703900591466,0.0774467129857034,0.0649944728560925,-0.023769237982122,0.506158547235892,0.696066910454703,0.232142331889474,0.113829537567764,0.0529301262017867,0.133308016637257,-0.3785228639397,-0.500106226460448,-0.00665197166167214,0.484794668805336,0.644370311614945,-0.0625273845955392,0.222399311154901,-0.00645183464608298,0.70015782272189,-0.147521533250088,0.141827962656411,-0.181453912935309,0.68551313135226,0.534556909793042,0.245744440240137,1.07711714429215,0.350922348747016,1.12699143709577,2.39315143715308,0.757837409906701,1.37244214954612,1.19277216907211,1.62858543826916,0.990651326107485,0.694543243707801,0.575418198033373,-0.0579631994496011,0.882868418491452,2.19571163804785,1.15619482403879,0.726247491758283,1.6640280831987,0.430946149695112,1.15429966076692,0.203940359403221,0.821786037601099,0.0595742222169782,1.50787816455295,6.6,3.93333333333333,2.13333333333333,2.86666666666667,6.6,6.26666666666667,2.6,4.86666666666667,2.13333333333333,6.6,4.2,4.6,3.53333333333333,0.133333333333333,5.6,6.73333333333333,0.533333333333333,2.33333333333333,5.6,3.66666666666667,0.733333333333333,5.33333333333333,6.06666666666667,3.66666666666667,3.46666666666667,7,4.06666666666667,2.33333333333333,3.2,7,6.53333333333333,2.66666666666667,5.26666666666667,2.6,6.8,4.6,4.73333333333333,3.86666666666667,0.6,6.06666666666667,7.13333333333333,1,2.73333333333333,5.73333333333333,3.73333333333333,0.8,5.66666666666667,6.33333333333333,3.8,3.6,0,0,0,0,0,0,0,0,0,0,0,0,0,0,0,0,0,0,0,0,0,0,0,0,0,3
-0.764219808188883,-0.272958180876387,1.52472608865931,0.211187237505784,0.819230099805401,0.220615783644697,1.35207130270022,3.17916668974395,1.37712146560931,0.679322872903198,-0.0917000883521237,0.709587680815179,-0.611033301598491,-0.330692083108133,-0.137952253235346,1.9352152958664,-0.451789008982274,1.71924624315115,-0.203315042135606,-0.254564873426515,2.08123607551568,-0.896148358848679,-0.242497930304644,-0.257346178595537,0.493282646329094,0.238725072400783,0.966977407770743,2.78474433641989,0.730413205717025,2.91019226643208,2.19816428452848,2.79373295831357,4.36389453762194,2.83152013655329,3.0265522179036,1.21312624664794,1.96832124324231,1.31339433213927,0.425664016933822,3.29901891920959,4.2782255186647,0.599516096381324,4.16954671333875,4.25325811525451,0.634528300721831,3.08093068042584,-0.00218858718988245,1.3351862855279,0.589703264706282,0.859155775187509,2,3.4,3.2,5.26666666666667,5.26666666666667,3.33333333333333,3.26666666666667,6.8,3.33333333333333,3.26666666666667,5.2,1.93333333333333,6.66666666666667,2.13333333333333,6.93333333333333,3.6,0.6,3.06666666666667,3.73333333333333,5.66666666666667,0.533333333333333,3.8,2.26666666666667,1.13333333333333,1.53333333333333,2.13333333333333,6.13333333333333,7.8,6.53333333333333,9.13333333333333,4.46666666666667,7.66666666666667,11.1333333333333,3.86666666666667,7.2,8.6,2.66666666666667,8.93333333333333,2.4,10.4666666666667,7.6,1.53333333333333,7.6,7.2,9.86666666666667,5.26666666666667,5.66666666666667,6.6,3.73333333333333,2.4,0,0,1,0,0,0,1,1,0,0,0,0,0,0,0,1,0,0,0,0,1,0,0,0,0,3
-0.621643706004054,-0.398253124838533,0.672739999742646,0.0836130590450087,0.632089674831496,1.37197923457174,0.969472799989506,3.73143912238899,1.75723476498127,0.435763521279709,-0.195734451534568,1.08947833407611,-0.524539337035599,0.325496975794302,-0.0220886670021592,1.83386636928991,1.2972640192546,3.32683052252725,0.464426103430987,-0.219143265139133,1.01053712792397,0.0968278812169041,0.45953437650264,-0.150390548487815,0.186972636823222,0.271307653458095,1.2990679384824,2.60118279493487,0.99201557290185,2.13244035712757,3.72969546319978,2.85535023826514,5.56844734782848,2.91247701349813,4.03990266244689,1.09291032667215,2.3633153243594,1.28460713698815,0.933426633909157,1.5724607960013,3.4583456475524,3.49677199687532,7.09892295212963,3.08503009078187,1.15535816072959,3.13928092675363,1.00274663542299,1.59323103758456,0.527668993997735,0.697705336802122,0.2,4.66666666666667,6.86666666666667,6.66666666666667,5.2,4,5.4,0.733333333333333,1.8,4.73333333333333,3.53333333333333,2.33333333333333,4.33333333333333,4.26666666666667,6.86666666666667,4,1.66666666666667,2.26666666666667,2.26666666666667,4.66666666666667,4,0.266666666666667,6.26666666666667,7,1,4.33333333333333,8.93333333333333,11.4666666666667,12.6,7.06666666666667,9.06666666666667,7.4,5.73333333333333,5.73333333333333,7.06666666666667,6.6,8.33333333333333,8.13333333333333,5.2,12,10.1333333333333,6.2,3.26666666666667,3.66666666666667,9.13333333333333,9.26666666666667,0.466666666666667,12.5333333333333,10.3333333333333,1.8,0,0,0,0,0,1,1,1,1,0,0,1,0,0,0,1,0,1,0,0,0,0,0,0,0,3
-0.755075741131577,-0.107952203862945,0.939839085274007,-0.847996437058983,0.843082103145563,0.675566796785433,0.474892099300235,2.93682427659676,0.214368736627701,0.787735273569335,0.20860661199213,0.869334743149251,-0.340774362157992,-0.626422024058308,0.269223634379284,1.29601713305863,0.517584595737524,0.759025127366936,1.17417879105336,-0.272210735798845,1.2472963684876,-0.0283932628938743,0.101620753665681,-0.148494796778622,-0.277360790451848,0.0860961267120256,0.706782751877499,1.99810908532977,-0.281678590459543,1.39044262177087,2.50700038213231,1.14649270878821,4.28142463849891,0.895734085591401,2.3351206455391,1.48550251837859,1.38724298518332,1.21273661570309,0.342131225834414,1.83246043200403,2.46237003851922,1.36105810724316,2.02110380739125,3.31242283819614,0.159264162403972,1.99768266009673,1.81255970562082,0.53119358119782,0.787762361227337,0.413954238577684,0.0666666666666667,4,5.46666666666667,4.86666666666667,2.2,2.73333333333333,1.66666666666667,0.533333333333333,0.866666666666667,2.53333333333333,2.6,2,2.66666666666667,5.6,6.33333333333333,5.46666666666667,0.933333333333333,2.73333333333333,2.8,0.266666666666667,0.533333333333333,7,1.53333333333333,4.33333333333333,0.333333333333333,0.133333333333333,7.26666666666667,8.86666666666667,9.73333333333333,2.4,9,5.66666666666667,4.73333333333333,2.26666666666667,7,5.6,3.2,5.46666666666667,10.2666666666667,13.1333333333333,6.13333333333333,3.2,8.06666666666667,9.13333333333333,0.6,3.73333333333333,11.3333333333333,2.4,8.4,0.466666666666667,0,0,0,0,0,0,0,1,0,0,0,0,0,0,0,1,0,0,0,0,0,0,0,0,0,3
-0.963271127928128,-0.256745287096958,-0.349482198457328,-1.14472546972735,-0.086877535430743,0.174245237681494,-0.021960489038701,2.60231320964812,-0.00724310516583103,0.984296615272103,0.231098862123872,0.162755236437689,-0.724984212760385,-0.557112719595598,-0.0854890113915686,0.1829691799622,0.142027951404674,1.01678187489878,-0.951092731339723,-0.0160698190226182,0.99079254661793,-0.342256018330303,0.0828603355337913,-0.0235295758067255,-0.321425344419663,0.172906130515926,0.472131930000433,2.00931899073077,-0.319980500954389,0.384681828709782,0.991590299298865,0.720298757338037,3.51123769922225,0.950284599232039,1.51225101303134,0.874042050586069,0.648164740731374,0.864564889330938,0.338399920224769,0.507854944758062,1.2990205604701,0.934086594592313,2.00947463786083,0.0802522051800102,1.06240217123567,4.38857094862033,0.513428049432295,1.74785667780662,0.52952779108787,0.109384157099294,5.06666666666667,6.6,5.13333333333333,0.133333333333333,1.06666666666667,3.6,4.06666666666667,1.86666666666667,3.06666666666667,1.53333333333333,3.2,1.46666666666667,6.2,4.73333333333333,0.2,3.93333333333333,0.866666666666667,4.06666666666667,4.46666666666667,4.73333333333333,3.73333333333333,5.4,3.06666666666667,6.46666666666667,7,5.4,7.33333333333333,5.73333333333333,0.6,2.26666666666667,4.13333333333333,4.46666666666667,2.33333333333333,3.26666666666667,2.26666666666667,3.73333333333333,2.66666666666667,6.53333333333333,5.73333333333333,0.266666666666667,4.73333333333333,0.933333333333333,5.26666666666667,5.33333333333333,6.26666666666667,4.8,6.33333333333333,3.2,7.73333333333333,9,0,0,0,0,0,0,0,1,0,0,0,0,0,0,0,0,0,1,0,0,0,0,0,0,0,3
-0.268456118678331,-0.10826266432151,0.384064132055779,-1.35522121828812,0.274165295618943,0.339076170533363,0.266089688647662,1.15327552824896,0.00131932249393267,0.90075144361339,0.175986081215061,0.196788849286278,-0.222174743667196,0.00890298305578463,-0.703676199940479,0.888708378145948,0.372994375274928,0.648056003515943,0.688604999349398,-0.134758762017673,1.01809317784938,0.159043375158891,-0.00528764346223804,-0.169384035575659,-0.286774012075132,0.165533886871964,0.222457997579353,1.47890595172867,-0.490806610063789,0.960489431071925,0.638615931716188,0.469918678673174,1.71528143938286,0.491610142135709,1.72718962659974,0.598654259553032,0.455658866333682,0.347000781250248,0.226320396686229,-0.307000048771898,1.24228023177281,0.812348868289598,1.3751124800608,1.09134769167022,0.285366319203827,1.54517892077967,0.684071982622142,0.579559863860707,0.158285238424437,-0.121365662395054,0.266666666666667,3.2,5.8,0.0666666666666667,6.8,1.73333333333333,5.93333333333333,0.6,3.2,7,2.06666666666667,6.93333333333333,0.2,6.93333333333333,4,4.8,4.06666666666667,1.6,1.13333333333333,5.26666666666667,0.466666666666667,2.6,1.4,2.06666666666667,1.06666666666667,6.26666666666667,5.6,12.2,0.133333333333333,7.66666666666667,2.86666666666667,11.2666666666667,3.66666666666667,5.4,7.46666666666667,5.53333333333333,7.33333333333333,4.53333333333333,8.4,7.8,6.8,5.13333333333333,5.46666666666667,3.66666666666667,10.1333333333333,1.86666666666667,2.8,2.46666666666667,2.53333333333333,1.93333333333333,0,0,0,0,0,0,0,0,0,1,0,0,0,0,0,0,0,0,0,0,0,0,0,0,0,3
-0.69392059496887,0.207395458573178,0.0976282435846907,-0.192474158602023,0.583179224519122,0.86780817183834,0.115200469302543,1.57847090203291,0.465872216829349,0.383017159107112,0.0862537815069418,0.473746582174497,-0.914170562218337,-0.636206923507373,0.519003845720976,0.909330140664087,-0.105520300699049,1.5699281429494,0.548994336893667,0.213214370893035,0.980140397842222,0.844041653236976,-0.000921744477773844,-0.222777849029706,-0.775023741227145,0.624922223609393,1.40829644486711,1.01450978239846,1.24577498626318,2.02914128112401,1.37393433118868,1.10159562462356,2.83284469256378,2.46457247889328,1.09858337368046,0.935215546120534,0.944807767672635,0.205786160892821,0.450311864179353,1.70859564943791,1.5373413779954,2.18662084231744,2.94326769078024,1.25734668189638,1.88170058055612,1.78642915377087,3.82015599976768,2.08892568002157,1.04523375181467,0.0348783778295473,5.26666666666667,4.53333333333333,5.06666666666667,5.8,1.13333333333333,1,5,1,4.46666666666667,2.2,5.06666666666667,2.4,0.133333333333333,0.133333333333333,1.06666666666667,1.4,4.46666666666667,1,1.6,4.13333333333333,0.533333333333333,4.13333333333333,4.33333333333333,4.06666666666667,5.86666666666667,5.93333333333333,4.8,5.53333333333333,7.2,2.13333333333333,1.13333333333333,5.13333333333333,2.73333333333333,4.53333333333333,3.66666666666667,5.86666666666667,3.13333333333333,0.933333333333333,1.53333333333333,1.13333333333333,2.73333333333333,4.53333333333333,1.06666666666667,2.13333333333333,4.26666666666667,1.73333333333333,4.2,4.4,4.86666666666667,6.53333333333333,0,0,0,0,0,0,0,0,0,0,0,0,0,0,0,0,0,0,0,0,0,0,0,0,0,3
-0.582058599102058,0.0436900298953732,1.33620029069136,-0.451137575546486,0.189599162944742,1.00547440210404,0.377107273186603,2.02808472072069,0.304642352136961,0.407169578796614,0.318475121141626,0.535368383442888,-0.425832935910401,-0.00390695190777912,-0.277912470033168,2.16399858152333,0.646068947820888,2.96494822692039,1.60910786496638,-0.298343857674088,1.89599079792966,-0.266721655689804,-0.0400190933005506,-0.18403787726028,-1.01000443631272,1.05572741551498,0.545036644159545,2.80385963141121,0.487729738656218,0.801658018166782,3.59489198720534,1.17954296463694,3.89823566891335,0.986527836944586,1.70995306267151,1.56437624191358,1.20650553498846,1.19545882300082,0.839429811475661,1.05385956660562,6.03780115726232,1.54054933890482,5.99366539441032,2.55262666435173,0.926344172475657,3.15571080711136,1.63859366896347,0.620531929291261,0.408082308311506,-0.180683475753789,6.8,1.2,2.06666666666667,0.666666666666667,1.4,3.26666666666667,2.86666666666667,2.73333333333333,7,3.66666666666667,4.2,3.66666666666667,3.93333333333333,0.133333333333333,5.46666666666667,2.6,2.26666666666667,2.26666666666667,3.4,4.26666666666667,1.8,5.06666666666667,2.33333333333333,4.8,0.133333333333333,6.93333333333333,1.26666666666667,2.26666666666667,0.733333333333333,1.46666666666667,3.46666666666667,3.06666666666667,2.8,7.13333333333333,3.73333333333333,4.26666666666667,3.86666666666667,4.2,0.2,5.53333333333333,2.73333333333333,2.46666666666667,2.33333333333333,3.53333333333333,4.33333333333333,1.86666666666667,5.2,2.53333333333333,4.86666666666667,0.2,0,0,0,0,0,0,0,0,0,0,0,0,0,0,0,1,0,1,0,0,0,0,0,0,0,3
-0.411804834612567,0.125976444183626,0.773117354099283,0.304800858663122,0.0126806583986369,0.130048430330035,0.25799228608461,1.51940949516173,1.32132398729195,0.147108087199842,0.167520447641853,0.549023189311618,-0.113050930494914,-0.177855967645244,-0.259764723788048,1.53534776747704,0.456323413337839,1.01224606808264,0.537378804501181,-0.19540893538747,0.912721040814527,-0.316754446830269,0.250867832920008,-0.084905284407113,-0.162472557355099,1.34287543048144,0.54877727767153,3.23096229574823,4.08762091823903,1.31626045353709,2.1235509001688,0.847546497406052,2.07012644621358,2.34421954275598,1.2077311651929,0.875688202195827,0.974524424138149,1.10613790781346,0.142661887558687,3.54390472793787,2.25354689096761,2.1858841638249,2.74030316126092,0.968726579210854,0.670827927598173,1.66765078813162,1.78430024264999,1.01831472670128,0.534254512586799,0.486388419779143,4.93333333333333,5.06666666666667,4.86666666666667,5.93333333333333,6.86666666666667,6.86666666666667,4.86666666666667,0.466666666666667,4.93333333333333,4.46666666666667,4.13333333333333,1.46666666666667,1.06666666666667,4.46666666666667,6.8,1.4,2.4,4.53333333333333,1.8,5,0.4,6.93333333333333,2.2,6,0.333333333333333,6.6,6.06666666666667,5,6.06666666666667,8.6,8.53333333333333,4.93333333333333,1.73333333333333,6.46666666666667,5,4.93333333333333,3.4,2.73333333333333,4.93333333333333,8.53333333333333,1.86666666666667,4,5.8,1.86666666666667,5.33333333333333,0.933333333333333,8.73333333333333,4.33333333333333,6.46666666666667,2.33333333333333,0,0,1,0,0,0,0,1,1,0,0,0,0,0,0,1,0,1,0,0,0,0,0,0,0,3
0.538703684712133,0.461236848897114,0.459996748523009,0.866874781483711,-0.984166469486378,0.360949821760161,0.888674172722819,1.37637181046294,1.33197259162229,0.192505609795476,0.132804008611617,0.503157072984064,-0.72595705422954,-0.422810286402207,-1.09447889378179,0.902492666687483,0.622795375770582,-0.274444720723093,0.383868691743346,0.434217441798446,1.98924930892365,-0.235464865381964,0.352183255211472,-0.0888664429758698,0.313207075381192,1.13705816918243,2.18875630864021,6.00673329871055,1.75481131273056,-0.0321966411827527,6.42909654075592,2.15170327483011,5.14009175805756,1.8686104884081,2.16798317053045,0.579303146106087,1.15966936837384,1.38554571631851,0.107466927704035,0.142714628361706,3.13092052721954,1.37083536558305,2.31778360842882,2.12949178716361,1.38479228857702,3.27719146917446,0.0432668693840987,1.79016045501382,0.456180910989588,1.33610411287997,2.13333333333333,2.8,4.4,2.93333333333333,0.2,3.6,6.46666666666667,5.66666666666667,0.266666666666667,3.6,0.666666666666667,1.6,3.86666666666667,0.2,0.133333333333333,3.6,0.466666666666667,4.26666666666667,4.2,2.6,0.733333333333333,1.26666666666667,3.4,0.866666666666667,2.6,4.93333333333333,2.86666666666667,4.66666666666667,7.46666666666667,0.333333333333333,4.66666666666667,7.13333333333333,6.6,4,6.33333333333333,0.866666666666667,2.2,5.53333333333333,0.533333333333333,0.333333333333333,7.8,3.2,5.33333333333333,8.6,3.93333333333333,0.933333333333333,3.53333333333333,4.46666666666667,1.13333333333333,2.86666666666667,0,0,0,1,0,0,1,1,1,0,0,0,0,0,0,1,0,0,0,0,1,0,0,0,0,4
0.322691498088836,0.403272550463378,1.26213782819944,0.0612816002318763,-0.729020267413862,0.852982308507934,0.463735641335396,0.415392770682313,0.932140818944491,-0.0293426869594444,-0.589878222482679,0.0013819467750249,-0.466851525218289,0.0234516549235379,-1.35994225389237,-0.909797538047914,-0.0828033454605611,-0.938985018226577,0.0140284125371742,0.197602084082317,-0.381449090102836,-0.0301524134353296,0.187498811342974,-0.151098485900746,0.587960624347688,1.30071988790948,1.44367731543052,1.99788428400819,0.32004790004305,0.0654154146770138,2.65936806504327,0.838752848168322,0.888231702227872,1.17375065089659,1.08148260178926,-0.0118726377533696,0.242617088983175,0.537281127023587,1.00155367122079,-0.244636740229918,0.574827577137468,0.458520151181108,-0.117381141655446,0.700928036972501,0.603732159219969,1.27690475941736,0.494606155386094,0.656201276267179,0.186536401300194,1.51052834165899,4.93333333333333,3,1.13333333333333,2.33333333333333,0.266666666666667,3.93333333333333,2.93333333333333,4.46666666666667,1.06666666666667,4.46666666666667,0.133333333333333,1.66666666666667,5.8,6.66666666666667,0.133333333333333,0.4,0.266666666666667,4.33333333333333,6.13333333333333,2.86666666666667,0.6,6.8,3.6,0.133333333333333,2.26666666666667,5.66666666666667,5.06666666666667,2.4,4.4,0.866666666666667,4,4.46666666666667,5,3.2,6.33333333333333,0.733333333333333,2.73333333333333,7,6.8,1.66666666666667,1.66666666666667,0.333333333333333,4.53333333333333,8,3.13333333333333,2.4,6.93333333333333,3.8,0.2,4.33333333333333,0,1,1,0,0,0,0,0,1,0,0,0,0,0,0,0,0,0,0,0,0,0,0,0,1,4
-0.095644993564231,-0.0292173784823752,1.1074552488494,-0.295679455640131,-0.620951997967894,0.875840434195122,0.595532719200854,1.27583954856817,1.65971791911571,0.621037950697039,0.287362225156281,0.653875877419668,-0.715610835723156,-0.160503550699658,-0.859120677557485,1.05427913161899,0.620478854511082,-0.0370582510337563,0.267944164200164,0.452550851874215,1.28126309626023,-0.314142223018397,0.582823225244286,-0.237847281622997,-0.636812255245002,0.484297513611117,1.2979649565689,2.47929290791992,1.48374683330459,0.280438083585164,3.16657736891507,1.19767301150313,2.7808659145295,2.38801020336584,0.973455560828159,1.8265755381035,1.35648010298358,2.87917265190245,0.534431439572325,-0.375944860778881,2.22606810737209,1.38769871827517,1.35289931464604,1.25565832569406,1.58447342371896,2.33273757940315,0.561975354107763,1.40243331948183,0.13919441989664,0.0278980785103773,0.2,2.66666666666667,3.4,4.93333333333333,6.4,4.4,1.2,1.06666666666667,7,1,4.2,3.46666666666667,4.6,0.2,1.93333333333333,4.2,2.66666666666667,5.13333333333333,4.33333333333333,1.46666666666667,0.666666666666667,4.26666666666667,2.26666666666667,0.0666666666666667,0.2,3.06666666666667,5.46666666666667,4.33333333333333,11.5333333333333,12.8,4.86666666666667,2.53333333333333,3.2,7.26666666666667,2.33333333333333,7.2,4.13333333333333,10.9333333333333,0.533333333333333,3.73333333333333,8.73333333333333,3.66666666666667,6.13333333333333,10.6,4.4,3.6,9,6.86666666666667,0.133333333333333,0.266666666666667,0,0,1,0,0,1,0,0,1,0,0,1,0,0,0,0,0,0,0,0,0,0,0,0,0,4
-0.564986024275421,-0.113409125275399,1.71061016320695,-0.297955901909443,0.75919418000996,0.831509579709194,1.1170000805195,5.47164744405933,0.659392233474641,1.01548193041548,0.190098742417146,0.386325509032417,-1.01340540006875,-0.460424730366147,0.16581443936828,1.92695276427107,1.02414969981092,0.209876574338412,0.792150717953851,-0.589059714550341,3.02855044987482,-0.276327111528845,0.303075654487313,-0.12702595819911,-0.605688591521483,0.43992387840944,1.74699928950963,2.85941330871263,0.471735580148441,1.97127479392848,3.2446466688166,2.68740298051489,8.60160900452352,1.97816675189086,2.45280016188335,1.91410914322694,1.49275115613198,0.241532257992915,0.18536898900806,1.53784948365584,3.34829618602833,1.96484139632935,2.95172823153662,3.20714018525702,0.103734046848143,4.41616379125613,0.861993294811535,1.55946059903875,0.609653825594629,0.240943307413075,0.333333333333333,5.53333333333333,2.26666666666667,4.8,4.46666666666667,5.66666666666667,2.46666666666667,0.933333333333333,3.26666666666667,2.73333333333333,4.26666666666667,5.86666666666667,0.266666666666667,0.266666666666667,4.26666666666667,4.46666666666667,0.266666666666667,3.66666666666667,4.26666666666667,5.73333333333333,0.933333333333333,4.13333333333333,5.93333333333333,5.8,0.266666666666667,7.06666666666667,11.1333333333333,7.86666666666667,9.46666666666667,8.86666666666667,10.6666666666667,3.6,4.66666666666667,7,3.8,7.6,12.3333333333333,5.53333333333333,0.333333333333333,9.13333333333333,10.9333333333333,2.86666666666667,8.86666666666667,10,11.4666666666667,3.6,8.2,8.26666666666667,11.6666666666667,0.333333333333333,0,0,1,0,0,0,0,1,0,0,0,0,0,0,0,1,0,0,0,0,1,0,0,0,0,4
-0.736592667972717,-0.228668636583936,1.47139144884669,-1.02610915832338,0.318995829163156,-0.226281117341312,0.415917033639594,3.45003214269707,-0.275219495815891,0.0393854212515033,0.122249476061349,-0.0075620399704118,-0.282486989338288,-0.249505314811313,-0.744635902759107,0.548183916553088,-0.22928253041881,0.356358527969434,0.696017066812964,-0.599574597359112,1.92188419265659,-0.0130348666862048,-0.118924644270003,-0.409950533801532,-0.42359626792846,0.308527767828177,0.433369286338018,3.85074821498255,-0.0479169367971543,0.909851237179674,0.709981327276209,1.13079255838278,4.79410654229638,1.06339877278067,1.33916268990134,0.958799303027384,0.884469899282791,1.25632605840623,0.452500056869481,0.176867417527198,1.11636053852039,1.73399534736186,1.94014402401354,1.91662629486606,0.190974524508657,3.03576184226628,1.10241524013203,1.00545076232601,0.259600233566375,0.343581086261317,6.73333333333333,4.26666666666667,5.66666666666667,3.46666666666667,4.26666666666667,2.33333333333333,0.933333333333333,0.666666666666667,2.2,7,3.26666666666667,5.73333333333333,2.33333333333333,6.13333333333333,0.133333333333333,1,2.2,2.53333333333333,5.66666666666667,5,2.06666666666667,1.26666666666667,2.93333333333333,6.73333333333333,0.133333333333333,6.8,4.53333333333333,5.86666666666667,3.73333333333333,4.4,2.6,1,0.733333333333333,2.33333333333333,7.2,3.6,5.93333333333333,2.66666666666667,6.4,0.333333333333333,1.2,2.46666666666667,2.8,5.93333333333333,5.26666666666667,2.13333333333333,1.4,3.26666666666667,6.93333333333333,0.466666666666667,0,0,0,0,0,0,0,1,0,0,0,0,0,0,0,0,0,0,0,0,0,0,0,0,0,4
-0.427960218492873,-0.167427502343012,1.10193919056411,-1.20620338649807,0.592757747783334,-0.701439965489847,0.0197611793574912,1.11844948369637,0.201808491490331,0.0228535325471792,0.222360281771934,0.22649037997452,-0.17650586953666,-0.350357995117507,-0.302717727832014,0.708284200456809,-0.00908118978248429,0.772186696807228,0.119383284628218,-0.575503922677896,2.13529702400023,-0.397334520915972,-0.309206397869818,-0.127357282329652,-0.636550762854068,0.0933267750924216,0.282541692073494,2.63581544539643,-0.453426049832447,1.69917546619795,-0.351030142146637,0.484471474710128,2.22105536522967,0.590417938890402,0.703130235554556,0.827902240952931,0.584853860624172,0.777174434247584,0.223205443780842,0.774571598506633,1.97527645799825,0.798837350434983,3.81359257262094,0.866870058520792,-0.0566010763125203,2.81481835174535,0.09954826872406,0.032068797301352,0.31286803079822,-0.0607017284256846,5.53333333333333,1.13333333333333,4.4,0.333333333333333,4.06666666666667,1.33333333333333,4.86666666666667,1.73333333333333,0.933333333333333,5.4,5.26666666666667,0.933333333333333,5.33333333333333,0.333333333333333,4.2,4.33333333333333,5,5.06666666666667,4.8,1.73333333333333,0.666666666666667,4,1.66666666666667,6.93333333333333,0.2,7.06666666666667,2.4,5.2,0.4,5.26666666666667,1.8,5.06666666666667,2.8,2.4,5.46666666666667,5.4,1.46666666666667,6.86666666666667,1.86666666666667,5.6,4.93333333333333,5.06666666666667,5.46666666666667,5.86666666666667,2.2,1.6,4.06666666666667,1.86666666666667,8.26666666666667,1.46666666666667,0,0,1,0,0,0,0,0,0,0,0,0,0,0,0,0,0,0,0,0,1,0,0,0,0,4
-0.307537746383524,-0.370024986081905,0.232572010799512,-0.726768096517563,0.109986273029732,0.00274543736377253,-0.397461627328665,2.07731905981686,1.17467525936489,-0.0948101007220808,-0.154018006739685,-0.320762010983383,-0.855307080757665,-0.356450589596779,-0.330911708729084,0.128802490425869,0.198930126128224,-0.931455521273603,0.614797658947857,0.492117353720421,1.20024756088342,-0.873350989077599,-0.0391219382805426,-0.134835270850962,-0.0531984310669999,1.22309577985229,1.1726423869512,3.44181035390187,0.356020183650384,2.2564622290306,0.932631556463796,1.06530682022461,4.57145292692626,2.38281283002766,1.82295382173749,1.28979884654912,0.817020408129634,1.31810245469234,0.436837569198035,3.02616502132334,1.77858308357191,2.1490894806467,1.096002043354,1.73878600731596,2.28967673119468,2.64357800941955,0.623954595862923,1.97924006124685,1.33473577668021,0.910249043675829,6.4,5.13333333333333,3.06666666666667,0.133333333333333,2.26666666666667,4.46666666666667,3.46666666666667,2.4,0.933333333333333,4.93333333333333,3.06666666666667,5.2,5,0.0666666666666667,6.93333333333333,5.33333333333333,5.06666666666667,2.33333333333333,2.06666666666667,6.46666666666667,2.46666666666667,6.26666666666667,6.46666666666667,5.6,0.533333333333333,6.73333333333333,5.4,3.6,0.266666666666667,2.93333333333333,5.06666666666667,4.06666666666667,2.8,1,5.53333333333333,3.73333333333333,5.73333333333333,5.6,0.2,7.33333333333333,5.46666666666667,5.2,2.4,2.13333333333333,6.93333333333333,2.53333333333333,6.4,6.73333333333333,5.86666666666667,1,0,0,0,0,0,0,0,0,0,0,0,0,0,0,0,0,0,0,0,0,0,0,0,0,0,4
-0.892109784692863,0.131588230766238,1.29280391033114,0.10784286655995,0.176595434554173,0.199173980431166,0.463698205540994,2.0763499858243,0.340692832200138,0.698242951579863,0.155183512597957,-0.00142710102257961,-0.803661400358506,-0.50593194923607,-0.455825418622056,1.00188632921848,0.308285450449908,0.647635524419976,0.430714635417993,-0.315895874077723,1.85882630222433,-0.467781858769497,0.262778092938707,-0.00960138360620839,-0.316529870039072,-0.0232809781903075,1.1366212803217,2.58641736592573,1.27729757184972,0.578916245098466,0.919379430718872,1.29220628467429,4.14834241192862,1.31599354162238,1.35813617431925,0.6113685522176,0.542764231861093,0.359942076535239,0.21043666814471,0.0398197765778217,2.48212761154011,1.87688468650382,2.81487781249571,1.37434182568787,0.918073236693641,3.23502616966388,0.18581481917612,1.29970057846556,0.980160494237902,0.336029903132317,5.73333333333333,7,1.13333333333333,4.66666666666667,0.666666666666667,5.86666666666667,1.8,1.33333333333333,1.53333333333333,3,1.4,2.13333333333333,4.2,0.0666666666666667,0.266666666666667,2.2,4.06666666666667,2.33333333333333,1.73333333333333,4.86666666666667,1,6.4,2.46666666666667,4.6,0.6,5.8,7.86666666666667,1.2,5.13333333333333,0.733333333333333,6.46666666666667,2.33333333333333,1.53333333333333,1.6,3.2,2,2.26666666666667,4.33333333333333,0.533333333333333,0.666666666666667,2.26666666666667,4.33333333333333,2.46666666666667,2,6.2,2.33333333333333,7.06666666666667,2.66666666666667,5.33333333333333,1.06666666666667,0,0,1,0,0,0,0,1,0,0,0,0,0,0,0,0,0,0,0,0,0,0,0,0,0,4
-0.379826145746669,-0.235078917853119,0.978163784325448,0.00360956423353263,0.133852679069075,0.133793050189219,0.0573657650266046,0.781672834568253,0.10557260620437,0.293072425468957,0.248603650162702,0.307241756555474,-0.141211572915602,-0.586416255895831,-0.520287125955121,0.699400641458872,0.874201439914192,0.360274258896978,0.265403681086897,-0.142852076467015,1.69232008556938,-0.347167252038944,0.122326377339971,-0.341418203361563,-0.29284423299551,0.51672600190961,0.522835392920428,1.80112836730955,0.495987106105522,0.48210801940709,1.67949068802532,0.71754718301214,2.04662227954977,2.01690381001777,1.24548742201803,0.762867124100645,0.935397972806603,0.705950920545333,0.0442399431140891,-0.135460143437463,2.32118429512031,2.29686546470228,2.12527625105154,1.38183582233505,0.338283542907594,2.58956634749026,0.646882721530569,1.02630615295703,0.151899637703645,0.409269897859511,6.13333333333333,5.13333333333333,0.466666666666667,3.06666666666667,1.53333333333333,7,3.8,1.06666666666667,6.93333333333333,3.93333333333333,5.4,5.6,4.46666666666667,0.2,0.0666666666666667,3.73333333333333,2.26666666666667,4.46666666666667,7,5.06666666666667,0.4,6.13333333333333,2.33333333333333,0.533333333333333,0.0666666666666667,6.33333333333333,5.73333333333333,1.26666666666667,3.66666666666667,1.6,7.6,4.4,2,7.33333333333333,4.86666666666667,5.73333333333333,6.2,4.86666666666667,0.866666666666667,0.6,4.26666666666667,3.06666666666667,4.6,7.06666666666667,5.66666666666667,1.26666666666667,6.46666666666667,2.6,0.733333333333333,0.666666666666667,0,0,0,0,0,0,0,0,0,0,0,0,0,0,0,0,0,0,0,0,1,0,0,0,0,4
-0.334229674147435,0.137927597892355,1.00346843887435,0.332238805190478,-0.0310437561465014,0.222723297665395,0.64592911920917,1.57245104049698,0.344963520316136,0.0691544157761903,0.200924142178295,0.345377551939912,-0.395086670108725,-0.327821068785678,-0.273651932585442,0.983712916315768,1.15056363802052,0.77383068871384,0.758177365823178,-0.266455898070428,1.8073362064828,-0.381908183953833,0.0790026600422347,-0.250219717657759,-0.620594890856045,0.525388770160627,1.56994443540201,2.22230228507133,2.64199940378092,0.198218183924188,1.22069710894753,1.09842946201222,2.47460478075191,0.986182521836641,1.20120606098298,0.927462317875845,0.979270878214484,0.810884432375137,0.672214767141112,0.271557134722303,3.08286850100348,1.95640226538615,2.77465889339244,1.94712828193746,1.13471017216103,3.02626884321132,0.52694426927055,1.00504518869496,0.754487869993419,0.195108586924786,6,4.93333333333333,2.4,4.86666666666667,2.93333333333333,6.8,1.13333333333333,1.86666666666667,2.4,6.4,4.6,1.2,5.66666666666667,6.86666666666667,6.6,5.66666666666667,2.53333333333333,6.73333333333333,5.6,6.86666666666667,4.46666666666667,5.73333333333333,2.53333333333333,4.26666666666667,0.0666666666666667,6.26666666666667,5.73333333333333,2.8,5.33333333333333,3.26666666666667,7.73333333333333,2.2,2.8,3.2,7.2,5.26666666666667,1.33333333333333,6.4,7.46666666666667,7.53333333333333,6.53333333333333,3.13333333333333,7,6.4,7.86666666666667,5.53333333333333,6.53333333333333,3,5.33333333333333,0.2,0,0,0,0,0,0,0,1,0,0,0,0,0,0,0,0,1,0,0,0,1,0,0,0,0,4
0.0984416321295019,0.918811717631669,2.11698305007267,1.68561851857499,-0.893834486422441,1.48680704002194,1.09165179966064,3.22809105046088,1.86077825647461,1.13515794789102,0.047319420880579,0.396486567757317,-0.789826427379552,-0.427853831314833,-1.30703355710519,1.56858986493542,0.511443313184286,1.24418989872575,0.810239467183638,0.23711354576798,3.42851624592526,-0.722027751135899,0.358803503247382,-0.484006995594479,0.802690637269255,0.833670497735038,4.9518346446037,3.94006456955281,3.23715352490662,0.893343478068871,4.93666920978152,1.93025007230037,4.50612031196456,3.21266756268534,4.08727796489768,1.55835024191718,1.40746103593207,2.06375431170603,0.0742270167449798,0.303793324829072,3.52618425481765,1.51800143209044,4.73047678657673,2.98550089790186,1.28890750432474,5.79285993757324,0.123270595603807,1.74609274815128,-0.0409463471084607,1.36652645125234,1,3.2,1.13333333333333,1.06666666666667,7,4.46666666666667,3.06666666666667,0.866666666666667,2,3.26666666666667,5.66666666666667,2.26666666666667,5.93333333333333,0.0666666666666667,5.86666666666667,3.8,3.26666666666667,5.8,5.93333333333333,3.2,0.733333333333333,6.53333333333333,3.13333333333333,5.6,1.13333333333333,2.66666666666667,7.06666666666667,1.6,4.26666666666667,11.9333333333333,7,6,4.66666666666667,3.93333333333333,8.86666666666667,9.66666666666667,2.66666666666667,11.9333333333333,0.133333333333333,10.6,4.4,7.93333333333333,7.06666666666667,9.06666666666667,5.4,3.26666666666667,12.1333333333333,5.53333333333333,10.2666666666667,1.73333333333333,0,0,1,1,0,1,0,1,1,0,0,0,0,0,0,0,0,1,0,0,1,0,0,0,0,5
0.0113769627693132,-0.726325276742468,0.729437699009501,-0.289341581969537,0.595274503777132,0.261963984071522,-0.136634205082455,0.194260208261069,0.498025408981186,0.385611661127223,0.106985271263033,0.160989986532908,0.121265975025715,0.187251649358018,-0.0651001641938393,1.38925719768228,-0.113846349215986,0.454275180784159,0.364676983864842,-0.383148003622769,0.557099241403853,-0.0771884097836501,0.0645104826469163,0.00187592750670375,-0.248172239976039,0.444981749921313,-0.352161893856468,1.37243952725755,0.225851708409961,1.13115092433413,0.85977532976777,0.313998227512777,0.743818027464435,1.52925792413934,0.839376936721173,0.771903611850303,0.492154567209493,0.922225648220028,0.624470918649655,0.510704129825062,1.78877882725198,0.325256926660094,0.870563052228567,0.775154413390129,0.220931528809708,1.18835206857267,0.890719918534627,0.487904594222004,0.294574080817873,-0.0338076162723468,3.73333333333333,0.6,2.73333333333333,0.666666666666667,0.266666666666667,0.333333333333333,2.4,4.53333333333333,2.46666666666667,4.8,2.73333333333333,2.53333333333333,5.26666666666667,3.6,7,2.06666666666667,4.93333333333333,4.86666666666667,2.53333333333333,4.26666666666667,0.733333333333333,5.33333333333333,0.466666666666667,4.13333333333333,0.666666666666667,3.93333333333333,0.8,5.93333333333333,0.8,3.2,1.73333333333333,2.53333333333333,5.26666666666667,4.06666666666667,6.46666666666667,4.73333333333333,3.6,6,4.26666666666667,8.33333333333333,3.33333333333333,6.26666666666667,6.66666666666667,2.66666666666667,5.06666666666667,1.86666666666667,6,1.06666666666667,4.8,1.8,0,0,0,0,0,0,0,0,0,0,0,0,0,0,0,0,0,0,0,0,0,0,0,0,0,5
-0.80871693372454,-0.0629434839305571,1.55241317717,-0.84647258054712,1.1558570317043,0.817994728906572,1.15852993461902,2.69318826170435,1.38467177401524,1.39229026405976,0.473203310417674,0.866660098549587,0.236031455943547,-0.458077907587419,-0.0951400931970947,2.67525665705064,1.7208316693418,1.14748253629217,0.684654082506287,0.045932899945722,2.69898394822299,-0.0652004893259585,0.0204563456266181,-0.20121294861419,-0.768504770028439,1.41514411869868,3.79722751477759,7.32869909622646,-0.181470499275383,2.73397601440446,11.477781907042,2.72224292984748,4.67237227601776,3.17020909941833,5.84747361532829,1.6120700654756,2.31993968579398,2.12865290093702,1.80738125993695,0.463149119724928,5.61263304795141,4.21202542680465,3.92837070629554,2.94290121506186,1.67465550992909,4.98451722444816,1.46129023590029,2.31932319773334,0.506296039667739,-0.181475981767374,6.46666666666667,6.6,6.73333333333333,0.266666666666667,5.26666666666667,6.93333333333333,2.8,6.86666666666667,2.66666666666667,7,4.66666666666667,1.86666666666667,6.6,6.8,1.2,5.8,2.73333333333333,6.86666666666667,2.6,4.53333333333333,3.13333333333333,4.46666666666667,2.66666666666667,0.4,0.133333333333333,6.93333333333333,6.93333333333333,7.33333333333333,0.6,5.33333333333333,7,3.26666666666667,6.93333333333333,2.73333333333333,7.06666666666667,4.73333333333333,2.26666666666667,7.13333333333333,6.93333333333333,1.46666666666667,5.86666666666667,2.8,6.93333333333333,2.66666666666667,4.66666666666667,3.6,4.73333333333333,3.13333333333333,0.533333333333333,0.333333333333333,0,0,1,0,0,0,1,1,1,1,0,0,0,0,0,1,1,0,0,0,1,0,0,0,0,5
-0.124981389922318,-0.060137350366391,1.52383534909152,-0.132786013265631,1.87690334394332,1.07863893828893,1.14267523948424,2.51181654068566,1.41810431191968,0.580521960224241,0.165348110553634,0.795182269907609,-0.493649667912781,-0.173576754453351,1.3568971639251,1.06893462227895,0.942527639460695,0.41969337260716,1.15408559186291,-0.79279158543043,1.79429027276341,-0.614441010932289,0.259806060750424,-0.249717855287076,-0.154621991311162,0.822877462287248,1.97009573794513,3.97449192536281,0.354533491392133,2.80654412400359,3.20884172310566,2.26330725122133,3.90978104104375,6.9298056952556,1.96593599637189,1.70617179994335,2.27133363956804,4.78390986942738,1.2949719694964,2.23077538827291,3.98555351445373,4.63616136772902,3.13123074756273,3.92067138439332,0.636741213997979,3.72367794560386,0.261629901388733,3.60554389242391,0.340444628214414,0.481672333259735,2.8,2.86666666666667,3.33333333333333,1.86666666666667,0.666666666666667,4,3,0.733333333333333,2.46666666666667,3.06666666666667,4.6,2.46666666666667,2.66666666666667,5.93333333333333,1.66666666666667,3.93333333333333,2.86666666666667,2.86666666666667,5.06666666666667,3,3.2,2.53333333333333,2.8,6.66666666666667,0.2,6.86666666666667,4.6,5.93333333333333,3.4,1.53333333333333,7.46666666666667,5.73333333333333,4.13333333333333,3.2,4.6,5.26666666666667,3.66666666666667,2.93333333333333,6.73333333333333,3.26666666666667,6.86666666666667,4.13333333333333,6.33333333333333,8.86666666666667,3.2,3.8,2.73333333333333,4.06666666666667,10.8666666666667,0.266666666666667,0,0,1,0,0,1,1,1,1,0,0,0,0,0,0,0,0,0,0,0,1,0,0,0,0,5
-0.664976501791239,0.0610338936393803,1.1443634965941,-0.153813211142305,0.406579585566607,0.615495530948673,0.791292512170703,2.91233296770278,0.155265318055079,0.0247941895372393,0.312171228138327,0.202016608899649,-0.491247089869936,-0.208583407387087,-0.50004125781221,1.0906090644649,1.16401903125229,0.520490379266787,0.765122672725126,-0.512543900455366,2.00798116655624,-0.618543540930564,0.266478939844102,-0.203837857946477,-0.258328648096637,0.394246023534137,1.34452102913806,4.16610908317321,1.74915286895158,1.57871089276593,1.70437193006315,1.37728111996712,4.8465515478454,1.27382076325481,1.14477198150165,1.22860860628664,0.927007603175504,2.29510710058479,0.281734337765211,0.263561061455634,2.58375956442926,5.15371350430175,1.8803542058421,1.609606516431,1.18845365438176,3.40212597168833,4.53640342733996,1.41399903288256,0.640383287879207,0.252036801973322,6.46666666666667,3.13333333333333,3.33333333333333,4.26666666666667,3.93333333333333,2.06666666666667,2.6,0.733333333333333,1.86666666666667,3.06666666666667,4.6,2,3.06666666666667,0.2,5,3.73333333333333,1.93333333333333,1.93333333333333,1.26666666666667,2.73333333333333,2.8,3.13333333333333,2,4.6,0.666666666666667,6.53333333333333,3.73333333333333,3.66666666666667,4.33333333333333,4.06666666666667,2.13333333333333,2.8,1.33333333333333,2.13333333333333,3.2,5,2.2,3.13333333333333,0.6,5.2,4,2.06666666666667,2.2,1.4,2.8,3.33333333333333,3.2,2.4,5.13333333333333,1,0,0,1,0,0,0,1,1,0,0,0,0,0,0,0,1,0,0,0,0,1,0,0,0,0,5
-0.526525243026596,0.340566732052937,1.79163289720931,0.834630663100385,0.458871157278308,2.71254517914847,0.775967383304817,3.00588057112277,1.05079919366012,2.12183842464919,-0.310188018598011,0.685863892754984,-0.505443441754522,-0.934783470237372,-1.41689053213957,2.02428246676527,0.899417758887696,0.183732801852699,1.15269481805251,0.130450222922186,4.22079049879502,-1.08809387126944,-0.208537269955375,-0.23881062400294,0.35854819339621,0.0348438422813895,1.66436112578585,3.82030802851438,1.77057305056691,1.60451574892558,9.18158017491887,2.06209322811371,4.42710694398789,2.17566731225143,3.46756799460199,1.36707712542533,1.49769951693552,2.7935812151292,-0.274775964958458,0.774909530218572,6.94217616806809,2.89507625925836,4.76778774568135,4.7854380797427,0.597458165840181,6.57033919283319,-0.032029298866878,0.644801578368514,0.274382698620051,1.18506393320506,0.466666666666667,6.73333333333333,7,0.666666666666667,6.8,5.86666666666667,3.2,2.33333333333333,2,3.73333333333333,6.93333333333333,1.8,5.4,2.4,4.73333333333333,4.2,4.93333333333333,4.46666666666667,3.8,1.6,0.666666666666667,0.333333333333333,3.33333333333333,0.0666666666666667,0.866666666666667,1.2,9.8,12.9333333333333,2.66666666666667,7,7.53333333333333,5.6,8.93333333333333,4.13333333333333,10.1333333333333,10.4666666666667,5.93333333333333,9,4.4,9.8,10.8,5.2,10.6,5.46666666666667,5.13333333333333,1.66666666666667,3.46666666666667,9.4,0.6,1.6,0,0,1,0,0,1,1,1,0,1,0,0,0,0,0,1,0,0,0,0,1,0,0,0,0,5
-1.52271386092603,0.496792565977451,1.23536738866229,-0.349207442559025,-0.696613332870555,0.325362571807818,0.762114251321403,3.83037026090661,1.09108684174184,0.95390533446462,0.425052067887303,0.932368996175018,-0.672911122680028,-1.43427120617649,-0.159331755651875,2.92268464567891,1.63841584945794,0.988160995473965,0.858841673756082,0.0800499634997771,2.9466953576827,-1.23342542131407,0.948425737713234,0.135348038706746,-1.15343674118958,0.37640364801817,2.40759642689755,3.00340022741858,0.0704735601189461,-0.0267762037452835,2.82662632346434,1.60266924720244,6.64790010399914,3.43180140466899,2.15297327575384,1.54960430385255,2.27048817251333,4.78888673465584,0.126615601517904,0.564182449530901,4.68055546536482,4.99861685513835,5.74544222852135,2.25265002799307,1.29845304708371,4.46047702806957,-0.0606247700324083,2.68359961622553,0.864434347063537,0.11624752004601,0.266666666666667,5,2.93333333333333,0.0666666666666667,6.53333333333333,5.06666666666667,0.733333333333333,1.4,4.86666666666667,1.26666666666667,1.4,2.33333333333333,3.06666666666667,0.266666666666667,1.26666666666667,3.53333333333333,2.26666666666667,3.93333333333333,1.26666666666667,4.8,0.733333333333333,0.333333333333333,2.4,4.66666666666667,6.53333333333333,3,9.46666666666667,3.13333333333333,1.93333333333333,12.8666666666667,7.53333333333333,2.8,4.46666666666667,8,5,3.26666666666667,3.86666666666667,7.26666666666667,0.333333333333333,7.93333333333333,3.86666666666667,7.73333333333333,9.4,3.6,9.8,5.06666666666667,0.466666666666667,6.06666666666667,4.73333333333333,12.8666666666667,0,0,0,0,0,0,0,1,0,0,0,0,0,0,0,1,1,0,0,0,1,0,0,0,0,5
-0.870966592337715,0.522021646919477,0.588524495941118,-1.06323176878646,0.168458875199713,1.02217570592568,-0.226393129003462,1.68547808648677,0.0902010785804664,0.806138057462573,0.350647748050925,0.847819523758377,-0.131101704344954,-0.630428661383758,-0.171633147949565,2.02479246133153,0.618206310969067,0.791697094205195,1.53590841336554,-0.0974054057383902,2.08909875123036,-0.524319500365622,0.536756924154802,0.109641268318869,-0.631317828749642,0.161720884314568,1.24945596451399,2.18329983752474,1.39445370201216,0.612709028038497,1.59554825603405,0.229676882237216,2.42315986404057,1.13192384557857,1.3598912925962,1.19819370182148,1.43587786168787,0.887874905378075,0.321853721696258,0.508838105384492,3.04038239584377,2.79026765970942,2.08751205320255,2.33596346961328,0.633099964810021,3.92215180696801,0.217608682887401,1.28470101592837,0.463552088524697,0.0360771275867892,6.8,3.46666666666667,4.53333333333333,4.6,0.4,0.533333333333333,1.93333333333333,0.8,2.4,1.46666666666667,2.53333333333333,2.06666666666667,4.53333333333333,0.333333333333333,6.66666666666667,1.86666666666667,2.8,1.93333333333333,1.13333333333333,3.06666666666667,3.2,0.4,2.86666666666667,5.86666666666667,7,7,3.6,4.73333333333333,4.8,0.6,0.8,2.2,1.06666666666667,2.53333333333333,1.6,2.6,2.2,4.66666666666667,0.4,6.8,2.06666666666667,2.93333333333333,2,1.2,3.33333333333333,3.33333333333333,0.466666666666667,3.13333333333333,5.93333333333333,7.26666666666667,0,0,0,0,0,1,0,1,0,0,0,0,0,0,0,1,0,0,0,0,0,0,0,0,0,5
-0.40215992647158,-0.331458035909257,0.576580985207398,0.0129532640286712,-0.109009695860283,-0.239835162636285,-0.498267234405036,0.737197838719461,0.484195926103814,-0.149544444082339,0.276437955703172,0.247956788326516,-1.16583604437599,-1.21132628335896,-0.203284961029632,0.431302797640097,0.357625217468855,0.178873388047792,0.0963557335239323,0.033057041584002,0.688292397689208,-0.0316288199947554,0.676431934860507,-0.276544066197749,-0.921986531047588,0.744003183580298,0.533634034486458,2.27979305299476,2.11508948133799,0.538957899929135,0.779011073807195,0.654505058361397,1.46979189661471,2.11008337228485,0.173950067550658,1.23141330700068,1.37474020014373,0.0470653367775494,-0.365878813324794,0.343374853844844,1.08028362639037,1.62779853236034,1.28141982851646,1.05558434863015,1.53423424929859,1.77602699982355,0.947936959745918,2.35719752959758,0.817225689267799,-0.00514486425981937,4.8,3.13333333333333,3.26666666666667,4.8,0.733333333333333,0.466666666666667,2.66666666666667,0.866666666666667,1.66666666666667,0.933333333333333,2.86666666666667,6.66666666666667,2.8,4.93333333333333,2.13333333333333,1.26666666666667,6.66666666666667,1.93333333333333,2.8,6.6,0.533333333333333,5.26666666666667,2.8,5.53333333333333,7,5.13333333333333,4.73333333333333,3.33333333333333,6.4,2.66666666666667,0.8,2.73333333333333,2.86666666666667,3.4,2.13333333333333,4.26666666666667,8.93333333333333,2.93333333333333,5.13333333333333,2.73333333333333,1.46666666666667,8.86666666666667,3.86666666666667,4.73333333333333,8.73333333333333,2.26666666666667,5.86666666666667,3.33333333333333,7.26666666666667,9.26666666666667,0,0,0,0,0,0,0,0,0,0,0,0,0,0,0,0,0,0,0,0,0,0,0,0,0,5
-0.301249505733473,-0.131713404358055,1.27778987922769,1.40103643782406,0.0105145559515473,0.113394584745682,0.310294152003197,0.801550842521658,0.304048044110781,-0.0748065008208781,0.319298252752511,0.71194246784375,-0.0266462596386884,-0.0212991713957336,0.0415217502324634,0.625662753912834,0.367524753846453,-0.313492947953966,0.9694605563483,-0.172242840529064,1.51890867524438,-0.242235340719933,0.0138357851141305,-0.178256107370414,-0.396575219354384,0.433833713472371,0.61129605170082,2.53889396787595,2.31250498262263,1.03790757263428,0.799240748068067,0.862352674641458,1.70753131990538,1.16880399398351,0.409036358158088,0.868636411511444,1.62298812275906,3.26634927874881,0.466606833397203,1.18865751548411,1.90078843465812,0.96206432958343,1.28971950918496,2.20621254893578,0.795364890327827,2.85501400444991,0.698800566883019,0.980085243671657,0.795190746454728,0.265767541073825,1.06666666666667,3.33333333333333,1.06666666666667,4.46666666666667,4.46666666666667,3.6,2.53333333333333,1.33333333333333,1,3.33333333333333,4.8,2.4,4.06666666666667,2.46666666666667,6.73333333333333,1.66666666666667,4.73333333333333,2,1.33333333333333,4.6,3.2,6.46666666666667,3.93333333333333,5.93333333333333,0.333333333333333,6.8,5.8,2.2,10.1333333333333,6.93333333333333,7.53333333333333,4.86666666666667,1.93333333333333,1.73333333333333,3.73333333333333,6.46666666666667,7.33333333333333,5.66666666666667,3.4,12.2,4.33333333333333,7.66666666666667,5.13333333333333,4.13333333333333,6.8,3.46666666666667,9.8,7.6,9.13333333333333,4.8,0,0,1,1,0,0,0,0,0,0,0,0,0,0,0,0,0,0,0,0,1,0,0,0,0,5
