0.815231177,1.319194068,0.872186599,2.113324402,0.768452121,-0.188433329,0.375401542,-0.106233656,0.347711945,0.152840408,-0.004137187,0.227663338,0.291535473,0.356840628,0.109621934,-0.138738389,-0.168222966,0.29441142,-0.711223936,1.439457303,0.121158259,0.223045784,-0.033608471,-0.08413569,-0.212167388,1.981751766,2.436333499,1.560248606,3.830666624,1.134187377,0.470728134,1.232688013,2.088719024,1.182600669,1.406455563,0.447626229,0.81259999,1.334915071,1.311971889,0.992423859,0.611253955,0.290508533,1.354082152,0.541852558,2.434049275,0.87948126,0.934518556,0.228673186,3.456046852,0.049208473,0.8,0.866666667,3.6,1.2,5.8,1,0.6,1,0.6,0.733333333,2.666666667,0.933333333,0.866666667,5.866666667,1.066666667,1.2,0.866666667,6.666666667,0.733333333,2,0.933333333,1.066666667,0.333333333,1.066666667,0.066666667,1.266666667,6.533333333,7.533333333,5.666666667,6.933333333,1.066666667,1.4,1.733333333,5.733333333,1.2,3.333333333,4.6,6.066666667,11.53333333,3.066666667,1.266666667,2.8,11,1,7.733333333,1.733333333,5.6,0.733333333,1.733333333,0.533333333,1
0.228566231,1.045510633,-0.046382468,0.069965466,0.5746295,3.795567471,0.587080759,1.938389032,1.181637285,-0.118455976,0.349711076,0.738862867,0.437039737,1.155650422,0.193775807,-0.143788005,0.18051331,-0.704519332,-0.481572296,-1.197598189,0.404450274,0.239493081,1.017140228,0.859962327,-0.387216466,0.945570392,3.518732332,1.075112189,1.701689507,1.666345815,9.716820996,2.605864967,5.778381324,3.468042809,0.80118254,1.21101218,2.708937395,2.17184033,3.251436293,0.97667782,0.461538218,1.604076933,1.566157988,0.534424578,0.260914883,1.918194907,1.574088791,3.252766198,4.662463583,1.644368126,4.133333333,4.533333333,4.066666667,4.4,4.733333333,5.2,4.4,4.466666667,4.066666667,3.533333333,3.933333333,5.266666667,4.533333333,4.333333333,4.333333333,5.133333333,6.8,6.533333333,0.6,0.066666667,5.533333333,4.533333333,4.4,5.266666667,3,4.866666667,6.533333333,6.533333333,6,6.333333333,5.266666667,5.8,6.8,6.133333333,3.733333333,5.4,7.4,6.133333333,6,5.466666667,5.933333333,9.4,8.6,0.666666667,1.933333333,7.666666667,5.333333333,7.266666667,8.2,3.066666667,1
0.113297781,-0.019979766,-0.042727968,-0.264128246,-0.047027376,-0.786867343,0.096066722,-0.523038549,-0.023105779,0.296165822,-1.159850151,-0.340349222,-0.681350595,-0.160984451,-0.058070163,-0.324116759,-0.85587116,0.174702128,0.101106227,-0.307124007,0.018124131,-0.131629851,-0.231491771,-0.278549839,-2.311623152,0.465927293,0.340864046,0.442768508,0.134851197,0.376541581,0.191064036,0.470247608,0.176886416,0.483732991,0.749619426,-0.445534215,0.229079873,0.246662645,0.570755357,0.432268322,0.092382851,-0.220739128,0.714983846,0.990808356,0.488532589,0.680498325,0.361975426,0.396074106,0.411772537,-0.702813083,5.2,2.933333333,3.2,1.866666667,0.466666667,1.266666667,1.066666667,0.266666667,0.533333333,4.533333333,0.533333333,5.6,1.466666667,2.866666667,1.466666667,1.2,0.466666667,6.933333333,5,6.666666667,6.333333333,3.733333333,1.533333333,2.666666667,0.066666667,5.933333333,4.533333333,3.533333333,1.933333333,2.266666667,2,2.533333333,1.133333333,0.866666667,6.133333333,1.266666667,6.066666667,3.066666667,3.733333333,2.8,2.266666667,1.4,8.066666667,5.2,8.533333333,7.4,4.733333333,2.333333333,3.733333333,1.933333333,1
-0.099323782,0.121696149,-0.02731804,-0.600783797,0.002782829,0.046698937,0.65839412,0.369532994,0.268177845,0.309696023,0.348496619,0.073371188,0.369153294,0.261671695,0.221715599,-0.048596199,0.300809239,-0.958298108,0.258898043,-0.346264094,-0.191752095,-0.004076816,-0.015192561,0.229478166,-0.358236227,0.861049843,0.907406305,0.778229554,-0.002482966,0.689337278,1.030833926,2.207265975,1.380912623,1.686644434,1.181609026,2.169135612,0.774279289,2.343149311,2.101320131,1.107886706,0.465448983,1.458673337,0.23637366,1.459097914,0.48760918,0.747044272,0.940170889,0.863032164,1.448572421,2.266149839,6.4,6.466666667,7,0.333333333,2.066666667,3.933333333,6.266666667,3.933333333,6.333333333,6.4,3.933333333,6.333333333,6.4,0.4,2.2,2.333333333,6.6,0.133333333,0.933333333,0.2,0.4,1.466666667,2.8,5.733333333,0.333333333,6.733333333,7.133333333,7.6,1,2.533333333,4.066666667,6.466666667,4.266666667,6.666666667,6.533333333,4.333333333,6.666666667,6.666666667,1,2.333333333,2.6,7.066666667,0.733333333,1.466666667,0.866666667,0.6,1.6,3.2,6.066666667,0.6,1
-0.114824152,-0.166727125,0.032359232,-0.159883259,-0.129146345,-0.409092723,0.111756443,-0.347729918,-0.27319769,-0.172035293,0.87387915,-0.33685994,0.046850912,0.438115926,-0.185246351,-0.017194705,0.043852474,-0.74008344,-0.960047107,-0.609636702,-0.174299575,-0.101445298,-0.433021947,-0.601592498,0.761689538,0.712326437,0.432773198,0.546081683,0.325110206,0.421418439,0.482655688,0.981832812,0.505426933,0.178526725,0.8154618,3.63460385,0.450839528,1.204784374,1.80086773,0.276797381,0.513714717,1.541439663,0.19372392,0.182834502,0.524177175,0.436084529,0.913922285,0.413898595,0.207378568,3.217426454,6.333333333,6.733333333,3.866666667,3.066666667,3.933333333,3.266666667,4,6.4,0.466666667,1.333333333,3.066666667,1.4,3.266666667,6.333333333,4.4,6.866666667,3.2,0.4,0.666666667,6.466666667,6.133333333,3.266666667,0.533333333,3.266666667,3.2,6.666666667,7,4.066666667,3.133333333,4.6,3.333333333,4.066666667,6.666666667,0.533333333,1.733333333,3.133333333,1.533333333,3.933333333,6.866666667,4.733333333,7.066666667,3.333333333,0.6,1.266666667,6.866666667,6.466666667,3.666666667,1.266666667,3.533333333,3.466666667,1
0.396126554,-0.261157415,-0.049490814,-0.279920718,0.070861812,0.906505481,0.797345727,0.3074948,0.677149469,0.416091235,0.170585608,-0.032866829,-0.754873269,-0.199248881,-0.003742203,0.342560418,0.062610794,-2.060518771,0.449773188,-0.311492719,-0.095518966,0.656775357,0.431439251,0.171473863,1.205400256,1.843389204,0.66983499,0.812896649,0.497115533,0.854796561,3.120480101,2.726594095,1.806857441,1.56558573,1.521925236,1.965495694,0.97504689,1.050770626,1.250848444,0.975800665,1.14921136,1.054795281,-0.06418557,1.493105222,0.667843786,1.42581363,2.01546739,1.39310146,1.244761285,4.881389482,1.6,0.933333333,4.866666667,1.6,4.533333333,4.4,1,1.733333333,2.333333333,1.8,4.2,2.266666667,0.933333333,6.266666667,0.866666667,1.733333333,0.933333333,0.333333333,3.333333333,6.066666667,4.733333333,4.466666667,2.666666667,3.4,4.466666667,4.866666667,1.6,5.133333333,1.933333333,7.933333333,9.8,4.466666667,3.533333333,4.6,3.666666667,7.533333333,5,1.133333333,11.4,6.333333333,2.066666667,4.333333333,4.333333333,5.066666667,8.2,9.866666667,4.666666667,4.066666667,4.533333333,7,1
-0.182034741,-0.038295487,0.000975788,-0.731559159,-0.052102197,0.823363969,0.490452526,0.833058105,0.643266926,0.111544398,0.186325478,-0.028781373,0.949633052,0.03993182,0.330115443,0.008353711,0.246797165,-0.831560066,-0.185208268,-0.088222996,-0.162572825,1.482911829,0.283306534,-0.533078404,-0.500452678,0.307554459,0.381014085,0.659748487,-0.041964906,0.400120223,1.814715575,1.249314649,1.961693573,1.279996388,0.708091501,1.247952792,0.584959304,2.480448347,0.795821325,0.765914657,0.803729586,0.951769954,0.33828329,0.317128265,0.764867677,0.311903569,2.953583395,0.725137802,0.213403127,1.769626697,5.333333333,4.933333333,0.266666667,0.933333333,0.4,2.8,2.933333333,2.933333333,0.6,0.533333333,0.666666667,3.2,0.933333333,2.4,0.266666667,2.866666667,3,7,0.4,5.6,6.933333333,2.8,2.666666667,2.533333333,0.133333333,7.066666667,6,1.133333333,1.066666667,0.666666667,4,3.4,3.8,1.6,1.066666667,0.933333333,4.066666667,1.666666667,2.866666667,1.266666667,3.333333333,3.933333333,8.133333333,0.8,6.266666667,8.4,3,3.666666667,2.866666667,0.2,1
0.07946964,0.101191145,-0.063817128,0.128574675,0.286882233,-0.166319666,-0.130004302,0.01709563,-0.232404861,0.257850086,-0.05106714,-0.732720527,0.813870609,-0.164747282,-0.300577818,-0.439582296,0.396780761,-1.55286049,0.654536008,-1.07882686,-0.637987659,-0.33172448,-0.174105643,0.481795684,0.086311425,0.803129832,0.86607792,0.934270373,1.217399831,1.016520627,0.735220286,1.1203663,0.882563215,1.126323863,1.139764944,0.7777815,0.214087887,2.347856456,0.65736479,0.612302062,0.378230666,1.91663825,-0.184202228,2.22181606,0.736388579,0.566313968,0.405462504,0.492478017,1.422513219,2.858257795,0.066666667,6.533333333,5.866666667,4.466666667,2.2,4.2,4.2,3.066666667,4.266666667,0.466666667,0.066666667,0.333333333,5.333333333,0.2,1.533333333,0.733333333,4.133333333,0.133333333,0.333333333,6.466666667,4.333333333,4.8,2.8,3.866666667,0.266666667,3.133333333,10.8,6.933333333,9.533333333,2.6,9.333333333,8.8,4.6,8.466666667,4.866666667,3.4,0.666666667,8.2,1.4,3,1.2,4.933333333,0.266666667,2.133333333,12.46666667,7.733333333,6.8,8.733333333,8.266666667,0.733333333,1
0.270991784,0.148070967,0.680544134,-0.073263836,0.184232122,-0.155919412,1.141774113,0.464204197,2.246188802,0.40384007,-0.309459217,0.39366214,0.678519355,-0.35526913,0.625554559,-0.171307356,0.025549452,0.518003482,0.343324362,-0.119663681,-0.064684767,-0.744940436,0.420070102,-0.703084482,-2.281660147,1.955616313,1.143277307,3.205326874,0.42034975,0.935097575,1.532613233,3.898242748,5.307327279,7.053394428,1.74813009,0.3792558,1.393993802,4.100299843,0.367154819,2.660396782,0.461448818,0.874858826,2.285817117,2.284419402,0.788626511,1.240742448,0.644378176,1.101187278,1.91698168,-0.146157293,5.866666667,6.933333333,5.733333333,5.866666667,5.6,6.933333333,5.733333333,7,5.8,5.8,0.8,3.666666667,5.933333333,5.666666667,5.8,0.333333333,5.733333333,4.666666667,5.933333333,5,6.533333333,6.933333333,1.4,6.533333333,0.133333333,6.666666667,7.2,6.4,6.4,5.933333333,8,6.666666667,7.533333333,6.333333333,6.066666667,1.8,3.866666667,7.066666667,5.866666667,6.6,1.466666667,6.533333333,5.8,7,5.266666667,6.6,8.133333333,1.533333333,7.733333333,0.2,1
-0.422577302,-0.309441389,-0.245038415,-0.12882828,-0.192127249,0.391454562,-0.600936007,0.541315303,-0.633038701,-0.401624309,0.248934482,-0.624400055,0.009146181,0.195420316,-0.212254754,-0.046013895,-0.060065443,0.511411503,-0.278930454,0.537793363,-0.296238411,-0.211163542,-0.035290637,0.68104014,1.338551201,0.273445572,0.663202064,0.824918719,0.885037127,0.513125233,2.413576616,2.364931476,2.600561239,1.268452889,0.622216442,1.79365448,0.364232032,1.154298665,2.32623503,0.341415797,0.646860638,0.633330731,2.109993066,0.531167326,1.655654696,0.735067086,0.399864678,1.046688168,3.437152611,4.641128968,0.133333333,0.733333333,6.6,6.866666667,6.466666667,6.333333333,6.466666667,6.4,6.533333333,6.4,3.466666667,0.666666667,0.8,3.466666667,4.266666667,3.533333333,2.866666667,5.733333333,4.066666667,5.866666667,6.533333333,5.466666667,6.733333333,6.6,3.466666667,6.466666667,1.066666667,13.33333333,13.8,7.466666667,11.93333333,13.13333333,11.66666667,13.46666667,7.733333333,7.266666667,1.266666667,7.333333333,10.06666667,7.066666667,9.733333333,8.2,12,7.733333333,12.06666667,12.93333333,5.666666667,9.266666667,11.4,7.866666667,1
4.090960442,3.878751593,2.833959137,1.148840406,2.491976651,-0.221502292,3.181431873,3.418492247,7.846726073,1.167153878,0.290901864,2.919426666,3.079557595,1.142350434,1.135404471,0.444707892,0.699068057,-1.240513099,0.870376527,0.028742119,0.230293766,1.652432839,-0.598843784,1.591242582,-0.808320077,6.313009198,6.991210344,5.30386298,2.779914954,3.723236172,1.043836848,5.894045562,6.712666733,12.01219641,3.4809595,1.770211624,4.444078792,5.393841472,2.972165819,2.209785224,1.457802423,1.708644085,0.496761423,2.655834859,0.633714317,1.229961448,2.586818349,0.07893442,3.571735861,1.024259938,2.466666667,3.133333333,4.666666667,2.4,5.933333333,1.2,2.533333333,2.666666667,3.133333333,2.4,2.266666667,2.666666667,5.666666667,2.4,1.266666667,2.2,3.2,0.266666667,2.533333333,2.666666667,0.866666667,6.133333333,0.133333333,2.066666667,0.466666667,6.8,6.666666667,4.8,6.4,10.46666667,1.266666667,4.333333333,4,7.733333333,2.8,2.866666667,6.2,5.933333333,3.533333333,4,3,4.733333333,2.8,3.666666667,3.933333333,1.466666667,9.133333333,3.4,3.066666667,2.333333333,2
3.299865059,2.401642514,2.301562586,2.15663547,2.275303445,0.276031531,5.674590118,4.72900394,9.23188544,1.308755812,0.322019267,2.627637685,3.012739268,0.708741845,1.213897423,0.902937616,0.979037083,-0.719022201,0.643854768,-0.453886603,-0.400825168,3.387380632,-0.109123891,2.09549883,-3.937777389,5.223539353,4.711924085,5.191109262,5.395665746,3.427245726,1.63133072,9.638476698,8.376927883,11.48425049,3.765033622,2.443793533,4.234096841,5.4745223,2.387892483,2.361006834,2.491927423,2.083817928,1.327461389,2.640739316,0.494799416,0.548882867,4.737587557,0.742177786,6.752331556,-0.27179967,6.733333333,1.533333333,6.4,2.2,6,0.6,1.6,1.533333333,2.533333333,1.666666667,2.133333333,2.6,6.733333333,2.133333333,0.733333333,1.466666667,0.933333333,6.866666667,1.533333333,2.4,1.8,1.533333333,3.8,0.866666667,0.2,6.866666667,1.6,6.533333333,2.466666667,6.133333333,0.933333333,1.933333333,1.666666667,2.666666667,2,2.466666667,2.733333333,7,2.4,1.066666667,1.733333333,1.066666667,7.2,1.666666667,2.533333333,2.066666667,1.866666667,3.866666667,1.066666667,0.333333333,2
1.709585815,1.188720996,0.744117485,2.626155938,0.268852802,1.085534342,3.128230827,3.229590351,3.346147895,0.478960489,0.42951939,1.265145016,1.117999751,1.278896554,0.559356127,1.325973794,1.001602749,-1.566040758,-0.354384504,0.532204663,0.396672971,2.589618557,0.251917865,-0.109207373,-0.051972703,4.934493061,3.59811623,1.818081637,6.586823846,1.533067982,3.046616887,8.471164298,6.914292215,7.302772959,2.914436442,2.355369499,3.552710936,3.931531813,4.294210045,1.789370962,2.521056831,2.241563254,0.189243365,1.572756491,1.318654721,1.75098508,4.693282843,1.63632299,1.903560005,2.729817564,1.466666667,1.4,1.333333333,1.6,1.333333333,0.4,1.4,1.533333333,1.533333333,1.466666667,0.466666667,1.466666667,0.933333333,1.466666667,0.733333333,1.466666667,1.4,0.333333333,0.733333333,6.2,1.6,1.4,0.266666667,0.6,0.4,3.133333333,3.4,2,3.533333333,2.6,1.066666667,3.333333333,3.733333333,4.266666667,2.066666667,0.533333333,3.333333333,1.666666667,2.466666667,1.4,3.866666667,4.266666667,3.933333333,1,8.466666667,4.333333333,5,1.4,1,3.2,2
0.659906917,0.793808154,0.55126367,0.869733856,0.440464884,0.251528427,2.706686494,1.286844718,2.688876914,0.471372077,0.081652704,0.464618199,0.376326588,0.188676361,0.281986122,0.781847721,0.826479835,-1.096730871,-0.583280564,0.381962757,-0.01658787,0.821606559,-0.431184516,0.884953393,0.020293388,1.731603505,1.470515199,1.92204499,2.003897085,1.220521739,1.402985825,6.912480492,2.48210102,4.477154258,2.356516552,1.268205072,1.45627504,2.348660413,1.303708169,1.09161691,1.359752612,1.520103265,0.263737059,1.169866298,1.528084055,0.772346241,1.634987767,0.61620414,2.937277231,2.4278384,0.866666667,1.6,0.666666667,1.666666667,0.6,0.866666667,0.733333333,2,1.666666667,0.866666667,3.933333333,1,0.866666667,3.933333333,0.6,1.933333333,5.4,0.133333333,0.533333333,3.466666667,4.2,0.8,2.8,0.933333333,6.4,5,3.333333333,1.4,4.266666667,2.333333333,1.2,2.866666667,4.533333333,5.6,1.933333333,7.4,5.2,2.533333333,7.533333333,1,8.133333333,11.2,2.466666667,0.933333333,5.866666667,7.8,6.133333333,4.266666667,1.733333333,12.6,2
1.093301534,1.27000159,0.300828642,1.851052296,0.486132966,-0.199840818,3.661296554,5.279176574,3.921878491,0.319017636,0.467427075,1.957891155,1.309739938,0.778214355,0.823037243,1.434891798,0.641819662,1.201164572,-0.349731481,1.141443865,0.693910366,4.276922979,0.248275463,3.824368298,-0.90878058,2.795185801,2.666882558,1.670962435,4.107258047,1.412809248,1.706867105,7.291760236,8.286571424,5.928106564,2.29797623,1.55851722,3.352523835,4.191115647,3.514886574,1.826634348,2.481382325,2.270490829,3.714020012,1.848701273,2.486209299,2.21556964,6.351453706,1.21076123,9.668409263,1.217594747,0.866666667,0.866666667,0.466666667,2.066666667,1,1.8,0.733333333,1.8,1.8,0.933333333,6,6.4,1.8,6,0.8,1.933333333,0.4,4.266666667,0.333333333,3.6,1.733333333,1.8,5.266666667,5.666666667,0.266666667,1.4,2.733333333,5.066666667,5.533333333,1.4,2.133333333,5.133333333,4.466666667,4.666666667,5.533333333,10.66666667,9,3.6,11.86666667,6.066666667,7.866666667,5.533333333,10.13333333,0.4,5.866666667,6.4,5.8,6.266666667,7.266666667,4.6,2
0.272454754,0.418435363,0.395587029,0.835203362,0.042652447,0.789116426,1.341108993,2.198204943,3.175850084,0.326112785,0.23097987,1.256770256,0.936434753,-0.223453432,0.22892855,0.815783612,-0.078880818,0.244595331,0.107399738,0.316859454,0.250227106,0.573228818,-0.239684572,1.521456275,-2.008684739,1.092322537,1.636413162,1.569722829,1.948692388,0.865529402,2.218581437,4.94368812,4.151928835,5.646412261,2.871925001,2.34037546,3.246505733,3.16695449,0.550735819,1.130024034,1.389120458,1.360096559,1.225674652,1.999044638,1.430336604,1.369489403,1.489685312,0.726520263,4.019674566,0.880191077,0.333333333,0.533333333,0.533333333,1.466666667,0.4,1.133333333,0.4,1.4,1.333333333,0.533333333,5.733333333,1.266666667,0.466666667,5.733333333,0.333333333,1.666666667,0.466666667,5.6,0.4,5.733333333,5.866666667,1.266666667,1.6,5.666666667,5.8,1.8,1.066666667,2.4,1.6,0.466666667,1.666666667,2.733333333,4.933333333,5.266666667,1.333333333,11.8,3.133333333,2.866666667,6.866666667,1.4,1.933333333,1.466666667,11.6,0.933333333,10.4,7.333333333,3.333333333,3.066666667,11.8,11.4,2
0.530988138,0.371142908,0.563985981,0.544904567,0.340062999,-0.58960784,2.174125561,0.842539999,2.641055398,0.589396976,0.027891255,0.607107365,1.011764866,-0.080275143,0.261916423,0.744878714,-0.201228149,0.052133764,-0.562142728,-0.536294471,0.084792868,0.31673854,-0.049022097,-0.418762992,-0.883544523,1.831275892,1.11731093,1.269446981,1.833402528,0.851748481,0.730073429,4.932701713,3.311428187,4.759518147,2.224560847,0.852285911,1.537385432,2.972675965,0.612838047,1.121169766,1.599431252,0.845649944,1.932743827,0.938459783,0.321571567,0.63767361,1.27786175,0.673242809,3.26452579,0.741674295,0.8,2.666666667,0.733333333,1.666666667,2.733333333,0.4,1.733333333,2.2,2.4,0.6,2.733333333,1.2,2.4,0.4,0.466666667,2.133333333,0.666666667,7,0.8,5.333333333,5.666666667,1.666666667,5.733333333,5.333333333,6.933333333,1.2,4.733333333,3.4,3.933333333,7.2,6.533333333,4.266666667,4.4,6.266666667,1.666666667,5.8,6.533333333,5.133333333,1.333333333,2,5.533333333,1.6,11.8,1.6,10.13333333,11.86666667,3.866666667,9.666666667,10.4,11.86666667,2
0.420783314,0.298492764,0.324122388,1.002883629,0.008845813,-0.195947202,2.591545669,1.448808986,2.739791932,0.558755285,-1.019723064,0.166781242,-0.328435915,-1.298576661,0.370584628,0.539515248,-0.021308569,-0.5853682,0.035864933,-0.001948134,-0.179778558,0.991297943,0.101531792,-0.33800817,-0.79780268,2.116495371,1.158053516,2.057917266,2.235749858,1.116930137,1.051254307,7.162107511,4.356813672,6.10703557,2.886683079,0.630125924,2.042351026,2.321482671,1.302243834,1.683131598,1.666786799,1.56488111,1.721025389,1.391397011,0.715281173,0.679421068,2.163977546,0.817766884,4.262565303,1.724294971,0.8,0.666666667,0.4,1.6,0.4,0.533333333,1.6,1,1.333333333,1.266666667,0.133333333,1.533333333,1.466666667,0.266666667,1.2,1.733333333,0.866666667,6.266666667,0.733333333,3.8,1.6,2.533333333,4.733333333,5.6,0.2,1.4,5.533333333,1.933333333,5.066666667,3.133333333,0.6,3.466666667,2.933333333,3.2,2.4,0.266666667,3.133333333,2.333333333,0.4,2.133333333,2.266666667,2.133333333,11.66666667,1.466666667,4.733333333,3.466666667,4.666666667,9.666666667,10.86666667,5.133333333,2
0.903084752,0.227242104,0.591257697,0.379717408,0.180332788,0.39541394,4.661197231,2.156458738,4.270633,0.603261606,-0.049335148,0.68965098,1.017760457,0.095981672,0.854917066,0.605462781,0.844813051,-2.686617905,-1.372615307,0.163367938,-0.414654361,0.631755785,0.318330669,-0.170405052,-1.126689761,2.356505136,1.125487221,1.711026045,1.01337331,1.187329527,1.576277946,7.692485844,3.730030309,6.94415342,2.33556447,0.513038353,1.377876603,2.554114181,1.282744544,1.8611501,1.18077171,1.863181984,0.060001288,0.854150784,1.243132795,0.354715081,1.642432701,1.17352294,2.004140146,0.556402994,0.733333333,4.866666667,3.4,5.266666667,0.533333333,6.6,2.333333333,3.333333333,3.333333333,0.666666667,5,6.666666667,2.266666667,3.533333333,3.533333333,2.066666667,2.333333333,0.2,0.666666667,5.466666667,3.6,0.733333333,6.866666667,1.333333333,0.4,3.666666667,10.86666667,6.866666667,10.06666667,3.2,12.8,3.4,4.333333333,3.4,1.666666667,7.266666667,7.733333333,7.2,6.866666667,7.666666667,7.733333333,5.133333333,0.266666667,0.8,11.46666667,6.933333333,2.266666667,13.13333333,2.333333333,1.933333333,2
0.081320933,0.022001613,0.74825946,0.69026526,0.340546312,-0.348401235,3.370308504,-0.199728683,2.389065636,0.94760045,-0.480896087,0.580984103,1.11113549,-0.025813057,0.577286907,0.854657896,0.182785083,-0.150602443,-0.417160523,0.725386755,-0.197970896,-0.272936127,-0.102581459,-0.083591045,0.619987021,1.438725035,1.448237748,1.724181465,1.994105668,1.132181313,1.35879043,8.261323454,3.40863971,5.37554239,2.641387242,0.500630273,1.838180531,3.007432661,1.597033287,1.753384583,2.3513129,1.281115791,1.866373935,0.846063229,1.710123376,0.455957969,1.095677407,0.867686363,1.892623262,3.024746508,1.466666667,1.133333333,2.4,1.266666667,0.466666667,0.666666667,1.2,1.4,0.466666667,1.2,3.066666667,0.6,2.133333333,3.066666667,3.133333333,1.466666667,0.4,0.133333333,0.4,6.933333333,4.933333333,1.133333333,7,4.2,7,1.866666667,3.066666667,3.333333333,1.666666667,1.466666667,0.733333333,3.2,2.066666667,2.733333333,3.266666667,4.8,4,3.733333333,5.266666667,6.933333333,3.733333333,1.4,3.533333333,1.4,10.53333333,9.466666667,1.2,8.933333333,7.333333333,11.33333333,2
1.238184599,3.818348897,-0.5034487,5.813462889,0.679558079,1.278656712,5.08017575,6.243407093,3.475167702,0.792314943,0.920074099,4.469646266,2.275818755,-0.57606043,2.032581966,2.719327466,0.375399664,-2.910012763,1.906609339,0.050182884,0.140372275,1.851068327,-0.148577203,1.327610315,-1.344705688,2.276559863,5.587259236,1.239265178,9.651301834,1.387469049,2.538626088,7.554677328,8.840731465,4.460583039,2.453474992,2.333702451,5.733899379,3.995118467,0.564639459,2.591972783,5.222926747,1.463599401,-0.025770624,3.438663602,1.721868848,1.451210366,3.795650374,0.686147279,3.616135856,0.007625858,2.066666667,2.4,0.4,2.333333333,4.933333333,6.6,1.8,2.133333333,4.866666667,0.8,2.2,2.733333333,2.733333333,0.266666667,2.533333333,6.933333333,0.666666667,0.066666667,1.8,6.8,1.533333333,1.733333333,0.133333333,1.6,0.466666667,4.466666667,4.933333333,1.933333333,4.6,9.466666667,9.933333333,4.466666667,4.4,6.8,1.066666667,7,5.2,6.2,4.6,7.2,8.066666667,1.733333333,1,5.666666667,9.4,6.4,5.4,4.6,2.466666667,1.666666667,3
0.478375524,0.437868225,0.019335797,2.014692234,0.113900549,0.1955214,0.874643644,2.048846958,-0.384597719,0.512251564,0.308713498,1.653844523,0.474568682,-0.364168296,0.265440939,1.029778175,0.209062357,-0.855330558,0.697688442,-0.836436603,0.296407476,0.408954126,-0.113135633,0.076427545,-0.123080955,1.334819717,1.392392154,0.953208739,3.96278895,0.737501236,0.616635962,2.183044932,4.335210495,1.045891015,2.045223191,1.313742802,2.90693353,0.950056752,-0.016785728,0.839092617,1.713865215,1.002691541,0.228310909,1.481975135,0.137237079,1.242354171,0.98628785,0.330595502,0.483256524,0.82772447,2.4,2.333333333,0.466666667,2.4,0.6,3.533333333,0.466666667,2.266666667,0.466666667,1.4,1.466666667,2.266666667,1.466666667,0.4,2.066666667,2.266666667,0.4,0.133333333,0.6,4.933333333,2.133333333,2.133333333,4.4,1.266666667,0.333333333,3,3.066666667,1.133333333,5.333333333,2.266666667,7.933333333,4.266666667,3.733333333,0.533333333,1.466666667,2.066666667,5.533333333,5.466666667,3.066666667,3.533333333,5,1.6,2.733333333,1.533333333,7.6,3.133333333,2.733333333,6.866666667,2.533333333,4.733333333,3
0.660108834,0.763979637,0.168268085,2.978925842,0.582838446,0.456669463,2.493952401,3.106409423,0.507269547,0.884149491,0.072791748,2.926069715,1.47642702,-0.563778822,0.389873021,2.711859857,-0.107499952,-2.664812602,0.958064329,-0.205050777,0.004704349,0.87883815,-0.646652571,-1.003787438,0.436694851,1.386332688,1.854150932,1.33684749,5.588923001,1.17387334,1.618834666,4.803383744,5.025913584,1.901059212,2.644089409,1.245138702,5.015911213,2.768613028,0.307248126,1.250046906,3.889504628,1.235030556,0.566051668,2.051426758,0.741465895,1.263850398,2.24047634,0.258093955,-0.059013502,1.822016151,6.4,2.2,0.533333333,1.866666667,2.466666667,1.266666667,0.666666667,2.4,0.533333333,2.2,1.733333333,2,6.2,1.666666667,0.666666667,6.866666667,0.6,0.2,2.533333333,4.466666667,1.8,6.533333333,0.133333333,0.933333333,0.4,7,2.4,0.933333333,2.266666667,2.666666667,1.466666667,1,2.733333333,0.666666667,2.466666667,1.8,2.6,6.866666667,2.333333333,0.866666667,7.533333333,1.066666667,0.6,3.066666667,5.066666667,1.866666667,7.2,0.333333333,1.4,0.733333333,3
0.855195471,0.512077323,0.463197093,2.42691521,1.159721145,0.638181138,4.560011388,3.415672163,3.683700126,1.182855519,0.343483079,3.70577772,3.299767251,-0.509022667,0.594601735,2.592954101,1.389598615,-1.360251525,0.547499264,-0.394113093,0.386399139,1.871286687,0.251454119,-0.272713452,-0.987627751,1.810719272,1.654533047,1.798152249,3.881954322,2.110268288,1.63508942,8.209427358,6.038999968,4.904849506,3.785244987,1.700764026,5.327877706,5.304385238,0.83079227,1.959395948,3.884651357,2.971896267,0.068859736,1.59349912,0.459038456,1.756354943,3.008423229,1.289039274,0.730637399,3.334218492,0.466666667,2.066666667,1.266666667,2.2,1.666666667,6.466666667,0.533333333,2.2,2.266666667,0.8,2.333333333,2.133333333,3.2,6.266666667,0.6,5.266666667,2.4,7,0.4,3.733333333,2.4,5.666666667,5.933333333,0.133333333,0.333333333,1.933333333,7.266666667,2.466666667,8.733333333,4.466666667,8.066666667,5.733333333,6.2,6.8,1.933333333,7.8,8.666666667,8.8,12.26666667,2.266666667,6.266666667,3,13.6,1.933333333,9.333333333,4.133333333,8.866666667,8,1.533333333,0.6,3
0.803466804,0.969913611,0.273163651,1.315209413,0.657266244,4.259528083,3.802727963,4.551948636,2.812079995,0.716693811,0.276276325,3.124074616,2.131048131,-1.044104027,0.644576661,3.728656859,0.305578458,-0.91486867,0.6437984,-0.065314271,0.684174902,1.830221964,0.67768201,-1.643331933,-2.64221696,1.791439721,1.708659222,1.658885536,2.296989286,1.216155279,6.989913632,6.414585757,6.865017553,4.522243633,2.875424221,1.103355286,4.784682734,2.882268017,0.157991643,1.963384757,6.118876744,1.886115743,0.338511752,1.788215267,1.752176775,1.96003856,2.927292742,1.953844424,-0.256860499,0.643032142,0.6,2.8,0.6,2.4,0.733333333,2.866666667,2.333333333,2.866666667,2.066666667,0.8,0.8,2.4,3,0.733333333,1,2.4,0.666666667,4.8,1.266666667,5.4,2.533333333,2,1.533333333,3.333333333,0.333333333,5.533333333,4.933333333,2.933333333,8.866666667,3.866666667,6.8,7.8,7.6,8.266666667,2.466666667,2,8.333333333,6.8,0.8,2.466666667,8.8,2.8,10.86666667,3.133333333,9.533333333,4.133333333,8.466666667,4.733333333,6.133333333,0.533333333,3
0.888396169,0.545061524,0.097861068,1.210242629,0.475046712,1.373988757,1.788040461,2.5857616,1.589352897,0.728326339,0.313625626,1.763944172,1.511885307,-0.173168137,0.084901918,1.30800924,0.382747091,-2.254555495,-0.044056608,-0.246202826,0.426406389,0.906024727,0.406109429,0.316582641,-0.05602676,2.071603684,1.282234551,1.301419002,2.279858925,1.171309961,4.228101715,3.480303879,3.940267242,2.867997549,2.195445024,1.557707101,3.045053602,2.789643078,0.658018423,1.15417899,1.987497565,0.876397537,0.137920484,1.780575582,0.510891081,1.788228661,2.102800071,2.209786901,2.412105917,1.14362907,0.666666667,2.333333333,0.6,2.266666667,6.8,6.666666667,2,2.266666667,6.666666667,0.666666667,2.2,2.4,2.6,6.733333333,0.466666667,3.733333333,3.133333333,0.2,0.533333333,0.133333333,1.133333333,6.866666667,6.733333333,2.533333333,0.2,3.2,8.733333333,0.933333333,6.2,7.866666667,11.86666667,4.4,6.6,9.733333333,1.4,4.266666667,6.266666667,3,12.8,2.2,4.4,6.866666667,0.266666667,0.933333333,5.2,3.066666667,11.6,12.13333333,4.933333333,6.266666667,3
0.909242197,0.889352286,0.006700132,5.374962916,0.698133498,1.732043479,3.788187376,5.458958097,2.428955614,1.034208363,1.108699658,3.887042963,2.508959089,-0.328526694,0.153953128,2.840491358,1.019289117,-2.372341529,2.471926141,-0.253100091,0.697251899,2.504136762,-0.083311449,-0.109085631,-2.087480316,2.134506985,1.889417402,1.357365391,9.222893759,1.687086354,3.210184276,6.277527984,7.56422261,4.089366092,3.912107944,4.423118089,5.952200975,4.334247468,0.821336776,1.133737761,4.50214004,1.977305511,0.731507879,4.647573804,1.403111408,2.614326217,4.204406033,1.024053626,1.065963463,1.76466259,6.866666667,2.2,0.866666667,2.066666667,1.266666667,3.733333333,1.666666667,3.666666667,4.933333333,1.733333333,1.866666667,1.8,1.4,1.466666667,0.6,6.866666667,6,6.733333333,2,6.4,2.266666667,5.8,4,5.866666667,0.533333333,7.066666667,2.333333333,1.066666667,2.133333333,1.4,3.8,1.866666667,3.8,5.133333333,1.8,2,1.933333333,1.466666667,1.6,0.8,7,6.2,6.933333333,2.066666667,6.6,2.4,6,4.2,6.066666667,0.666666667,3
0.718997245,0.548194589,-0.465277393,2.878407641,0.966165081,1.34503993,2.304620857,2.563225092,1.184375282,0.292696153,-0.213680556,2.797835589,1.661986739,-0.252388521,-0.198142435,2.044742812,0.38403755,-2.443431077,0.917649242,-0.924886423,-0.254332161,3.109183492,-0.151744115,1.840465957,-0.637150443,1.629651803,1.365056091,1.032853286,4.935168957,2.024375874,2.901295556,4.756648629,4.975071016,2.327884843,3.23335765,0.454823815,4.467592844,3.025149642,0.613673457,0.923864566,3.239948703,1.239787643,0.194902459,2.45996967,0.541066724,0.751359315,5.433444368,0.812287469,4.657251409,3.533213058,4.133333333,5,0.4,6.466666667,4.8,5.8,0.866666667,2.333333333,2.266666667,0.666666667,4,1.2,1.066666667,4.066666667,0.666666667,5.866666667,4.4,0.133333333,1,0.266666667,3.066666667,5.333333333,0.133333333,2.333333333,7,6.066666667,7.4,1,8.466666667,7.066666667,6.6,1.933333333,2.6,3.466666667,1.6,6.933333333,3.466666667,1.933333333,6.8,1.8,6,5.666666667,2.333333333,3.666666667,3.133333333,5,5.533333333,1.2,3.933333333,8.866666667,3
0.897934403,0.546753441,0.121023836,3.713151992,0.554660463,0.977083009,3.242076437,4.097671189,1.502070576,0.986479852,0.094108956,2.555199802,1.50773008,-0.526849423,0.104945655,3.099662696,0.751630044,-2.247203524,1.211196859,0.183379683,0.726875106,2.790444556,-0.233666805,-0.032503135,-3.190814177,2.22126941,1.589819994,1.368411252,6.660886155,1.212653342,1.880044192,7.359447298,6.504943743,3.479846083,3.699001255,0.971018886,4.376759812,3.236651945,1.470697663,1.337377998,4.736061448,1.688874529,0.491686231,2.383635889,2.24390888,2.214623956,4.436789649,0.562742926,0.880450881,1.338217967,6.466666667,2.266666667,0.666666667,2.466666667,0.933333333,2.2,1.066666667,6.4,6.466666667,0.666666667,5.133333333,1.666666667,6.133333333,5.933333333,1,2.466666667,1.066666667,0.266666667,2.533333333,5.133333333,1.466666667,6.4,6.8,3.266666667,0.4,6.8,2.4,1.066666667,3.066666667,1.066666667,2.466666667,1.133333333,6.933333333,7,0.8,5.4,2.133333333,6.733333333,6,1.6,2.866666667,1.333333333,0.666666667,3.066666667,5.666666667,1.733333333,6.933333333,7.266666667,3.8,1,3
0.161650562,-0.151835227,0.109703088,0.997763826,0.2669476,-0.365936526,0.781090231,-0.48996057,0.391355242,0.184761359,-0.002728824,0.51476883,0.854059189,-0.830318446,-0.219592174,1.487867391,0.116115192,-0.705435007,0.236886716,-0.249598203,-0.523044636,0.575947245,-0.089672109,-0.985486211,-0.703098031,0.737623312,0.332928953,0.690449026,1.988536009,0.818139169,0.92240026,2.343068187,0.800109613,1.003215407,1.174809588,0.412007859,1.020164004,1.807874387,-0.201591231,0.471600471,2.351297926,0.835073995,0.602753395,0.856624268,0.514209881,0.138860578,1.231519206,0.438516904,-0.094673616,0.65688628,4.4,1.666666667,0.666666667,1.666666667,0.666666667,1.666666667,0.8,1.733333333,5.533333333,0.733333333,2.533333333,1.6,1.533333333,0.2,0.6,2.2,0.866666667,0.266666667,2.466666667,5.4,2.266666667,1.666666667,4.2,4.266666667,0.466666667,6.4,4,1.866666667,3.2,2,1.733333333,1.933333333,1.8,6.666666667,1.2,3.4,1.866666667,1.733333333,1.733333333,1.533333333,2.8,3.2,2.6,4.933333333,7.066666667,4.933333333,3.4,6.133333333,4.533333333,2.866666667,3
0.480098601,0.775620179,0.747096003,1.106974322,0.528718688,-0.254783513,2.142577854,2.244729515,2.260038472,0.732956521,0.288316011,1.081611695,2.238541093,0.068293657,1.233138136,0.290812649,1.283135402,0.145164123,1.078883844,-1.130523889,0.054299856,0.288552835,-0.036360752,0.253132315,-0.289285848,1.067859299,2.146796136,1.52090258,2.425578109,0.995954267,0.200761111,3.565364249,4.29560788,3.453594454,1.858125084,1.593150902,2.071966541,3.51737081,0.652114703,2.243701249,0.620587307,2.388566625,1.965156223,1.924009968,-0.058365842,0.710406228,1.175441576,0.351276985,0.716985253,0.396728496,0.6,2.733333333,5,2.333333333,2.533333333,0.066666667,0.933333333,2.733333333,2.733333333,2.666666667,0.4,2.733333333,2.133333333,1.933333333,2.733333333,6.733333333,2.733333333,6.866666667,2.733333333,0.133333333,3.4,2.866666667,5.533333333,2.733333333,0.133333333,5.133333333,4.666666667,8.133333333,6.533333333,5.666666667,0.4,5.066666667,7.066666667,3.933333333,3.866666667,0.733333333,9.133333333,8.333333333,3.266666667,8.466666667,11.46666667,3.933333333,11.06666667,6.533333333,0.266666667,6.4,6.4,9.4,8.466666667,1.466666667,4
0.265802107,0.158785261,0.110163664,0.23487375,0.068776772,-0.033839073,0.811290833,0.846765412,0.387330984,0.160765039,0.426111887,1.110766362,1.345500168,-0.022994386,0.291419016,0.190819605,0.763562988,-0.99580587,1.024134724,0.097803968,-0.278747012,-0.041558334,-0.006527555,-0.030938963,0.412480277,0.792059149,1.417034264,0.998165736,0.669846414,0.747798314,0.437065987,2.20680506,1.83350943,1.832083322,1.175249593,1.492179159,1.919476455,3.178542835,1.048340587,0.950060882,0.577268117,1.832911213,0.710472214,2.124998888,0.711571611,0.245567215,0.559527738,0.362985341,0.577905148,1.092279239,2.8,3,2.933333333,2.666666667,2.933333333,6.933333333,1.6,2.8,2.933333333,2.866666667,2.666666667,3.2,3,2.666666667,2.866666667,2.133333333,2.466666667,0.133333333,2.733333333,5.333333333,0.666666667,1.4,1.6,1.8,0.266666667,3.333333333,3.6,3.466666667,4.533333333,3.6,11.2,3,4.8,4.266666667,3.666666667,3.866666667,6.733333333,4.666666667,3.133333333,4.666666667,2.8,3.733333333,0.266666667,3.8,6.533333333,3.733333333,1.8,4.266666667,5.733333333,2.733333333,4
0.000558925,0.556021165,0.204552434,1.386379249,0.376805493,-0.709926205,3.533499651,2.809730234,1.840269382,1.258284052,-0.046757459,1.986775166,3.55295535,-0.362217088,1.012036474,0.616931869,1.712221478,-2.765009584,1.497770106,-0.421712745,-0.130423948,0.284792466,0.193902556,-0.429045893,-1.030078637,0.776501595,1.664332252,0.985956406,2.741049368,1.346054548,0.197456687,6.466665103,6.485199485,3.837231419,2.881011147,0.432123272,3.753318884,6.569094435,0.353590353,2.153966145,1.495288845,3.969842754,-0.648891209,3.45385485,0.6232393,0.540391774,1.715467826,1.133255096,2.822612421,0.86461079,1.533333333,3.2,2.533333333,2.4,2.533333333,2.866666667,2.533333333,3,3.266666667,2.533333333,6.466666667,3.2,3.333333333,3.066666667,3,1.866666667,3.066666667,0.133333333,2.533333333,5.4,2.666666667,3.066666667,2.666666667,1.866666667,1.733333333,4.666666667,5.866666667,4,7.066666667,6.133333333,3.333333333,5.733333333,6.6,6.733333333,2.8,6.8,4,6.933333333,7.533333333,3.466666667,3.533333333,3.666666667,4.266666667,5.466666667,9.466666667,4.533333333,4.133333333,4.466666667,2.533333333,2.466666667,4
-0.44332077,0.036772892,0.014713243,0.21625038,0.305241601,-1.619837651,1.109615767,-0.296602664,0.452699738,0.37186813,-0.647048101,0.500848424,0.850909021,-1.20360094,0.439498918,0.246025242,0.617230208,0.275090803,0.717936796,-0.344369977,-0.276208458,-0.114214921,-1.269170517,0.052294072,-0.368010199,0.715702515,0.655153344,0.819470563,0.627006398,1.001343918,-0.069677113,2.982019487,0.447209102,2.007032976,1.570706541,-0.050838968,1.269466245,2.388484489,-0.174884992,1.047183603,0.683920902,1.888717397,0.87407568,1.539579019,0.149865119,0.276298664,0.607354947,-0.584990424,0.912998267,0.829859511,0.733333333,0.4,0.466666667,1.333333333,0.533333333,0.133333333,0.466666667,0.666666667,0.4,0.666666667,0.933333333,0.8,0.866666667,0.066666667,0.866666667,2.333333333,0.866666667,6.133333333,2.266666667,3.266666667,0.533333333,1,0.2,4.933333333,4.533333333,0.866666667,0.8,0.733333333,2.933333333,1.066666667,0.533333333,3.8,1.466666667,1.8,1.533333333,1.2,4.333333333,3.466666667,0.133333333,6.533333333,5.333333333,2,9.933333333,5.266666667,7.866666667,4.266666667,1.066666667,3.2,8.6,8.666666667,4
-0.276652985,-0.001685968,0.292564715,0.594540421,0.25240023,0.180846347,1.974003256,0.278345158,1.447490429,-0.02283622,-0.466884295,0.567031328,1.024210267,-0.345741633,0.703313237,0.076795925,0.894821227,0.037173832,-0.693847601,-0.825429919,-0.241862735,0.187232029,0.38391974,0.623460455,-1.344205107,0.6815758,0.921403484,1.169725487,1.350791976,0.83369144,3.184905605,3.260860213,1.387060282,3.395739785,0.980459594,0.525334573,1.7296685,2.14156944,0.913521989,1.396453161,0.606377926,2.466677207,1.237483085,0.304842599,0.219365322,0.405512165,0.983523208,2.447407413,2.663415232,0.940347685,6.2,3.6,6.133333333,3.266666667,5.6,6.933333333,0.6,6.8,6.6,0.533333333,4.333333333,6.866666667,0.533333333,4.4,5,6.4,3.666666667,5.533333333,1.666666667,0.533333333,6.933333333,4.333333333,6.8,0.933333333,2.8,6.8,4.133333333,6.4,3.733333333,5.933333333,7.333333333,0.666666667,7.333333333,6.666666667,1,4.533333333,7.133333333,1,5.133333333,5.066666667,7.266666667,4.2,6.4,2.266666667,0.666666667,7.533333333,5.066666667,7,1.266666667,3.066666667,4
-0.257264129,-0.06051937,-0.081242162,0.238900623,0.217830903,-1.351949307,-0.179563682,-0.214592471,0.116245385,0.313688415,0.05270581,0.430330746,0.711651817,-0.167500324,-0.114895369,-0.269366257,0.2943468,-0.058377596,0.162289082,-0.177147131,-0.054926359,-0.130358193,-0.112881008,0.022587934,-0.063176481,0.366673653,0.967131546,0.659196685,0.986038441,0.647111142,0.26468114,1.275271725,2.072991708,0.908118299,1.20465019,1.733253579,0.948766766,1.759433369,0.427104402,0.338459113,0.350886291,1.066117616,0.42199567,0.782818162,0.677571537,0.737375094,2.572354494,0.394335557,1.15858262,0.994101311,0.6,4.4,0.666666667,4.333333333,0.6,4.466666667,0.666666667,4.333333333,0.466666667,1,4.266666667,4.133333333,5.066666667,3.933333333,1.133333333,4.266666667,3.266666667,6.333333333,4.8,6.666666667,4.333333333,4.4,3.466666667,4.533333333,3.466666667,1.866666667,8.333333333,3.866666667,9.333333333,1.933333333,8.4,4.533333333,8.466666667,5.2,1.2,7.733333333,10.53333333,5.133333333,7.6,5.2,8.866666667,7.133333333,12.46666667,7.2,12.53333333,7.866666667,8.8,7.666666667,9.2,5.066666667,4
-0.082636027,-0.071962384,0.006649399,0.296687482,0.176506021,-0.563612929,0.329123006,0.041240664,-0.37930965,0.175030682,-0.217126144,0.232340975,0.591748851,-0.170034984,0.246073384,-0.24070617,0.268240106,-0.331262305,0.189576646,-0.007931448,-0.540267628,-0.477863665,0.191502012,-0.235315134,-2.36904821,0.280747968,0.244871078,0.493875116,0.714224808,0.606467286,-0.048480049,1.360226575,0.771141084,0.303888547,0.69971261,0.094238001,0.763282876,1.544066927,0.131614193,0.631480319,0.150387184,0.957127506,0.073401151,1.089786341,0.594794411,-0.145900202,0.190595132,0.600008708,0.260476128,-0.040727205,0.466666667,3.333333333,1.666666667,2.533333333,0.266666667,3.6,0.4,3.2,1.4,2.066666667,0.733333333,3.333333333,3.6,4.8,0.533333333,0.533333333,3.2,5.333333333,4.866666667,5.2,6.8,0.066666667,3.6,0.066666667,0.066666667,2.6,5.866666667,5.2,3.333333333,4.133333333,6.8,0.733333333,6.466666667,2.666666667,2.533333333,4.4,7.6,7.333333333,10.06666667,4.2,0.6,4.733333333,7,8.8,9.666666667,13.2,0.333333333,5.466666667,1.133333333,0.133333333,4
-0.033590514,-0.023879098,0.145790207,0.02876298,-0.077883478,0.071370377,0.322370264,0.249070893,0.304231933,0.252533471,-0.092893321,0.281960065,-0.106075901,-0.02624684,0.142828508,0.020866279,0.106883065,-0.396223476,0.1987281,-0.436218242,0.132498905,0.060733574,0.192647287,-0.002374774,-0.998342671,0.439562511,0.586641997,0.562246275,0.38992512,0.46576533,0.797354945,2.036195177,1.130577968,1.069958839,1.242499742,0.222344819,0.785627239,0.913031086,0.641246666,0.648546341,0.446436014,0.637758163,0.086845647,0.800362967,0.059978097,0.614399318,0.411440649,0.763652204,0.972236512,0.106133327,2.066666667,1.133333333,0.266666667,2.6,0.266666667,4.533333333,0.333333333,0.6,0.466666667,0.4,0.733333333,3.8,0.733333333,2.2,0.6,2.6,0.466666667,0.066666667,0.533333333,0.2,4.333333333,3.8,3,1.933333333,3.866666667,4.466666667,1.8,3.8,7.533333333,1.133333333,6.466666667,0.466666667,0.666666667,1.6,3.533333333,1.666666667,6.2,1.133333333,3.933333333,4.466666667,4.533333333,4.4,0.533333333,1,0.666666667,6.266666667,5.733333333,6.533333333,2.266666667,6.133333333,4
-0.041634279,0.314554585,-0.469237063,0.614213956,-0.009838228,-0.361974679,1.074401597,0.994011462,-0.178004627,0.299871213,0.162345255,0.391557111,1.453291526,-0.105673396,0.174847367,0.463218956,0.462609757,-2.927530402,0.903137919,-0.144379006,0.398366272,0.126043999,-0.304380369,1.038095924,0.024883728,0.690004413,1.017289496,0.256364294,1.539896398,0.666305736,1.501979297,2.950658865,2.727671532,0.952509484,1.577856488,1.110848471,1.027356189,2.976608884,0.577582806,0.799006249,1.075829007,0.997072566,-0.627636153,1.604879703,0.579367668,1.417872006,1.066043167,0.451620047,3.55830873,2.319328289,1.333333333,6.066666667,0.8,4.666666667,0.666666667,4.266666667,1,4.2,0.733333333,0.933333333,4.533333333,0.933333333,1.333333333,2.4,1.266666667,5.333333333,3.866666667,0.133333333,6.933333333,2.8,4.533333333,4.533333333,0.4,4.866666667,2.933333333,1.933333333,10.73333333,1.4,8.333333333,0.733333333,7.533333333,4.2,8,0.933333333,5.333333333,7.466666667,3.8,3,2.8,3.8,6.066666667,5.066666667,0.6,11.26666667,3.866666667,7.4,7.4,3.8,9.133333333,4.333333333,4
0.140852874,-0.157375875,0.030899238,0.507124628,-0.11734272,-0.777646833,0.674841676,0.216058293,-0.441625935,0.138974227,1.187505506,0.251197807,0.317614144,0.120601954,0.081770882,-0.023964211,0.618915581,-0.126248152,-0.013903623,0.115242068,-0.086815373,-0.223998269,-0.188440339,0.474141243,-0.120366014,0.913294351,0.524392421,1.323218635,1.28143449,0.793462076,0.474035934,3.105547079,1.087014235,1.00671136,0.899208923,2.612148268,0.899411339,1.379753169,1.257455985,1.977189298,0.473064667,1.341930777,0.781375454,0.811929789,1.195348958,0.908839064,0.556617163,0.528237293,3.020497584,1.904451494,6.266666667,6.6,6.733333333,1.6,6.333333333,0.533333333,6.466666667,1.733333333,6.8,6.533333333,1.8,3,2.4,4.133333333,6.666666667,0.466666667,4.4,2.533333333,0.933333333,4.933333333,4.266666667,0.6,0.866666667,2.133333333,4.666666667,6.933333333,7.066666667,7.533333333,1.8,6.866666667,1.133333333,7.266666667,2.333333333,7.533333333,7.333333333,1.933333333,3.6,2.866666667,4.666666667,6.8,0.8,5,3.333333333,1.4,5,5,1.266666667,0.933333333,2.8,4.8,4
0.107753808,0.562515297,0.446767336,0.018785937,0.192031307,-1.362836236,1.858295408,1.318335728,2.381553087,0.74998784,-0.160580477,0.850266146,3.357756202,-0.174192582,0.668153261,0.02936419,0.697251391,-0.643892118,0.696292677,-1.13584801,-0.107073008,-0.065219829,-0.279337934,-0.021262674,-0.88414136,0.945233261,1.466680291,1.177451909,0.672004081,0.905651379,1.109179157,3.695385255,2.698394368,4.154104157,2.395924822,1.729517965,1.870680056,6.942647575,0.500299459,1.469696202,0.759928104,2.189508638,0.07859367,1.546545495,0.167108938,0.404730004,0.695136028,0.797091376,0.655810992,0.519408419,4.4,2.933333333,1.533333333,2.866666667,1,0.866666667,2.266666667,2,2.866666667,2.266666667,7,2.266666667,2.333333333,1.866666667,2.666666667,2.266666667,2,5.666666667,1,0.133333333,1.933333333,0.4,0.733333333,1.8,7,5,3.133333333,3.866666667,5.533333333,3.4,0.933333333,2.666666667,2.533333333,4.4,3.333333333,9.666666667,2.4,2.466666667,1.933333333,3.266666667,2.4,2.066666667,7.866666667,2.2,0.6,3.133333333,3.066666667,1.8,3.066666667,9.266666667,5
0.199100828,0.5421788,0.352647498,0.079270009,0.363695188,0.667121473,2.253470645,0.830891274,1.877545695,0.591201372,-0.012650943,0.907779072,0.881163052,-0.166960753,0.378134001,0.239382891,0.576855846,-1.419872434,0.394460141,-0.765953259,-0.224268268,-0.095994759,0.317531855,0.054710926,-0.721346555,1.353249074,1.920840368,1.429168862,0.651150632,1.694740784,1.770791159,4.759904749,2.55731477,3.532281803,2.414216137,1.591528441,1.896969818,2.267175866,0.557945717,1.445086076,0.967206638,2.102880452,0.050919471,1.493265149,0.993068399,0.736642496,0.744179317,1.377772484,1.383770734,1.780140579,2.466666667,3.2,4.866666667,5.4,3.8,5,2.733333333,2.866666667,3.866666667,2.666666667,4.866666667,5.066666667,2.666666667,5.133333333,3.2,0.8,3.266666667,0.066666667,6.2,1.6,3.466666667,3.466666667,2.8,4.466666667,5.133333333,7.066666667,4.8,8.6,5.8,8,6.6,5.4,5.466666667,8.133333333,2.8,7.4,6.933333333,6.666666667,7.266666667,7.2,5.266666667,4.933333333,2.2,10.66666667,1.866666667,5.8,7.866666667,4.4,7.333333333,7.933333333,5
0.162103486,0.518921017,0.260805445,0.060806612,0.260176045,-0.686820286,1.635776731,1.307691023,1.60409781,0.387183782,0.006053542,1.322739637,2.940342013,-0.29111649,0.898516757,-0.286038163,-0.350581766,1.031910778,-0.435918372,-0.437405464,-0.112556647,-0.184997214,0.184754494,-0.14240453,-2.852333712,1.201701891,1.336216659,1.270307247,0.926804664,1.210531097,0.105110929,4.216861132,2.845485241,3.019818302,2.308633058,1.074056853,2.383828254,4.713985188,1.560875641,2.11241388,0.378582954,0.954868812,3.707553485,0.621017815,0.444924882,0.842507255,0.988551135,1.331731747,0.661267917,-1.068714819,1.533333333,3.866666667,2.2,2.2,1.8,4.466666667,3.933333333,3.866666667,3.333333333,1.6,6.333333333,3.333333333,2.266666667,5.866666667,1.6,0.866666667,1.266666667,6.4,6.666666667,2.8,6.666666667,0.733333333,4.533333333,4.133333333,6.266666667,1.733333333,5.866666667,2.666666667,6.466666667,1.933333333,6.8,7.266666667,4.8,6.4,2.333333333,10.73333333,7.933333333,6.866666667,10.86666667,3.466666667,3.2,1.4,10.4,6.733333333,4,11.8,0.933333333,4.866666667,6.466666667,11.06666667,5
0.003452922,0.409042057,0.084034837,0.400337922,-0.04055076,0.320174022,0.511277342,-0.394953365,1.046957745,0.186362129,-0.631473696,0.637025803,0.612501523,0.059716184,0.066910629,0.114076533,-0.030032523,-0.169860075,-0.416982995,-0.314655344,-0.044810307,-0.479577141,0.22660604,-0.193211639,-1.105817307,0.698307292,0.988329675,0.957829951,1.291427579,0.756182301,1.584245448,2.027247665,0.260297737,2.897266957,1.460408614,0.13126955,1.337169584,1.910703989,0.937521884,0.984085244,0.794271794,1.011670501,1.21380274,0.400963613,0.625478045,0.687916603,0.433022798,0.964520606,0.392066729,0.229392337,0.466666667,3.866666667,3.733333333,1.066666667,6.4,6.333333333,2.8,2.2,3.6,2.666666667,0.2,2.666666667,3.666666667,3.666666667,0.733333333,3.666666667,2.8,6.133333333,0.466666667,0.8,5.666666667,1,5,6.2,6.4,4.133333333,7.4,6.8,4.066666667,7.066666667,11.53333333,6.266666667,2.8,6.4,5.333333333,0.266666667,6.266666667,4.533333333,6.866666667,5.2,6.266666667,5.266666667,11.4,1.2,1.266666667,9.8,1.266666667,5.333333333,12.06666667,7.866666667,5
0.236507721,0.389014809,0.160433412,0.27032225,0.013774489,-1.240991024,1.619836311,0.309571655,1.500440911,0.422698799,-0.152538821,0.194210815,1.409358142,-0.235378318,0.363846601,-0.494048967,0.492701657,-1.328174375,0.441080381,-1.102279205,-0.040168418,-0.49186198,-0.185261253,0.650808666,-0.752906944,1.169262053,1.37144088,0.907421395,1.063384005,0.902852984,0.238845158,4.328657124,1.879703477,2.772986343,1.610845345,0.316387443,0.971758705,2.87663656,0.491102697,1.500357364,0.242268291,1.300502202,-0.297102437,1.175133427,0.626716723,0.55951796,0.613422464,0.359770081,3.376773354,1.070296436,1.266666667,1.4,1.333333333,6.133333333,0.866666667,6.933333333,1.2,1.266666667,1.533333333,1.266666667,1.2,1.066666667,1.533333333,1.266666667,1.333333333,1.266666667,1.866666667,0.333333333,1.666666667,0.133333333,7,1.333333333,1.2,7,6.866666667,6.266666667,3.333333333,3.4,11.66666667,1.266666667,12.73333333,2.6,2.533333333,4.666666667,2.933333333,3.266666667,1.666666667,5.733333333,7,2.266666667,1.866666667,4.533333333,4.866666667,6.133333333,0.666666667,12.2,1.866666667,6.133333333,8,12.66666667,5
0.019332783,0.276117561,0.176699672,-0.179891281,0.009593442,-1.459655258,2.064712223,0.161898215,1.591043327,0.831005217,-0.099997583,0.913742515,1.527542775,-0.300820616,0.506928179,0.301439275,0.734119419,-2.051425876,1.102723738,0.188853841,-0.095864446,-0.270475297,-0.402476575,1.212756047,-0.44362904,0.735778892,1.19276234,1.350994919,0.474436885,0.975038479,0.238510905,4.577992858,1.40879998,3.917695553,2.152620414,0.505228304,2.651791483,3.829075367,0.619147015,1.46030165,1.105341266,1.756180834,-0.255752161,2.966684045,1.301625424,1.323432257,0.556987823,0.437534829,6.318747341,1.377211403,5.866666667,4.8,2.866666667,2.8,3.533333333,0.533333333,2.733333333,4.4,3.2,2.733333333,6.6,2.733333333,2.8,0.2,5.666666667,4.066666667,2.133333333,0.266666667,7,5.333333333,7,0.866666667,3.2,6.8,0.4,7,5.533333333,3.466666667,3.533333333,3.733333333,0.6,3.066666667,4.466666667,3.266666667,3.4,7.2,2.933333333,3.666666667,0.733333333,6,5.133333333,3,0.533333333,7.066666667,5.533333333,7.466666667,1,4.066666667,7.333333333,0.466666667,5
0.718683256,0.529267742,-0.050148274,0.269791272,0.183525249,-0.286806282,4.109168794,2.547520751,3.067829706,0.827451569,0.090598356,0.788253001,4.095887059,-0.550221321,0.939561568,0.315575345,0.381140735,-1.183803557,0.232340967,-0.271818116,0.440687903,0.26799736,0.083415131,0.01048059,-3.304305953,2.199984595,2.260954504,1.36233981,1.521374397,0.832476609,2.07945488,7.619498413,6.459467019,5.452121319,2.959992893,1.135633442,1.957814248,7.997123527,1.486550798,1.778117159,1.076597797,1.362146512,-0.228759935,1.418053806,0.757490929,2.230093615,2.290898876,1.209101494,1.573741803,0.878331541,2.533333333,4,2.666666667,3.466666667,3.333333333,3.533333333,3.533333333,4.266666667,3.8,2.4,2.333333333,5.133333333,2.533333333,2.4,2.6,2.133333333,3.733333333,7,2.466666667,6.8,4.2,4.066666667,3.133333333,3.666666667,0.333333333,5,5.266666667,3,6.066666667,6.333333333,4.4,5.666666667,7.666666667,8.333333333,3.133333333,4.133333333,5.466666667,5.466666667,6.2,6.266666667,6.666666667,3.8,11.53333333,3.933333333,10.8,5.466666667,5.8,5.8,7.533333333,1.333333333,5
-0.025014919,0.042318822,0.011738346,-0.183826501,0.042515712,-0.02562508,0.663836233,1.047295622,0.458872278,-0.050400862,0.121817749,0.124400901,0.556493131,-0.175889731,0.274032039,-0.255143905,0.199116255,-0.416667866,-0.329096755,-0.085968425,0.032349506,-0.129756497,0.200386649,-0.096462965,-2.342308591,0.3847641,0.475144167,0.439641074,0.260433474,0.409764357,0.609550847,1.481321647,2.134629895,1.058928435,0.505729583,0.829802126,0.503308917,1.186938729,0.303619788,0.809376475,0.058219808,0.511673716,0.037606323,0.248893452,0.670284874,0.561060412,0.243800157,0.573231916,1.446799887,-0.039146995,0.466666667,3.6,4,3.333333333,2.2,1.4,3.4,3.266666667,3.533333333,1.866666667,4.6,1.933333333,3.866666667,5.466666667,2.133333333,0.133333333,3.266666667,0.2,6.933333333,0.2,3.333333333,1.133333333,1.133333333,3.266666667,0.066666667,7.066666667,8.6,8.666666667,6.333333333,2.333333333,3.266666667,4.733333333,8.2,8.533333333,3.933333333,8.733333333,6.333333333,8.2,5.666666667,5.8,5.133333333,7.533333333,5.133333333,13.4,0.266666667,7.933333333,3.066666667,2,6.533333333,0.133333333,5
0.016680658,0.0248802,0.306360442,0.438891697,0.089327474,-0.054526089,1.436028317,0.331231503,1.0626793,0.140773412,0.171980795,0.907232322,2.686106923,0.065637194,-0.421967815,0.434510824,0.25081012,-0.94752119,0.584218234,0.421030143,0.286835285,-0.074983712,-0.466133117,-0.602780553,1.418901362,1.111200811,1.198449336,1.580823219,1.693466512,0.924462001,1.422704037,4.882971666,2.087177527,3.275819837,1.776932915,2.89073933,2.694598341,6.403096019,1.578462199,0.728591031,1.139957193,1.247532144,0.369668419,1.599694339,1.568943436,1.420831826,1.016764583,0.953119172,3.541265577,7.015434898,1.466666667,2.533333333,2.666666667,2.4,6.866666667,1.4,2.466666667,1.466666667,2.8,2.533333333,6.4,2.533333333,2.666666667,6.666666667,2.6,2.933333333,3.466666667,0.066666667,5.866666667,4.8,1.6,1.4,1.333333333,7,7,3.6,8.133333333,6,6.4,8.6,2.866666667,4.933333333,2.4,4.866666667,3.333333333,11.93333333,4.666666667,5.133333333,11.53333333,4.2,4.066666667,6.266666667,3.333333333,6.866666667,6.2,2.266666667,1.933333333,2,12.4,11.93333333,5
0.101922554,0.04171909,0.206949223,-0.053307915,0.119667597,-0.919615378,0.201986498,0.159895184,0.333165006,0.110782513,-0.123496754,0.135724045,0.439281683,-0.21330249,0.143793272,-0.187523177,-0.015175502,-0.007913859,0.087924141,-0.067983406,-0.11677208,-0.479801196,0.017198833,-0.602642166,-1.952276311,0.795148589,0.266762513,0.658908643,0.298706194,0.560015362,0.009740815,0.898064843,0.6306753,1.041284785,0.662527109,0.122937775,0.631440171,0.847990231,0.058079862,0.750667799,0.283985472,0.261815069,0.455649122,0.71689769,0.477869853,0.16572765,0.290153723,0.357937823,0.611995679,-0.167028688,5.8,5.8,6.533333333,0.466666667,6.133333333,0.133333333,4.4,1.533333333,6,5.8,2.466666667,4.4,5.733333333,5.2,5.666666667,1.666666667,5,7,5.733333333,6.8,0.466666667,0.6,5.266666667,2.933333333,0.066666667,6.866666667,6.6,7.266666667,0.933333333,7.333333333,0.266666667,4.533333333,1.866666667,7.133333333,6.266666667,3.066666667,5.533333333,6.333333333,5.866666667,6.533333333,2.066666667,6.133333333,7.666666667,7,7.933333333,0.533333333,0.666666667,5.933333333,3.4,0.133333333,5