0.0202985132597236,0.506367180593806,-0.460284607320995,-0.46673629290555,-0.177246530814803,-0.448894112482179,-0.133788110937992,-0.0393467528125989,-1.19655353932322,-0.145769856658347,-0.264680266589882,-0.260893462730555,-0.544218026911817,-0.0426512371607686,0.082880390962457,-0.0701687285547324,-0.148727077571252,1.46857767597563,-0.00811374668625478,0.447430293074793,0.536403989438501,-0.36696721514769,0.457291775837496,0.408708218380951,-0.317088995990975,0.0198838079469244,0.127890026854576,0.179655566507281,0.250359755625094,1.37952350926992,-0.171182606089268,0.392436972758859,0.234710121502656,1.00882811515062,0.200556212633456,-0.120533508426409,-0.698200439402722,0.043258012199331,-0.511040285363677,0.385211265880399,0.416532394038079,0.478503000844102,0.785758022217295,-0.66561796170466,0.484658025875505,1.53441417991763,-0.373019252455866,3.4342964287363,2.43857253270926,-0.106786841183687,-0.207400797083728,-0.16503735809272,2.07838282664215,0.532543905177078,0.232753858095894,0.990237982396683,0.88245438774921,4.38993757395274,1.53776106172228,1.96195308779596,1.62727374695606,3.11956289658382,1.20966506577751,0.626931613434066,0.432456787830985,1.52032010317793,0.834445803132035,1.35443627816818,2.1056516863074,1.39405357362699,1.91238451909264,0.42522681212374,1.37564256617828,3.22086432753939,0.490132041561472,4.89562095570549,3.10284428271313,0.602138114582011,0.953177275780495,1.35027458503025,3.6667504189448,1.87271278574588,1.25345493024968,1.66122683628945,2.53333333333333,2.66666666666667,4.73333333333333,4.66666666666667,4.8,4.66666666666667,5.2,4.66666666666667,4.73333333333333,5.13333333333333,2.53333333333333,4.73333333333333,2.53333333333333,4.33333333333333,2.6,1.8,4.4,2.53333333333333,1.8,4.66666666666667,4,2.6,2.06666666666667,6.26666666666667,4.66666666666667,4.73333333333333,2.46666666666667,4.66666666666667,3.8,3.26666666666667,6.86666666666667,7.26666666666667,7.33333333333333,6.6,7.26666666666667,6.6,6.93333333333333,7.33333333333333,3,6.6,4.66666666666667,6,7.06666666666667,5.13333333333333,5.4,4.6,6.2,5.8,7.26666666666667,4.26666666666667,2.13333333333333,10.7333333333333,7.33333333333333,8.46666666666667,2.8,5.33333333333333,1
-0.0233909362954602,-0.0584719581894023,0.0277454470713377,-0.436251084887384,-0.872352173512653,-0.416412063223866,-0.171079957032356,0.0156468819295487,-0.11592590961221,-0.117221356821584,-0.408912922931302,-0.0017430143960399,-0.0640392315886016,0.438183070160685,0.242332779489084,0.0576181842354721,0.473649250517428,0.0252113631488157,0.118823789341571,0.814509690520046,0.204116956867293,0.329823698689955,0.369080112569156,0.62980561401857,-0.489978097399849,-0.157389545194711,0.133768182414915,0.249425785572667,-0.0991414495068728,0.0772071216434917,0.473280548906191,-0.427803123073461,-0.592757217213362,0.011413092325798,-0.058763895864849,-0.0613638638946295,0.383406805513269,0.635843274403959,-0.478605697957262,-0.0467781435877489,-0.197853514897336,0.468063010383347,0.0875908759297269,0.551055089638273,0.40045258768761,-0.116770322228537,0.135817717779348,0.759653637369047,0.167418868808487,0.224375563374213,0.27557011194873,0.481701311302697,-0.376737720633053,0.00842596192298491,0.4695829635895,0.168299071303057,0.283537040699933,0.43587952017032,1.33828916335326,-0.0523346115196622,0.0373392090797159,0.612149431221513,0.51075640457955,0.912934659561093,1.06577777176597,1.67271294453872,0.0653150788271782,0.496372005756822,0.4112904247623,1.28464130233983,0.646683844507267,1.02388653795944,1.35821746697121,0.728943026628898,0.535826196012232,2.85536684961606,1.24230455628513,0.96283760906571,0.823310621946479,1.44606729725248,0.974192363653387,0.414993674536953,0.853044232211048,0.724619872270727,0.733333333333333,5.2,2.33333333333333,0.266666666666667,4.46666666666667,4.4,2.4,2.26666666666667,4.33333333333333,2.33333333333333,0.533333333333333,2.13333333333333,0.6,5.53333333333333,0.866666666666667,3.66666666666667,5.53333333333333,5.86666666666667,3.33333333333333,6.2,6.46666666666667,6.66666666666667,0.666666666666667,0.866666666666667,6.2,4.66666666666667,6.8,1,4.13333333333333,11.1333333333333,3.86666666666667,3.93333333333333,8.26666666666667,9,3.93333333333333,4.13333333333333,7.13333333333333,5.13333333333333,2.66666666666667,2.93333333333333,4.2,11.8,5.8,7.26666666666667,10.0666666666667,11.1333333333333,6.53333333333333,6.4,11.3333333333333,7.13333333333333,3.4,1.6,11.3333333333333,6.93333333333333,11.1333333333333,2.06666666666667,1
-0.0784578858841707,-0.188165548346088,-0.514360954919387,-0.281505417557769,-0.476354004042119,-0.922515470752197,-0.0959661401180344,-0.468922412777701,-0.353887234062557,-0.538385035716669,-0.809603927220126,-0.0332065525781781,-0.922976500415754,-0.782344406571918,-0.489543447670355,-0.98302399658534,-0.541746041959181,-0.00435512063570806,0.3088460521619,-0.359686724804726,-1.15365432729358,-0.458334243362913,-0.494443748871545,-0.0894309334977332,-0.543419011078248,-0.125804556446019,0.0671710743831405,0.163889376657412,-0.12857201948884,-0.0642632514147823,-0.555964065540204,-0.505186341495366,-0.710954602698053,-1.44623623019745,-0.368042625408252,-0.816304607215339,-1.1601537843257,-1.98664493325405,-0.495198004424135,-0.180510508111059,-1.7233759604945,-0.711343680163634,-0.86345438263098,-1.68154857669631,-0.391321929895239,0.468844918648102,0.887093939570623,0.283589844148302,-1.46447795356437,-0.455175748481997,-0.717727576678822,-0.83688813855082,1.46654900781512,-0.0813593323927562,0.521562647789507,-0.115201290844448,0.258873367723754,0.483018271952368,-0.19522872166887,0.188833265180756,-0.0454649569515979,-0.467309946089498,0.359956889823459,-0.0514327541245781,0.193982847749513,0.0213978468131478,-0.123495387392043,0.340978253644192,-0.11141604143334,-0.0213827975035623,-0.220457174666106,-0.357765176144046,0.396258215608075,1.06622638960043,1.65504742048285,1.63004904897205,-0.210379072412472,0.293477927626458,-0.111780774350555,0.736571627676994,2.76335653023591,0.492225914404601,1.31838281559653,0.776839262565188,0.466666666666667,3.86666666666667,1.46666666666667,0.266666666666667,0.133333333333333,0.0666666666666667,1.26666666666667,6.8,1.53333333333333,1.26666666666667,2.26666666666667,0.2,0.0666666666666667,5.73333333333333,5.53333333333333,0.0666666666666667,5.73333333333333,5.93333333333333,5.73333333333333,6.4,5.66666666666667,5.53333333333333,0.333333333333333,1.13333333333333,5.2,5.13333333333333,6.93333333333333,1.2,3.2,7.26666666666667,2.53333333333333,0.466666666666667,1.8,1.93333333333333,2.33333333333333,13.2,2.93333333333333,2.13333333333333,4.13333333333333,0.8,0.333333333333333,11.0666666666667,10.6666666666667,0.533333333333333,11.8,11.8,9.26666666666667,10.9333333333333,10.9333333333333,10.9333333333333,2.06666666666667,2.06666666666667,9.73333333333333,8.6,11.8,1.8,1
-0.0183568603782263,-0.077836776747051,-0.216295649939863,-0.0690936146795755,0.0188793429659493,-0.187820046845785,0.113247255076685,0.0819246791388787,-0.193815186013176,0.0467254521611957,0.0240047697299059,-0.0333795220826093,-0.590148232989747,-0.666891632756764,-0.533996628722178,0.134892206679705,-0.502246782503598,-0.418224919867087,-0.0349437507603393,-0.904342351818037,-0.490576747930844,-0.268296734899887,-0.0419671622576166,0.22375237626904,0.583383243876472,0.189509317849318,-0.0872049454554899,-0.203598664211351,-0.0486542877366789,0.0498034181920892,-0.327079596737886,-0.0941611980265457,-0.190741697641081,-0.697059111119249,-0.0946440617424666,0.415745774120977,-0.653824574982604,0.0823016948635821,-0.635067060379095,-0.0667310470265987,-0.770399422476725,-0.66355392518228,-0.160437201582057,0.084631682641574,-0.00570056407825495,-0.102145514853332,-0.141081791852125,-0.857574947925898,-0.268444272118869,-0.211671390040917,-0.076490901524637,-0.196879245372089,0.600561138114004,0.134809310059362,-0.0271531460243935,-0.32216344743211,0.162116384603405,0.597590547211633,0.0596359189434759,0.119222752754402,0.273037404347806,0.215106931409401,0.357544895249656,0.671634082835456,0.107272472689375,0.397872935892231,0.434404569634306,0.143784760672011,-0.0676870551157055,-0.0171328511730121,0.407898295876663,0.43990413830831,0.704860666746445,0.525417667979897,0.220622541610929,-0.0209202727306917,0.0312255466654919,0.00207838197698156,0.174341742521841,0.56256806564319,1.25641730377382,0.497571979930738,0.139690771252259,-0.0209581503752737,6.86666666666667,3.06666666666667,0.0666666666666667,1.4,0.333333333333333,0.533333333333333,0.133333333333333,4.46666666666667,0.266666666666667,4.4,1.53333333333333,5.13333333333333,0.0666666666666667,0.0666666666666667,3.46666666666667,6.8,3.4,3.33333333333333,1,3.4,3.33333333333333,3.4,6.33333333333333,6.8,1.8,1.93333333333333,3.2,0.4,7.06666666666667,3.26666666666667,0.266666666666667,1.46666666666667,0.533333333333333,0.733333333333333,0.266666666666667,4.66666666666667,0.466666666666667,4.6,1.66666666666667,5.33333333333333,0.2,0.266666666666667,3.6,6.93333333333333,3.6,3.4,1.06666666666667,3.6,3.53333333333333,3.46666666666667,6.4,6.93333333333333,2,2.06666666666667,3.4,0.533333333333333,1
-0.133114665242699,0.0176864098356127,-0.345532184512475,-0.222274181026597,-0.324972201113368,-0.0572502792995353,-0.19932877183031,-0.181188638751214,0.3406319660252,-0.545415598493555,0.124738710083417,0.0790666033491331,-0.19080296674448,-0.0197848592218419,-0.228079250817411,0.0146793917209334,0.0384935281664492,0.116438156257065,0.461613543397832,0.286481397154387,-0.119934821368791,0.0441943128388372,0.253278946203199,0.357465733241766,1.14177316244034,-0.158766457707471,0.00399529774028006,-0.164639471798716,-0.353703283339982,0.0412265443207254,-0.457557460522648,-0.703845744979105,-1.31677027558599,-0.521051121138541,-0.529880504021628,-0.112264572667384,-0.43569079066249,-1.11334161331452,0.127317357609921,0.234966456587419,-0.328988936863157,0.273013069425842,-0.261308034698616,-0.110354775850919,0.235788559960791,0.370590461265502,0.312697100857972,0.816953887958032,-0.0351468154598691,-0.0336039600104342,1.0773002176199,0.554815070920369,1.77223910912193,-0.276358052535667,0.43198849503809,-0.0428678386953616,0.0995888934697673,0.490367395489086,-0.0736104868624445,0.411372145879893,0.931069893837764,0.595866992699106,0.231375270532804,0.185996130899352,0.661958477245504,-0.101963998333801,0.428536607170874,0.584346690806746,0.171052682591847,0.89556886907661,0.428266216563617,0.345602644514375,1.01244624237405,0.881936582923367,1.05997453677768,1.78437789047561,0.842449067348365,0.718108751891423,1.39710197562107,1.01655988078668,2.6440234841368,0.177185540904652,0.845641460851557,0.274028877626218,0.266666666666667,1.93333333333333,1.26666666666667,0.133333333333333,0.0666666666666667,0.0666666666666667,0.2,3.46666666666667,0.2,0.266666666666667,6.26666666666667,3.33333333333333,4.8,4.73333333333333,4.8,1.73333333333333,4.8,6.06666666666667,6.46666666666667,6.06666666666667,6.2,2.8,4.8,3.8,5.13333333333333,0.0666666666666667,5.66666666666667,3.13333333333333,0.4,5.53333333333333,2.33333333333333,0.4,0.266666666666667,0.466666666666667,0.266666666666667,6.66666666666667,1.4,0.333333333333333,7.93333333333333,4.6,10.2,11.2666666666667,9.33333333333333,3,10.9333333333333,11.0666666666667,10.2,10,12.6,6.13333333333333,7.33333333333333,6.53333333333333,8.86666666666667,0.466666666666667,11.9333333333333,6.86666666666667,1
0.00568805413575418,0.0217565827798514,-0.229055410775257,-0.151508140043618,-0.475681179936171,-0.645008521932714,0.0930844790440518,-0.209733602184338,-0.72222606660787,0.0960950132426604,-0.262314837105673,-0.102289934335584,0.0299298099654671,0.0566876906727836,0.107408711557246,0.272452315636375,0.198965956438122,0.343473943767884,0.048566270493753,0.427494729418798,0.117469946066078,0.0437128024031044,-0.081451682287362,-0.0738230479845447,-0.0148633275266138,-0.142928872626937,-0.15819767791093,-0.130286714961379,-0.0313375641675419,-0.147438256975636,-0.0128330637721952,-0.33953054988107,-1.69182884956943,-1.408978949925,-0.0579223918491359,-0.0881057995448526,-1.68366938416768,-0.542694155756702,-0.767990738089993,0.0989384629591337,-0.00539678436934556,0.430294381890869,0.221759253174653,-0.0326041079692018,0.450980288621276,0.578392049956201,-0.03149214552484,1.6014212620094,0.348415473753872,0.249122704955313,-0.398008389370267,0.255583573689965,0.513167814284768,-0.0579869977946424,-0.0285860991809594,-0.00347678732548111,0.327067910087098,0.656034293647873,0.392902330593443,0.177121666282442,0.638600218488285,0.116390332118614,0.348855547148536,0.256792577743876,0.0684078553095729,0.649435270224767,0.143928719976559,0.519437123962545,0.894585724239727,2.29914714321303,0.986474719256049,0.741232194249653,2.58228289241909,1.48738248514208,0.538577894859447,3.66686908557296,1.20025345236927,0.951833639205319,0.236374891127351,0.782777803232337,2.29673351846039,0.316050107653378,0.792047862871012,0.338852790413944,0.533333333333333,0.0666666666666667,3.8,0.0666666666666667,0.0666666666666667,0.0666666666666667,0.133333333333333,5.06666666666667,0.0666666666666667,0.533333333333333,0.4,3.8,5.53333333333333,6.6,6.86666666666667,0.8,6.66666666666667,6.86666666666667,1.6,7,7,6.46666666666667,0.266666666666667,3.46666666666667,6.26666666666667,1.4,6.46666666666667,6.46666666666667,4.66666666666667,6.13333333333333,7.93333333333333,0.2,0.133333333333333,0.133333333333333,3.33333333333333,10.0666666666667,0.133333333333333,0.8,0.533333333333333,6.73333333333333,11,12.0666666666667,12.2666666666667,0.933333333333333,12.1333333333333,12.2666666666667,7.26666666666667,10.6666666666667,9.86666666666667,9.86666666666667,2.13333333333333,5.66666666666667,10.9333333333333,6.2,11.8,12.8666666666667,1
-0.180957389883671,-0.63070093191425,-0.105275945856076,-0.0876065266525412,-0.429607734308975,0.271600288041602,-0.0836736446055503,-0.0914482520058,1.25041594328933,-0.359313476523595,2.31951289224834,-0.339002929494988,-0.870237820641439,-0.820024504199092,-0.306760443861564,-0.0326483631748148,-0.489222958523087,-0.58019750258804,-0.0720186908990028,-1.51079370663957,-0.103331433468223,-0.329043935419553,0.217039012671927,0.399671769271105,-0.671542488076818,0.310450403856373,-0.659177701240269,-0.134464928692077,0.0258706003695066,-0.462919569913203,-0.383485342816351,-0.272189295517503,-1.16978682682125,-0.257597048061825,-0.169302582884843,0.0597334239142951,-1.24688034204015,-0.667418339460359,0.224141924886106,0.0890903294886573,0.0806053630400301,2.48899631880826,1.82736571958385,-0.46849985135931,2.62735299392463,0.531194872190805,0.0995855606275802,1.71848176139818,1.75113814895591,1.43566241615383,-0.0268752347106232,-0.774931592796353,0.149036901985045,-0.248490810915235,0.250549471837839,-0.0245894568399883,0.440075422245312,0.469434997638991,3.29452181365973,1.04050698119455,0.612089075411818,1.94187384974159,0.497033582155549,1.51709345297044,2.63920475819467,2.16543978416796,4.43882489911094,1.1988768593112,0.908145115597429,3.79062400992661,2.6978458668181,1.15568062710239,3.49413507352784,1.17641965150576,0.674301574295742,2.56518230359267,2.19006942238917,2.13745121859458,0.655356928435918,1.01550750705993,2.17157042530698,0.943384360893938,0.963005466057909,0.379958048241767,6.33333333333333,5.93333333333333,6,6.13333333333333,6,0.666666666666667,6.13333333333333,6.2,0.666666666666667,6,0.666666666666667,5.93333333333333,3.93333333333333,4.8,4.53333333333333,6.93333333333333,4.06666666666667,4.73333333333333,2.93333333333333,4.4,3.13333333333333,4.73333333333333,0.866666666666667,1.66666666666667,4.2,1.2,6.66666666666667,4.73333333333333,7,6,6.73333333333333,6.2,6.13333333333333,1.06666666666667,6.2,6.86666666666667,0.8,6.33333333333333,0.733333333333333,6.26666666666667,4,4.86666666666667,5,7,4.6,5.26666666666667,3.53333333333333,4.53333333333333,3.2,5.13333333333333,1.46666666666667,2,4.86666666666667,1.6,7,4.86666666666667,1
-0.0162218461528938,0.0356607220603283,-0.182636118219272,-0.066310802797304,0.0893040047871842,0.267094471166303,-0.0106218912365873,0.175535044652707,-0.0231972082208671,0.113268697974584,0.818733628230276,-0.0296128041385625,-0.314439763694269,-0.34970599489915,-0.349362747889302,-0.0397489205173012,-0.202439751627745,-0.109323717390495,-0.00256167677391244,-0.514066207606597,-0.307168505426116,-0.0549106909801896,0.0941306761175361,-0.271192967033571,-0.293498521658965,-0.0653448122143271,-0.183300100112421,-0.0301607596446068,0.0894122274010275,0.218646875939455,-0.24189452256888,-0.115157999474961,-0.0185957115897143,0.108144070279358,-0.0123101102963422,0.128917140817282,0.0446386827995358,-0.0188564117188783,0.782250569239027,-0.0182358973211078,-0.0866089863657463,0.166275305988697,-0.419221399988448,1.48564503998103,0.391667788848948,-0.0154521593398858,-0.0413503237176336,-0.521778931667677,-0.356151633286585,-0.0221452907792781,0.122858218300341,-0.319323356051478,-0.16012900149722,-0.0446418436285365,-0.15730812492866,0.076585857548215,0.346210786064194,0.734403827432135,0.0546127523873292,0.119122194076623,0.433668711827992,0.563157052225866,0.246304667113028,0.485547768903476,0.240412093532348,0.37143430505857,1.29092328870138,0.318344580282404,0.423119212002505,1.62950847358427,0.0894366310817657,2.24096385234686,1.83134035175279,0.652091371838919,0.256288225778767,0.943796540152889,0.229607698317283,0.479842924225996,0.39408066962121,-0.0545580990222437,0.603634543192181,0.189738587136012,0.204853905676462,0.510667026724537,5.53333333333333,3.33333333333333,3,1.4,0.333333333333333,0.333333333333333,3.2,3.26666666666667,3.2,6.8,0.4,5.53333333333333,6.26666666666667,6.4,6.26666666666667,4.53333333333333,6.2,2.4,6.06666666666667,6.26666666666667,2.66666666666667,6.4,5.4,2.6,4.66666666666667,5.26666666666667,3.2,6.33333333333333,6.8,4,4.33333333333333,1.86666666666667,1.13333333333333,1.13333333333333,4.53333333333333,4.53333333333333,4.46666666666667,7.66666666666667,0.733333333333333,6.53333333333333,6.33333333333333,7.93333333333333,7.06666666666667,5.66666666666667,7.6,3.06666666666667,6.8,6.8,3.66666666666667,7.13333333333333,6.2,2.73333333333333,5.6,5.46666666666667,3.26666666666667,7.8,1
0.0991465229336566,-0.374644635187084,0.453863029177363,0.168097758921482,0.43976424936935,-0.0931941012505015,0.239024185802703,0.158076411532791,0.246251888065712,0.179801108598978,0.700409674814107,-0.424811805196769,-0.168553629908295,-0.694472106172596,-0.6242396993488,0.126362132215565,-0.968118000939584,-0.245446708149888,-0.410501596505739,-1.49537530108397,-0.406441406067673,-0.48721630524991,0.151246413265443,-0.118464108776745,-0.334166321961549,-0.120698938562229,-0.151821179593193,-0.0913343278622594,0.127990558542439,-0.406568971603203,0.195111014630148,0.000412340632260228,0.558930170298702,-0.260315682152636,0.0999655994947485,-0.246477659110363,0.228818739062298,-0.0912320965660832,1.85824575998301,-0.710758401529715,-0.745569737634338,0.721805262149488,-0.379327829712641,-0.172805829212811,0.577803219832194,0.142238022954993,-0.461749319105227,-0.528601380201458,-0.35908011662846,-0.212861491581504,0.277893420714361,0.152185988759516,-0.541321946149416,-0.240333653440376,-0.219522817667378,0.0156134909204831,0.443671645379127,0.770925527474716,1.19343866578794,0.795214680633118,1.2189545850046,0.59243705555477,0.822877913053574,0.516498698889924,0.786079631433854,0.580700275141739,2.7412995187944,0.0419413408706455,0.66017585880336,1.66455672827821,0.344699979553204,0.441850062195483,2.61444350645388,1.53123366027644,0.185895844420872,1.44036827247322,0.685672431018743,0.489904110862882,0.643021797024881,0.491646205880861,1.35002130368504,0.233003820224941,0.307622798474678,0.484042718629081,6.66666666666667,6.6,1.33333333333333,1.2,4.33333333333333,4.33333333333333,1.33333333333333,1.13333333333333,1.26666666666667,1.46666666666667,4.4,1.2,1.2,2.8,2.8,1.13333333333333,2.73333333333333,2.93333333333333,0.0666666666666667,6.66666666666667,6.66666666666667,6.6,4.6,2.8,6.93333333333333,0.4,2.66666666666667,4.86666666666667,6.8,6.73333333333333,1.53333333333333,1.33333333333333,4.73333333333333,4.46666666666667,1.6,1.26666666666667,1.4,1.53333333333333,4.46666666666667,1.4,1.4,2.93333333333333,3,1.2,3.13333333333333,3.06666666666667,0.266666666666667,6.93333333333333,6.86666666666667,6.86666666666667,4.86666666666667,2.86666666666667,7,0.533333333333333,2.86666666666667,5.06666666666667,1
0.0994457204981832,-0.22476264915089,-0.166895334321497,-0.177093104449648,0.105857897274862,0.220154990050403,0.0104869738567731,0.402639147224465,0.184355587679439,0.0169816970035714,0.315185745078851,-0.0456241926705235,-0.0559075250971125,0.0932755848546816,0.120113940247723,-0.170744734978,-0.206037456848114,0.0234736229242445,0.695931789620728,0.63410217202554,0.925656540888138,0.778132512045296,-0.257366477288481,0.380060319949451,0.766106621558668,0.180832657699385,0.312753463356507,-0.0202665103485176,-0.430274604654738,-0.102597741348963,-0.286732373465655,-0.774214121186428,-0.374001011956001,-0.107185206999107,0.156256662450541,0.197277753282374,-0.980383452480817,-0.366900658412048,-0.162262074296259,-0.195601252449685,-0.410295033856149,2.44031736921406,-0.00778829664767321,-1.32396397233794,0.740744722169575,0.960231806294797,0.45324318115638,1.96697976194808,0.83667189299812,1.83807507605281,-0.741373892191972,0.829061093781987,1.3863692543698,0.000931531288591159,0.585907408757584,0.0521724971498253,0.773144794199328,0.732543593798351,1.14882350264357,0.673575389307369,1.39468029665143,2.78741172990712,1.33074718694292,1.48824264614128,1.15011279672529,1.03850110988361,1.24313443010705,0.737375217340048,0.837748073385056,3.6084878684151,0.712361478605474,0.420919357312222,2.14086097542972,1.98742564491145,1.98484477102807,3.63641585657329,1.86533296578066,2.60781978745632,0.319120228721928,1.44407079928114,3.79304267797012,0.757408925156443,1.40417750130068,1.26837923530759,1.2,3.53333333333333,6.46666666666667,6.53333333333333,0.6,6.4,6.53333333333333,6.46666666666667,0.6,6.53333333333333,0.533333333333333,5.73333333333333,6.4,6.06666666666667,0.6,1.13333333333333,3.46666666666667,3.46666666666667,6.93333333333333,6.06666666666667,5.8,3.8,0.2,5.86666666666667,4.8,3.06666666666667,3.33333333333333,6.6,6.46666666666667,9,12,11.8666666666667,0.733333333333333,11.9333333333333,8.26666666666667,12.3333333333333,0.733333333333333,12.0666666666667,5.8,10.4666666666667,11.8,11.8666666666667,2.26666666666667,1.26666666666667,5.06666666666667,8.53333333333333,12.3333333333333,9.26666666666667,11.6,5.13333333333333,0.933333333333333,7.33333333333333,9.2,7.4,6.46666666666667,11.5333333333333,1
-0.0334824640557621,0.051153001450524,0.490402844263264,-0.27535268936853,0.886095197191721,-0.987605491890501,0.251088645902751,-0.253233824677448,-0.68403246367578,-0.388450471316578,-3.05367607189445,0.503069482602028,-0.251693854641786,-0.720777070816755,-0.373283929337057,-0.875075964784048,-0.777189448027069,-0.0293808182287229,0.589028960028107,-0.477680688192714,-1.03804268600429,-0.71832743363953,-0.369170307192456,-0.228006760619963,-0.612960101873817,0.191694949154804,0.402064742868223,-0.473119851033237,-0.0279300134021698,0.795154543192753,0.977085243122017,-0.621538524909421,1.92712646783461,-1.56596520034178,0.366194475529955,-0.101399438729705,-0.732341520313253,-1.37010960881939,-4.73468282403761,0.64826140662376,-0.460644776506622,-1.05146408980449,-0.651147922555447,0.451269048727184,-1.30481347109071,-0.199550063800758,0.814351162203317,-0.902728807691651,-1.74842566725457,-1.56676983203983,-0.621388332481141,-0.751883250557357,-1.12949413535759,0.0387838866005384,0.267780772270703,-0.547819288210204,0.275703446857909,2.19253127699044,2.56648375010327,0.510104704570052,2.89632491132785,-0.239854801451492,1.24919371556904,0.59418547197564,0.383084537686451,0.427259820753941,-2.21185815123446,1.28399431104686,0.306296708440597,-0.328122990698908,0.0691037849381895,2.91591358204064,-0.406741085298274,0.239347107783013,1.33261531080325,-0.189263999118201,-0.367506551518721,-0.125930197696862,0.752401411978985,0.802771527005978,-0.193896873848549,0.577289953853012,0.889657793099302,0.293806090919654,5,2.46666666666667,2.33333333333333,2.26666666666667,5.4,0.6,2.46666666666667,2.53333333333333,5.73333333333333,0.733333333333333,0.266666666666667,4.73333333333333,1,3.13333333333333,3.26666666666667,3.2,0.2,1.2,3.06666666666667,2.06666666666667,0.866666666666667,0.666666666666667,3.2,2.86666666666667,0.4,0.4,4.93333333333333,5,5.2,2.66666666666667,3.06666666666667,4,7.06666666666667,0.933333333333333,2.8,3.06666666666667,6.6,1.6,1.53333333333333,5,1.06666666666667,3.26666666666667,3.4,3.26666666666667,2.26666666666667,2.8,4.2,3.86666666666667,1.33333333333333,2.66666666666667,3.4,4.86666666666667,2.26666666666667,0.466666666666667,6.93333333333333,5.13333333333333,2
0.187273664157666,0.241156774053272,1.49591681361156,0.496022577433427,0.82892618679744,0.440939659140836,0.0611828293065201,0.496108108522803,0.597784391855382,1.30026373881086,-0.193938639352529,0.175956451725673,1.08195178584475,-0.429943384164622,-0.208787502962595,0.127789335359149,-0.128358658410326,-0.658522119734361,0.122690088943768,-1.21536573977787,-0.380906292653588,-0.0143949978831138,0.0875071981500775,0.0776832895225895,0.853241757200991,0.223763006093217,-0.189645264042669,0.10082695541319,0.307923031882267,0.129114254774096,1.334489855437,0.732294350826713,0.737925290324071,0.523527928800831,0.0377056197679206,0.793158470128858,0.792665837187413,1.06078622395348,0.702486771955434,0.120029997988559,1.71461880514847,-1.48359153392656,-0.750587544132499,0.169830412456034,-0.980658650658396,-0.354997313253929,0.264676593912937,-2.38122072229987,-0.845036026174972,0.0275683220585407,0.0507327892364799,0.815992108452073,0.943183722893648,0.280533248311521,-0.361649388043081,0.0502911215502309,0.512725194404232,0.509670286112769,3.01130566369858,1.10518245810271,1.92845298824147,1.07965937162908,0.282297868771265,1.4259372925025,1.29317930801458,2.04369894925176,0.978692500435036,0.513542918597379,2.69149553066462,0.354716514619818,0.1413242841526,0.374608869963343,0.499038356134903,0.504011448344607,1.23740399071623,-0.0131175826945969,1.00469947668431,0.564393470747209,0.316353821788963,1.27592936855228,2.14113065072204,0.594400161539165,0.211525904128865,0.503716606809826,4.26666666666667,1.26666666666667,1.66666666666667,1.6,1.66666666666667,6.86666666666667,2.8,3.33333333333333,1.8,1.93333333333333,6.06666666666667,2.4,1.6,0.0666666666666667,0.0666666666666667,3.2,0.2,6.26666666666667,1.66666666666667,0.0666666666666667,6,1.73333333333333,2.13333333333333,4,1.6,3,0.0666666666666667,5.4,4.53333333333333,1.53333333333333,4.26666666666667,2.73333333333333,4.06666666666667,8.66666666666667,3,3.46666666666667,4,2,7,4.93333333333333,3,2.4,1.33333333333333,3.4,2.53333333333333,7.13333333333333,1.8,1.33333333333333,7.2,3.46666666666667,3.26666666666667,5.13333333333333,4,5.66666666666667,1.6,7.46666666666667,2
0.283017424785536,0.0612348468483993,0.782437062049633,0.231005795456462,0.233785807806421,0.276623693281574,0.138915561984756,0.245638838756177,0.278174991539295,0.877876885514309,-0.732137734368461,0.151931130328027,0.607578942779428,-0.185259286261586,0.148646415818524,-0.203821347319045,0.523434305136907,0.290977576316398,0.0419544899709456,0.728858143351279,0.166552630184973,0.211650707221692,-0.0232092210078468,-0.107451386024195,0.083959590343968,-0.0367679547807124,0.181075504237206,0.00408592721691159,0.100972369545422,0.14863799501254,0.893069517601163,0.408821923116131,0.573594636537966,0.420257855292289,0.162182912770968,0.204890903663578,1.07359853745794,0.598504289840831,-0.890161568585648,0.102399472263593,0.0601634207959031,-1.00750561438978,-0.277904543975461,0.0723770313966402,-0.393550353071564,-0.0241314103560743,-0.179634514924941,-1.12287666341175,-0.661224957235568,-0.0639129806353334,0.0406401889348981,0.334995795550126,-0.390946330038445,0.0611413986367126,-0.0948392673842919,-0.0402539361949687,0.506581092920797,0.616323327075822,1.46336276370884,0.747642127712374,1.5194898129127,1.14739996000494,0.694817693511394,0.934272741849096,1.42430067781722,1.72138768269638,0.62688642761642,0.520381972623562,1.37905696939081,0.471325723922492,0.776558362737551,0.329294058403728,1.08524781280206,1.25832687046407,0.377575210549356,1.90647623303733,0.735552483873603,0.611992804504001,0.349062964897636,0.616637942766972,1.27726431517777,0.553981770067571,0.555432464953219,0.332130743730628,0.466666666666667,4.93333333333333,2.4,4.93333333333333,2.33333333333333,4.93333333333333,1.8,1.93333333333333,4.73333333333333,2.4,6.73333333333333,0.333333333333333,0.466666666666667,0.0666666666666667,0.333333333333333,3.06666666666667,0.266666666666667,0.333333333333333,0.733333333333333,0.333333333333333,0.466666666666667,1.06666666666667,4.6,3.73333333333333,5.86666666666667,2.8,1.26666666666667,4.8,1.93333333333333,9.86666666666667,7.6,8.33333333333333,5.46666666666667,6.4,3.8,4.86666666666667,6.26666666666667,3.13333333333333,12.1333333333333,0.533333333333333,5.33333333333333,0.266666666666667,0.8,5.4,0.733333333333333,0.533333333333333,1.4,1,0.8,5.4,9.66666666666667,7.6,11.6,4.66666666666667,2.73333333333333,9.26666666666667,2
0.0879796746937257,0.208924762530134,1.8001343723974,0.441259190158673,0.631094998074476,-0.0285448532118179,0.295328414557373,0.465507366186217,0.83679865109112,1.45267571441429,0.542293536727987,0.225594722483713,0.0941093065033098,-1.36675865976272,-0.732744006053807,0.186467110655257,-0.360717113011877,-0.369405882008702,0.0755921320402043,-1.74851621068054,-0.636954254522604,-0.150782485892613,0.242272060327541,0.185495462034989,1.74956733811479,0.226533837085301,0.114037302140084,-0.386752229123097,0.314912613218222,0.293988410098785,1.22059414409008,0.136990120101715,0.180246110734194,-0.517079876921528,0.0650393046860805,0.322204473439678,0.313175524204322,0.625052559817713,-0.134080914456055,0.169944420313956,-0.232774907548443,-1.62168544757784,-0.990982374018934,-0.166096745752267,-0.249963479471914,-0.235301850362816,0.129469298536053,-1.50906033449248,-1.16274838790233,-0.271785133352228,0.459674852955242,0.476608542464297,1.98782972586913,0.175075189998211,-0.106848074680305,-0.285894005513091,0.588113289262151,1.03866455684828,2.74007145147304,0.87407755823917,1.30071161965032,0.375856341061329,0.666326602887342,1.070194468847,1.38730412305374,2.46646894658007,1.01022752280268,0.548961902896647,1.4782589191858,-0.695128549579836,-0.0715463961024535,0.731116491561553,0.956191540706838,0.835619377155692,0.645697011129278,0.177050967322253,0.0615612662552553,0.14441519606468,0.892852959176136,0.832750034250885,3.25543033731565,0.637132292594184,0.763529635965829,0.350437065330187,4.93333333333333,3.2,0.533333333333333,1.8,1.86666666666667,2.26666666666667,0.466666666666667,0.533333333333333,0.733333333333333,0.933333333333333,0.266666666666667,6,2.2,2.86666666666667,6.2,0.2,6.26666666666667,2.06666666666667,1.46666666666667,2.26666666666667,0.2,1.13333333333333,5.73333333333333,3.2,3.46666666666667,2.13333333333333,6.93333333333333,2.6,7.06666666666667,3.26666666666667,1.73333333333333,1.86666666666667,2.13333333333333,3.53333333333333,1.46666666666667,2.6,2.2,3,0.4,7.2,3.46666666666667,4.4,7.53333333333333,0.666666666666667,7.33333333333333,3,1.6,4.2,2.06666666666667,2.53333333333333,7.06666666666667,4.2,3.6,3.53333333333333,9.06666666666667,4.2,2
0.315270284107065,0.482246569278515,2.24231225842461,0.601084525658405,1.34408504269223,0.963532609893325,0.00638142369621826,0.397007435517806,1.43493078856304,1.91857138034024,0.263807535559787,0.510370148490272,0.990984694894618,-0.496292106168245,-0.0346515255232754,0.0917239969993622,-0.350960931394592,-0.238559989181229,0.163206818056268,-0.874420874537714,-1.06552339128867,-0.354956864393284,0.138091562754052,0.0556285098169467,0.764691621581496,0.152136009758631,-0.243953937679006,-0.287154160108332,0.288046695882021,0.0784044445420029,1.64916574742613,0.822491185211855,1.23444823237463,0.40150112950336,-0.28408406344601,0.825262554542909,0.998077194789382,2.31635285015053,-0.323389656054853,0.714850839070998,0.88078724048032,-1.3177220486591,-0.35015607898641,1.5432596823411,-1.29421048266039,-0.857393460200987,-0.0601048622973127,-3.32712085084907,-2.83078085849032,-1.21255865209291,0.415651821651415,0.603970658127228,-1.80573172519935,0.145925256148226,-0.475708407641622,-0.304675052768698,0.885574284366082,2.39918539816897,4.63609824497859,2.18721424182258,3.06371085208174,1.52170970135435,0.468612803305535,1.52746139215008,3.50865179939386,3.83460984018462,0.666138437601908,1.56640374753655,1.80276161153673,0.136606219388821,0.334950869269256,2.25855148241771,0.490016041258619,0.723056108367696,1.00721054730477,-0.206573990268496,-0.069929671982396,0.270193217854564,0.828591614942413,1.23549462679926,2.55353630900398,0.785749212485596,0.960807323547129,0.446543993490711,5.33333333333333,1.8,2,5.46666666666667,1.8,0.866666666666667,5.26666666666667,2.4,6.93333333333333,2,1.66666666666667,6.06666666666667,1.8,0.133333333333333,2.53333333333333,6.13333333333333,0.0666666666666667,0.333333333333333,1.33333333333333,0.0666666666666667,0.0666666666666667,0.0666666666666667,4.33333333333333,4.33333333333333,1.86666666666667,1.06666666666667,5.4,4,5.53333333333333,1.86666666666667,2.06666666666667,6.73333333333333,2.13333333333333,0.933333333333333,5.4,2.93333333333333,8.06666666666667,2.26666666666667,1.86666666666667,7.06666666666667,2.33333333333333,1,3.66666666666667,7.13333333333333,0.4,1.73333333333333,2,0.2,0.933333333333333,0.266666666666667,5.4,5,2.73333333333333,2.33333333333333,5.8,5.33333333333333,2
-0.0220933446930235,0.217880935636951,0.321557293177684,-0.0439539527835744,0.452577834436817,0.422535931699811,0.0385080921633438,-0.110194642503993,0.219014560863139,0.492548020203913,0.116186691563765,-0.0441645378118782,-0.191388396025274,-1.14530364521379,-0.58429166471313,1.106320273024,-1.10598957256652,-0.859046974806773,0.143727077629594,-1.49616443923125,-0.418630034362938,-0.0979171996016041,-0.00303049487750689,0.134121316949496,0.283022504074526,0.23897577391767,-0.16199592952537,-0.181198127003281,-0.0421303569833894,0.0719088535461491,-0.0277383533935242,-0.169193292545337,-0.148268532821366,-0.26796578098804,-0.100561904236542,-0.168611037393544,0.0456140517975607,0.0251064662055729,0.107353270277635,-0.137460558961083,-0.580911846324294,-1.72556749013748,-0.505133953328653,0.304341003736407,-1.06024031252343,-0.51746337604369,0.296403439802849,-1.11477821931172,-0.617539745637023,-0.025102677449959,0.368660129480999,0.293023285290602,0.501981608452347,0.119895292130285,-0.365585129102546,-0.0912049905074754,0.256467910697001,0.667122160548829,0.735902935855497,0.297335766526127,0.92637585326869,0.674369708707877,0.199721625460685,0.25242470140746,0.816230705269322,0.931505716365695,0.494710965767773,0.326238254818034,0.4940107583304,-0.490970890993906,-0.249358619713081,1.45626637154485,-0.431156655387655,0.472856794346375,0.789193587292449,-0.60264695261909,-0.0101976923695653,0.443791268244566,0.621149203119264,0.531929614161735,1.76703046793975,0.595923714439532,0.0942212734329767,0.192411768125202,3.4,1.86666666666667,1.33333333333333,6.06666666666667,0.733333333333333,6.33333333333333,0.866666666666667,0.133333333333333,6.46666666666667,1.53333333333333,6.13333333333333,1.53333333333333,1.73333333333333,0.0666666666666667,0.2,0.466666666666667,0.0666666666666667,6.4,2,4.66666666666667,0.0666666666666667,6.46666666666667,3.53333333333333,3.13333333333333,5.73333333333333,5.66666666666667,0.0666666666666667,6.73333333333333,6,2.06666666666667,1.8,8.46666666666667,3.4,9,3.93333333333333,3.2,9.06666666666667,1.66666666666667,6.8,3.13333333333333,4.2,0.266666666666667,2.86666666666667,0.6,1.2,9.4,5.53333333333333,6,0.2,10.1333333333333,4.73333333333333,5.46666666666667,7.4,7.13333333333333,0.2,9.6,2
0.0984787081288185,0.277009749999478,0.962311871144836,0.302802842533385,0.47122251949226,0.806420797390153,0.152963327852915,0.401120819333094,0.756208880773757,1.6997968989499,0.82623359364548,0.230557648451497,0.266188350736548,-0.150545199738652,-0.000755727016234179,-0.169602192577808,-0.549323702894499,-0.77761649731201,0.261646757083058,-1.62154339538749,-0.232484630674917,0.327408240439141,0.0639985602832769,-0.247342216702844,0.0620745044579688,-0.0324044180761868,-0.0614509593125725,-0.341546783505959,0.305076574930551,-0.000108530382245352,0.714797135563159,0.441927558090948,0.2910072103871,0.500781530618563,0.179257420628444,0.183877422737677,1.42367419655771,0.91089589984677,1.052673119584,0.414425173890408,0.853162287381714,0.194637658456397,0.388918982971375,-1.20031229339391,0.238082875908777,-0.275899574868493,0.625139412427211,-0.314135171709556,0.254268555205642,0.913328887964395,0.0707104172424165,0.178119192315042,1.47981651090638,-0.01086273783308,-0.422969744400575,-0.499186871390587,0.732205590979107,0.587616286911805,1.84389115840957,1.24326180691153,1.20908186759655,1.63911543347959,0.654748255088014,0.974361264383492,2.1575498383403,2.3443398637139,1.82705206218585,1.20131215273658,2.73067805630906,0.577187795469806,1.43807474602891,0.457653421459691,0.959535111156053,0.928578250435952,1.51806808283377,0.633262633405826,1.02511482201479,1.4282896591295,0.846074409793139,0.831107871089874,3.02713557284217,0.821190369936489,0.647021130440651,0.304128067891167,4.66666666666667,1.73333333333333,5,4.86666666666667,0.866666666666667,0.933333333333333,4.86666666666667,4.73333333333333,2.13333333333333,1.06666666666667,2.73333333333333,5.2,2.13333333333333,3.66666666666667,2.13333333333333,0.133333333333333,2.2,2.06666666666667,2.26666666666667,7,4.33333333333333,2.86666666666667,5.8,2.33333333333333,2.66666666666667,5.86666666666667,6.06666666666667,5.6,5.33333333333333,2,7.4,5.66666666666667,1.13333333333333,1.53333333333333,5.4,5.46666666666667,4.06666666666667,1.2,2.8,6.66666666666667,2.46666666666667,4.53333333333333,3.06666666666667,0.333333333333333,4.26666666666667,4.46666666666667,3.86666666666667,8.46666666666667,5,4.4,7.4,2.73333333333333,3.2,7.26666666666667,6.66666666666667,6.53333333333333,2
0.074292781308469,-0.0491341993930911,0.78875578204859,0.272729269235573,0.321540247452885,-0.101431931664299,0.0730770946741533,0.367790766563933,0.511067064260249,1.0520344788929,-0.329213757543601,0.0714534433619247,0.496025743775862,-0.593899032113986,-0.0637769615702636,0.0650818269203484,-0.672296831756896,-0.824787311507944,0.15153497233382,-1.49703398330509,-0.283695066242254,0.296681632918579,-0.210789326615354,-0.0452270137693904,0.852237967954922,0.152840173240682,-0.158008993050917,-0.193046884355752,0.0519080157645992,0.026891847624705,0.44746155231549,0.0452942598865587,0.195324528986271,-0.484724700760912,-0.0438793063497039,0.0360432409095022,0.171561563520602,0.352132203742331,-1.08617780476306,-0.18200771469695,0.0955447247328832,0.549388967231124,0.579942344904618,-0.157017850908755,0.658050851890317,-0.160345599687073,0.197193835465042,-0.524496559389213,0.18264199786263,0.486988772738478,-0.297821107899324,-0.0801489265939484,0.113499014211396,0.0155377631255036,0.303084344165651,-0.290504828094571,0.373564006415982,0.36390537477506,1.37737900217403,0.521476646404314,1.13999598195266,0.482392325521442,0.36864078860265,0.784536118374772,1.00106077088755,1.76729975860287,0.0501779238988539,0.525975672182243,1.22180942493261,0.998188377106909,1.0115498788035,0.301203514249803,1.20687999427719,0.641701506423503,0.59242952824266,1.12172836820187,0.672771287069395,1.12179416175063,0.124492529914844,0.508632642108939,2.51326214021781,0.79172458169556,0.683122987813354,0.0909511119027287,3.6,6.2,0.866666666666667,5.46666666666667,2.4,0.466666666666667,0.4,0.466666666666667,0.733333333333333,0.8,0.6,1.93333333333333,1.33333333333333,4.33333333333333,2.4,6.13333333333333,4.33333333333333,3.13333333333333,1.86666666666667,6.06666666666667,6.66666666666667,3.2,6.06666666666667,5.93333333333333,1.4,2.26666666666667,6.4,0.133333333333333,5.53333333333333,6.8,4.13333333333333,8.86666666666667,5.06666666666667,2.4,0.533333333333333,0.733333333333333,0.8,2.13333333333333,1,3.4,3.53333333333333,5.66666666666667,2.8,7.4,4.8,3.8,2.93333333333333,8.8,7.26666666666667,5.86666666666667,8.13333333333333,8.73333333333333,3.73333333333333,2.46666666666667,6.93333333333333,0.2,2
0.093286709555264,-0.0442475536238478,0.654371561500508,0.495075220718045,0.256103812675385,0.279396099212061,-0.067693270325233,0.722061894099739,-0.18557094311951,1.17602817524375,-0.892964466098041,0.211087697427666,0.61388200819974,-0.711025530427357,-0.383489977270594,0.0902415985399223,-0.274560292449875,-0.0471827618357963,0.126045069309368,-0.619524007583148,-0.639601804174774,-0.661579184851514,0.56627627295277,-0.648750180117251,0.43607731390232,0.0346929092401996,0.0819651486883109,-0.101595495213481,-0.162458874944796,0.0981586605291262,0.36030529315622,-0.0360179175227912,-0.392599630244496,0.0795958691434246,-0.191657015261399,0.686422693449403,0.0778791815742614,1.31203233401671,-1.2168345753801,0.149426571145077,-0.191811864946278,-1.41069801175525,-0.497553280125292,0.869719968224456,-0.747684566281585,-0.845416230392311,-0.0391819156530031,-1.80074118042259,-1.19997303867917,-1.05922584729479,0.887829363863012,0.40081449370872,-0.964255823286,0.133713105648734,-0.621729938727801,-0.250286861820427,0.557604327055175,1.69841363417397,2.76570634287791,1.35624809744427,1.76019552425685,1.5681122249805,1.95991770695404,3.27167307211762,0.958306931395904,3.61864033211373,0.423886483958087,1.38172402561092,1.63450151548908,-0.21849322191456,0.219735873094854,2.6739052033103,0.75676400277572,1.29646519577922,1.05854595424355,1.25952668010262,-0.0539262986885806,0.238237302035218,1.21451851488579,1.12641023657,1.81144915913003,1.34008611110417,1.22689717745666,1.31143787987353,6.86666666666667,6.2,6.2,6.4,6.2,1.8,6.4,6.4,4.66666666666667,6.13333333333333,0.266666666666667,6.26666666666667,1,1.13333333333333,4.66666666666667,7,1.66666666666667,1.8,5,1.86666666666667,0.0666666666666667,6.33333333333333,0.8,4.4,0.466666666666667,6.2,6.8,6.86666666666667,7,6.33333333333333,6.33333333333333,6.46666666666667,6.33333333333333,2,6.46666666666667,6.53333333333333,4.73333333333333,6.33333333333333,0.4,6.46666666666667,1.2,1.33333333333333,4.73333333333333,7.13333333333333,1.86666666666667,1.93333333333333,5.2,1.93333333333333,0.266666666666667,6.4,1,4.46666666666667,0.666666666666667,6.26666666666667,6.93333333333333,7,2
0.358696627170754,0.169234780556925,0.757465348980039,0.230399933968593,0.279368791566585,0.02552719089538,0.147217441269597,0.6450134577302,0.132935676619743,0.862248860542467,-0.0119040813310718,0.345071024210187,0.494843665003894,-0.97465148472169,0.115258060780961,-0.097964609429647,-0.494484877049063,0.210423609231206,-0.0695680046291241,-0.278333157573398,-0.737854483149471,-0.238243740574068,0.0135283732384898,0.102910462451125,0.685435876183177,0.0258028046433349,-0.282733562974749,0.0327951578172595,0.120301977995665,0.255075847690162,-0.0445278239341192,0.0539500278883053,0.565741088657713,0.181318092392692,0.260142485905324,0.368403530838566,0.32451259713329,0.362005379953587,1.75963286968331,0.147046894741618,0.322686446566676,-0.870659606551891,0.393148569924048,-0.42348110538867,-0.00146399924548885,-0.0971957861321406,0.060921770508208,0.229447895646159,-0.363626162017641,-0.0577559082835697,0.457595799889737,1.74806959643954,1.53707824442715,-0.023330455961171,-0.519646145573407,0.730858755108039,1.04802645991167,1.5279019795553,1.40269857737803,1.11356846326486,2.12272763729343,2.1003237888726,0.786101711062938,1.8657201090297,2.20227757166922,1.78290030976362,4.4343629592225,1.04887633904303,1.96605346324943,0.0640608483879035,1.55907611621515,0.357012855908892,1.39559510727442,1.8903787238169,0.693877129268219,2.12510339432066,1.03410131643605,0.692220592147149,0.965013454845647,2.85652339293399,4.14474526626721,0.768461549198474,0.289684297768762,1.15181873623978,6.93333333333333,6.4,0.333333333333333,7,4.66666666666667,4.46666666666667,4.53333333333333,6.53333333333333,4.73333333333333,0.266666666666667,6.53333333333333,6.93333333333333,2.2,2.6,4.4,0.533333333333333,2.53333333333333,1.73333333333333,1.33333333333333,2.33333333333333,2.46666666666667,4.53333333333333,4.06666666666667,3.93333333333333,4.53333333333333,0.333333333333333,0.2,4.53333333333333,7.06666666666667,6.46666666666667,0.4,7.06666666666667,4.8,4.6,4.66666666666667,6.6,4.8,0.333333333333333,6.66666666666667,7.06666666666667,2.33333333333333,2.73333333333333,4.46666666666667,0.6,2.6,1.86666666666667,1.46666666666667,2.4,2.53333333333333,4.6,4.2,4,4.6,0.4,0.333333333333333,4.6,2
0.923296264894623,2.15818067735386,5.37687655099147,2.18155347227408,4.07598452619628,2.98685915755626,1.41985897228597,2.02835798345444,1.28648318274821,2.60697842472379,-0.379142312206294,0.8058619581781,1.48832896083907,0.18026572782087,0.247275047143249,-0.191155029575483,0.209080408624769,-0.512804925427133,0.719536605140173,0.139392056778355,0.289406898151301,1.11867551572475,-0.0956141699198788,-0.252472853124979,-0.201270276938495,0.260441915898619,0.940758570133423,-0.0234930703540168,0.65969463918486,0.190150944209134,3.97101892505317,1.71589442735803,5.87411477904458,2.73855248733717,1.24275114044582,0.914629617331461,3.3969826152065,0.973260114050223,0.547059705251071,0.15525600228839,0.871358964912594,-0.164806856119329,0.0281977932881111,0.102077699283919,0.437330070388711,-0.403620356562204,-0.362551869561252,-0.211985728370727,0.0971373810860899,0.407852411351202,-0.0274607894514992,0.348773953979564,-1.7963903788133,0.318535275976256,-0.0140544035595058,0.503892399682438,1.6543793611547,3.52545740702995,7.1375952868425,3.49917623298282,6.76379691623888,5.86833429874758,2.25597340395181,3.16357526184628,3.95292826927413,3.44006159743146,1.48503767414113,1.28004502988619,2.12808888365914,0.739636490772109,0.536116699158357,0.403191882462564,1.04412087398019,0.145276159301342,1.45584048307672,1.01500274501399,1.00890500821608,2.03528904586883,1.41315175057752,1.42077135253986,1.14586374026684,1.10147968837785,1.23867488897099,0.963508304739026,1.8,1.06666666666667,1,1.6,1.73333333333333,1.53333333333333,1.66666666666667,2.06666666666667,6.8,1.66666666666667,6.53333333333333,0.733333333333333,1.53333333333333,1.53333333333333,1.46666666666667,2.86666666666667,3.2,0.0666666666666667,0.733333333333333,0.266666666666667,1.53333333333333,1.6,6.93333333333333,3.06666666666667,0.466666666666667,1.66666666666667,1.8,5.8,3.2,1.2,4.86666666666667,5.53333333333333,6.33333333333333,5.46666666666667,3.6,3.46666666666667,7.46666666666667,2.73333333333333,7.86666666666667,1.2,3.93333333333333,1.66666666666667,3.66666666666667,4.93333333333333,4.53333333333333,2.06666666666667,0.866666666666667,3.66666666666667,4.8,5.46666666666667,11.1333333333333,4.86666666666667,3.4,1.93333333333333,2.66666666666667,10.4,3
0.347186843496802,1.10457186058017,2.25781619319155,1.14099629303606,1.1041122342046,0.63934696808803,1.03535838088516,0.757430333057802,0.570063218186625,0.572027936288699,-0.104539161616011,0.419177335697521,1.01016764170088,-0.1856839602672,-0.0386270452796566,-0.0685761548171699,-0.233535601892665,-0.192505319830635,-0.172488571352234,-0.279806619907081,-0.281023063878803,0.193626969371695,-0.0521774398948316,-0.748283530598169,-0.666036421596431,0.38838960100249,0.273779149606256,-0.0929700347134664,0.416291980176181,0.816901817324445,1.47307300423486,1.59946569220143,1.98117924835718,1.40305438860262,0.760428716418355,0.932824877047415,1.30590347001188,-0.234415263514724,3.17104678634675,0.284081194588342,0.173186198633312,-0.214971835741681,-0.321595343466231,-0.236460200599954,-0.563551986858068,-0.184037388865824,-0.631312969432649,-0.436752262967074,-0.529751383477905,-0.282527084200169,-0.118536050710607,-0.182870155683646,-1.05746439631158,0.193293386345991,0.154082755208042,-0.459705422841664,0.724691285147897,2.55593411739423,3.30571507864356,2.62250285939093,3.31077223431551,3.41804907510042,2.11715752380127,1.45896864458879,2.82672414562652,0.966631890011581,4.41907010951487,1.0151520230303,1.99817697672193,0.84288065192089,0.501105276632006,1.31210298378097,0.0862121178183707,0.0614791939180284,0.320556097610983,0.191620817992796,1.34199081132534,1.35131390708005,1.89825580686851,1.51266145837785,-0.0405060444255045,0.912129970514093,0.998662062836261,0.371011589612088,4.13333333333333,1.4,1.66666666666667,3.53333333333333,3.6,4,2.2,3.6,3.13333333333333,0.4,3.86666666666667,6.6,1.33333333333333,4,4,3.93333333333333,4,0.266666666666667,1.66666666666667,1,4,4,4,3.86666666666667,4,0.8,3,7,5.53333333333333,2.66666666666667,2.93333333333333,6.26666666666667,4.13333333333333,4.13333333333333,2.46666666666667,3.8,4.8,1.66666666666667,4.06666666666667,7.13333333333333,1.53333333333333,6.2,4.06666666666667,4.06666666666667,6,3,1.8,3.6,4.46666666666667,6.93333333333333,5,4,6.86666666666667,1.93333333333333,4.33333333333333,9.73333333333333,3
-0.117576630705861,0.274588291819507,3.25165916733769,0.498547544404062,1.40411105652092,0.398064753511701,0.73655384191858,0.835700225084298,0.49613183761692,1.62724105110472,-0.0821276928887855,0.158109307483374,0.681222383657525,-0.241960209182798,-0.00237123032792552,-0.0455207401969769,-0.297919826057823,-1.04366754078145,0.209987296677514,-0.913405712559241,-0.772377026659673,0.07747503861299,0.212513135241538,0.289266537716305,0.246107764314326,0.275586575241342,-0.113591049090952,-0.372730878754947,0.0103572136912154,0.385892952651464,2.03485965963756,1.53718622286945,4.14254343419044,2.53541713038147,0.48064521184488,-0.122572644608998,3.09291898607921,0.712016036563045,1.04121207708458,0.138572867384731,1.31609775523888,0.558031124563194,0.455676005420806,0.456066053390732,0.900133188156849,-1.51412347877605,-1.24056787098417,-0.138156426339674,-0.790436082934528,0.626489803919495,1.31006950736244,0.0309297636953324,-0.338257713181437,0.328040943607673,-0.711077696827165,-0.532094166935997,0.27050634413512,1.5369451599038,4.52198400942462,2.36421413008429,5.7095213457641,4.12988022219932,1.28134065698741,1.31621135459552,4.14083353878976,2.52483041856039,1.77576065022582,0.739027875397722,2.05550209678516,1.18789779272868,1.08049749303402,1.6869050583327,2.15725162609961,0.758827730734616,0.929107968793095,2.28184735986254,-0.0145230303320849,1.41113279419021,1.65085746686681,1.11933798614837,1.88392989972596,0.811435981173294,0.366466944043035,0.193031661619702,3.66666666666667,1.53333333333333,1.4,4,3.66666666666667,3.6,1.33333333333333,0.2,4.06666666666667,0.466666666666667,6,0.333333333333333,3.46666666666667,3.53333333333333,6.66666666666667,7,3.2,5.73333333333333,1.73333333333333,6.8,0.133333333333333,6.6,5,2.2,2.46666666666667,3.66666666666667,0.266666666666667,6.8,5.86666666666667,1.66666666666667,1.93333333333333,5.86666666666667,5.6,5.26666666666667,2,3.53333333333333,6.73333333333333,0.6,7,0.8,6.13333333333333,6.6,6.73333333333333,9,3.4,8.66666666666667,5,9.8,3.4,10,7,3.13333333333333,5.33333333333333,5.93333333333333,1.4,6.86666666666667,3
0.675764872799747,0.469415371867125,2.06354044827789,0.71061884011223,0.885489523210531,1.21789947552535,0.973742017362224,0.772743790675315,0.411238899938279,1.50439813971194,0.307558691740558,0.0789262901262926,1.76880374572391,-0.150310902301557,0.0146439000543322,-0.129496153245701,-0.122296171438388,-0.30731214591025,-0.0199392678352301,-0.365571688060072,-0.290579447361151,1.03129690719962,-0.428911554616082,-0.0774835277505298,0.294961294550659,0.272964848177178,0.825598735507723,0.267710158216495,2.08040074904055,0.410601772568049,2.58267913747373,1.96471288400773,2.04028957999089,3.55569857727563,0.747343963820732,0.922512230922925,5.11435889209379,2.31882522533476,2.50638706349805,-0.107332356299768,1.8432388853863,-0.11290176264319,-0.2654636590614,-0.706917388810165,-0.160622032801756,-0.562994525394859,-0.868958450465299,-1.21508897804544,-0.521415540987302,1.3301564113484,-0.621418353933253,-0.231811818895533,-0.537932857543545,0.581111788761748,-0.123536461796361,0.17988119889355,2.65249470518232,1.5975351419457,3.86969629889004,2.80271528882176,2.98439388043561,4.85172900772278,2.29028420141912,1.64354544891435,5.89109661421552,3.5795068318845,3.4795259941053,0.65525790684925,4.19642171788521,0.495299638956822,0.686243676412363,0.548730063276006,0.480864767360679,0.772181169301213,0.89075916456957,0.440137694145049,0.223710468603622,2.27658935848144,-0.0542975778474805,1.08280099199551,2.4511028154038,1.21967577736702,1.67504381204849,0.714252168300945,3.46666666666667,1.46666666666667,1.46666666666667,3.53333333333333,3.33333333333333,3.53333333333333,1.66666666666667,2.93333333333333,4.46666666666667,4.53333333333333,4.86666666666667,6.53333333333333,1.4,3.4,5.6,0.0666666666666667,5.6,5.66666666666667,0.533333333333333,0.0666666666666667,0.0666666666666667,3.4,1,1.53333333333333,6.6,4.53333333333333,1.93333333333333,1.4,5.4,1.66666666666667,3.8,6.06666666666667,4.73333333333333,5.66666666666667,4.06666666666667,4.26666666666667,8,4.66666666666667,5.53333333333333,7.86666666666667,1.46666666666667,3.53333333333333,8,2.66666666666667,7.86666666666667,7.86666666666667,2.46666666666667,2.46666666666667,2.33333333333333,4.73333333333333,4.46666666666667,2.66666666666667,8.93333333333333,7.6,5.06666666666667,2.8,3
0.176057389811221,-0.0430445613512311,1.12253936043048,0.148572353486967,0.260820729640204,0.167126198200824,0.184203783299499,0.272434226299012,-0.0173313316203059,0.142738840917773,0.233269372728443,0.0482444146590915,0.193399312662174,-0.0671222264890301,-0.0164682334679547,-0.128997097020125,-0.070330092462215,0.242203713176324,-0.147870244595035,0.651867590693905,-0.109276493678792,0.308128474345654,0.127801378679519,-0.689697837084891,0.581731954363919,0.0128248500490843,0.108705934256874,0.0446936320819404,-0.0465890092555321,-0.0939815226708534,1.29007177278247,-0.163274857828745,0.104858472712662,0.279340617415876,0.115738357099213,-0.216574613638849,0.414954906238859,-0.766651532496748,-0.0176961341256826,-0.0935680731902204,0.277098959494774,0.124430352535937,0.200125350837857,-0.212779369545681,0.477676963976947,0.363589337068822,-0.00789213741333862,2.38002616417358,0.523902482956513,0.330527815534723,0.789212780578874,0.133484986615015,-0.297558193517952,-0.0673834137444319,-0.104765336083962,0.153860533262125,0.64424893247925,3.00640075205702,2.56553951847271,0.649160120262262,1.48258066901221,2.17419340688624,1.06266488626104,0.624730055588767,1.51942745404529,1.06750750208245,5.60992606304918,0.692367990364942,1.35319291136207,0.610287931514054,0.936859408127317,0.299416842569385,1.01450393500928,1.35337217284934,0.687057011422556,2.9604939716362,1.57206842112792,1.76417386139919,1.15944189496238,0.781433418530072,1.78232290026134,0.597851225420201,0.514148788735472,1.44281876770837,5.66666666666667,5.8,5.93333333333333,1.8,2.26666666666667,6.26666666666667,2.2,0.733333333333333,6.2,0.666666666666667,6.2,5.86666666666667,5.66666666666667,3,7,0.133333333333333,3.46666666666667,6.93333333333333,6.06666666666667,7,7,5.93333333333333,5.46666666666667,3.66666666666667,0.133333333333333,5.8,1.86666666666667,5.93333333333333,6.13333333333333,6.4,7.06666666666667,1.86666666666667,2.8,7.66666666666667,2.4,1.33333333333333,6.26666666666667,0.8,6.46666666666667,6.06666666666667,6.46666666666667,4.13333333333333,8.26666666666667,0.2,4.86666666666667,7.86666666666667,6.26666666666667,8,8.26666666666667,6.6,6.46666666666667,4,0.2,6.66666666666667,2,6.66666666666667,3
0.155011110306513,-0.0115350728387674,1.46970129744568,-0.0585259910775764,-0.434151913957862,0.0984178669110106,0.357730397819324,0.559140811674585,-0.0122113325680241,0.630311169687642,-0.588921518547882,0.214766214291491,0.113664578725965,0.0601746841891275,-0.0899324563447879,-0.149556248289861,-0.296852021141401,-0.0852594142826306,0.071571073985826,0.277193384298774,0.0734282727026501,0.0119748510931196,-0.0351283026907524,0.0100065352737329,-1.05547554969008,0.021103327901413,0.160269078235822,0.0884640752789457,0.652867577892039,0.714292026287298,2.56102189109159,0.387329455294574,-0.000594501742329142,0.170992547856132,1.13698484385241,1.36885501532653,0.543752073142256,0.940053030317417,-0.728734133698012,1.00341373737455,-0.214496197503624,-0.401209924898294,-0.113289235850477,-0.299269691006186,-0.670261288410077,-0.517228878721299,-0.178060980364719,-0.839841573772146,-0.494961642504511,-0.150618167041754,-0.217440220593635,0.0436548484515089,-2.66479586379277,-0.00683655718440236,0.401460930140742,0.214483951761323,1.22261129396269,2.21344256751036,4.03223568557226,2.18062232874959,1.55790781125032,1.61368015718196,1.81582162229202,1.94486147179979,1.85424242443495,2.62736949324137,0.220946111706892,1.87795592820629,1.08668779851922,0.431625579167704,0.430278926105844,1.74095988544193,0.060124352593983,0.495834278871089,0.694024367772031,0.955518626310274,0.588831351041095,0.411012420218078,0.219535840602478,0.448138304962814,0.248294529542882,0.778209014843297,0.799496207952849,1.13505346090744,6.2,2.86666666666667,6.13333333333333,6.13333333333333,3.06666666666667,2.93333333333333,3.13333333333333,3.2,3.06666666666667,6.13333333333333,4.26666666666667,6.06666666666667,2,0.333333333333333,2.13333333333333,6.8,0.2,0.0666666666666667,0.333333333333333,0.266666666666667,2,0.666666666666667,6.4,3.4,0.133333333333333,2,5.4,3.06666666666667,7.06666666666667,3.2,6.93333333333333,6.46666666666667,3.13333333333333,3,3.2,3.53333333333333,3.2,6.93333333333333,4.53333333333333,6.4,2.66666666666667,1,2.66666666666667,7,0.333333333333333,0.333333333333333,0.933333333333333,0.333333333333333,2.66666666666667,0.733333333333333,7.13333333333333,3.8,0.266666666666667,2.06666666666667,5.46666666666667,3.13333333333333,3
-0.00181126135804431,0.384344694562683,0.711822498497558,0.275093761110712,0.206316000100419,0.326058027946797,0.261381192135536,0.333802691888303,0.320706819752754,0.962408947472456,0.164287676335253,0.0895022333591371,-0.28150845721821,-0.942309836034942,-0.643206867860805,0.0752680350715261,-0.905892032372567,-0.626460567685169,-0.223975649393593,-1.34265247814126,-0.554746379384489,-0.238291550756999,0.229386259963876,-0.263586850127002,-0.144446046670781,0.212319752430587,-0.0928292050930293,0.0320840698893448,-0.0556561952150391,0.249841710280267,0.506914081813862,1.02599379047093,0.417449535070956,0.979519689355951,0.11876630789888,0.521699442645249,0.981332294756121,0.935691297772046,0.476380766953524,0.157527109224641,-0.72970236939816,-2.42843223044464,-1.51806055032143,0.403955171124408,-2.0860104319052,-0.858573173368963,-0.531555946979932,-3.0591858200045,-1.42070284066899,-0.123619190230169,0.902935228390305,0.31555976471277,-0.507610126665964,0.428252524296404,-0.543117367923421,-0.0584296298550468,0.275879244177722,0.729578523648066,1.10139761191928,1.43463410343904,0.95003897792897,1.65880105374056,0.437802782769413,0.8342026541444,1.4920904000585,1.33304381630042,0.944076395468627,0.503527159611458,0.344914473503133,-0.273520566945291,-0.0328506733816194,0.785213034723304,-0.264206193707383,-0.155630785345376,0.0448331175432624,-0.0190115286136502,-0.102347367482456,0.116298027112928,1.30331326318021,0.942506361928508,1.84023841100681,0.780345852811234,0.0874823457714336,0.241350494443176,5.6,1.46666666666667,1.73333333333333,3.33333333333333,2.86666666666667,5.06666666666667,1.4,1.73333333333333,5.06666666666667,5.4,5.46666666666667,3.33333333333333,1.66666666666667,0.133333333333333,0.133333333333333,7,0.0666666666666667,0.133333333333333,0.4,0.0666666666666667,0.0666666666666667,3.53333333333333,6.4,6.26666666666667,5.46666666666667,6.93333333333333,1.2,2.86666666666667,5.86666666666667,2.66666666666667,2.2,4.8,2.93333333333333,5.33333333333333,1.93333333333333,2.66666666666667,5.66666666666667,6.2,6.26666666666667,3.4,2.6,1.2,1.2,7.86666666666667,1.06666666666667,0.933333333333333,1.8,1,0.8,3.93333333333333,6.53333333333333,7.4,6.86666666666667,8.06666666666667,2.13333333333333,4.2,3
0.0204807138476987,-0.065257961323494,0.39013258186177,0.0667010087099256,0.137378196696811,0.254026840064205,0.254599164294765,0.376943886851605,-0.00628508851260926,0.812240009709249,0.287139758780471,0.0247786969353881,-0.252951639581245,-0.442704255455248,-0.401188415546374,0.335717354816415,-0.734521681847108,-0.617760599651404,-0.0753470872444171,-1.5022291228176,-0.530415656028126,-0.232461111682016,0.034733801853694,0.0197986930556037,-0.480616245883343,0.215762551507948,-0.264659323575052,-0.0642412720152864,0.075281979376016,-0.1379065570093,-0.302079280793926,0.136674946080671,1.13368207222716,0.233868785406025,-0.0225413570886721,-0.0418894036933281,-0.00327879723001772,1.1080951600727,-0.617450103578721,-0.0253581817736138,-0.563074827586881,-2.61399656668284,-0.991464394087809,0.98153069548325,-2.90830535910863,-0.841571270219466,-0.17842720405428,-3.71365764534255,-1.98615165288166,-0.864726343894232,0.0723522523240136,0.0554931350382975,-0.848053366306711,0.327809619141938,-0.491223855557751,-0.246169596229443,0.40215694340634,0.130298763099888,0.830753311202423,0.420618578441599,1.74112717010151,0.802208392646655,0.539440150992393,0.670089596298549,0.302665846851592,1.81898092405816,0.765128245138036,0.279243752911732,-0.0771725176854488,0.576339348685797,0.0570923913201209,1.87487793109553,0.324562698190629,-0.358308279585697,0.251993554288994,-0.166410991090144,0.102993071658345,0.0469120315704699,0.63204989186535,0.341542892711414,-0.163566333059827,0.617330109059229,-0.0520283513870422,0.180113706743614,4.73333333333333,1.73333333333333,1.13333333333333,5,3.6,3.66666666666667,0.533333333333333,1.33333333333333,5.53333333333333,5.2,0.866666666666667,1,0.466666666666667,0.0666666666666667,0.133333333333333,6.06666666666667,0.0666666666666667,0.133333333333333,2.2,0.0666666666666667,2.2,0.533333333333333,6.06666666666667,2,0.0666666666666667,4.06666666666667,0.533333333333333,0.466666666666667,5.06666666666667,2.8,1.46666666666667,5.26666666666667,4.26666666666667,4.46666666666667,0.6,3.06666666666667,7.6,7.06666666666667,1.66666666666667,1.33333333333333,1.86666666666667,0.6,0.2,6.4,0.333333333333333,1.66666666666667,2.8,0.133333333333333,3.53333333333333,0.866666666666667,7.4,2.26666666666667,1.46666666666667,5.66666666666667,1.26666666666667,1.33333333333333,3
0.566987879610191,0.392074071290761,1.26102864490279,0.695689197230406,1.43593577720709,0.506189993145336,0.151149531529084,0.435707900504419,0.791784399674952,0.758194628207197,0.0261301770745568,0.0848946742208981,0.183396175336281,0.0460514681137423,-0.0270525020439054,0.0847154058949677,-0.0622062443028735,-0.0215093752498017,-0.034926462350666,0.0532305695922289,-0.125261681397835,0.164890926042011,-0.133575368940394,-0.161371110365044,-0.764544154653866,0.16774964918448,0.268062396210502,0.179089072589136,-0.0618186537913139,0.435925716349727,1.89612214715705,0.210614195338278,1.11399840638639,0.101794349038825,0.35170398803549,0.593583353250463,1.34466705865119,0.709865570530498,-0.0906795161693264,-0.056757928928489,0.115631911347731,-0.0149072458219417,-0.10306051156515,0.280550351763387,-0.0882499807197248,-0.014443314199194,-0.412738456936199,0.0369641110418995,-0.374302115601687,0.177204743924549,-0.456984966844777,-0.115193178451682,-1.82689366466707,-0.0332911390225681,0.28484922901008,0.0427193970757259,1.13507215739489,1.75538992596752,2.71638688121822,1.51004488575041,3.83873862969145,1.01032024523539,0.643630424299528,1.18570075202354,2.10021453669488,1.42357952727605,0.523653407258554,0.789571894999242,0.629484850461888,0.274015309110475,0.248308843110012,1.00681328873081,0.251386651976089,0.299655797137266,0.724561451323865,0.335588247381554,0.140010973177374,0.739160376986391,0.141079859184375,0.470980455834194,0.42781009667252,0.534390621264072,0.58957987897212,0.606934551482876,2.2,3.06666666666667,3.06666666666667,2.33333333333333,2.2,2.4,3.06666666666667,2.53333333333333,2.4,0.333333333333333,1.73333333333333,2.73333333333333,2.13333333333333,1.6,2,6.93333333333333,7,1.6,0.2,2.2,0.533333333333333,2.46666666666667,1.6,1.66666666666667,0.0666666666666667,2.13333333333333,3,0.2,3.13333333333333,6.33333333333333,7.06666666666667,3.66666666666667,3.6,2.93333333333333,3.53333333333333,4.86666666666667,5.26666666666667,2.93333333333333,1.8,2.8,3.2,2.6,2.53333333333333,8.2,9.66666666666667,6.2,3.66666666666667,6.66666666666667,1.6,3.6,1.8,4.6,0.2,2.4,4.06666666666667,1.53333333333333,3
0.00260100849642551,-0.0275863136700948,0.678063961482108,0.437251202882279,0.131609190361649,0.577704099658333,0.239241443902306,0.280165680746371,0.15491485550352,0.515472133147112,-0.331258329054975,0.115674018841893,0.556934710702977,-0.374331501559608,-0.0852786033650317,-0.133017566630506,-0.252959899043278,-0.483679172441717,0.672901580351247,-0.328495643116979,-0.332794173210818,0.495804252609903,0.260798304177121,-0.0788846017789186,0.922969042838519,0.187653668857251,-0.0920365024823967,-0.0892702749999659,-0.291072163065302,0.234211619637828,0.418642735054091,0.579820314225973,0.980826678845728,0.932569725725095,0.168596220179346,0.487148586671228,0.325596466095431,0.38112218729725,-1.28747521405024,0.133261214808234,-0.0922535247214204,-0.798325480773586,-0.618902155558344,0.133652775960145,-0.563445632613032,-0.561391192180022,-0.0748798796681392,-1.68464106232067,-0.911808735390051,0.0911040975279301,0.505212795926589,0.468084928933411,-0.481320166109276,0.384855417772954,-0.0891652545061026,0.233787488483062,0.384470137862165,0.763252132119644,1.57988587563489,1.02881949432497,2.44320483460784,1.81595860720321,1.02152386355679,1.32413514930532,1.2196917179664,1.35722570296021,0.612523595282506,1.18788729560083,1.35214262332862,0.185871914287257,0.582576108797593,0.586248419936956,0.658351515752902,0.306283835485218,1.2630041223566,0.746699702595122,0.281673142729101,1.04340591798402,0.926385536256278,1.38606919288029,1.9230400849846,0.793550392641054,0.360599096086585,0.701394610872,0.333333333333333,3.2,2.13333333333333,2,3.73333333333333,3.66666666666667,2.46666666666667,2.13333333333333,3.93333333333333,2.2,0.333333333333333,2.06666666666667,0.266666666666667,0.6,0.133333333333333,4.26666666666667,0.133333333333333,0.266666666666667,0.8,0.2,0.266666666666667,2.13333333333333,7,4.13333333333333,0.6,2.2,6.06666666666667,5.53333333333333,0.6,8.26666666666667,3.8,8.46666666666667,7.6,10.2,3.66666666666667,6.13333333333333,10.5333333333333,3.53333333333333,0.533333333333333,5.6,0.866666666666667,0.666666666666667,0.4,8.2,0.266666666666667,5.46666666666667,1.73333333333333,0.533333333333333,5.8,3.8,10.4,9.4,1.33333333333333,8.53333333333333,8.46666666666667,11.6,3
0.898764625640249,3.35029487519623,7.9907135831248,6.23788730848013,7.71684511367992,3.99522737035639,1.89961907003368,2.56526827781453,5.12478644593311,4.75179457212208,-1.32480414684436,1.03175506358539,1.16314904725594,-0.984855295882045,0.363658092367845,0.421737537617446,1.06634668461147,-1.26209033838003,1.75675885766421,-0.509979491593512,-0.411180871062282,0.0714248965061055,-0.100291567781125,1.24426750806261,0.350802287242517,0.835803070295881,0.654695862191549,1.09264962591292,1.6436130951577,1.81748911472078,8.59161099644618,7.33814959460924,6.39290530932405,2.74185309679767,2.08766848884302,2.88410895113464,8.35396115779005,5.09352959648317,-2.85556107034383,0.536265225409929,0.325253135837615,-1.91691502809093,-0.905622963823097,1.47303490824373,-1.49427907503841,-2.26328500835872,1.90683511331268,-6.55450210868313,-1.81582315377715,-0.413439833187663,-0.479448418193128,1.36651672908273,-4.16778885709309,0.31358147073558,0.148762311109022,-0.3372625019356,2.4428704095474,6.43521226420585,15.5833866514319,13.0158999272675,10.9280401499667,6.58945230738124,3.72515828475774,6.07487103457457,14.3563373120612,7.55769103397867,-0.177692910203082,2.15709542325623,2.33199985100104,-0.000634337219646539,1.57127041669004,3.24913879575859,3.260407062048,1.30998651515074,3.45465251029042,2.78454119873084,1.27423887057175,1.81994423018101,0.673176748207119,2.99770555279984,1.79453629676917,1.57744693060658,1.68038622936161,1.71002297383933,2.6,2.33333333333333,2.26666666666667,2.26666666666667,1.06666666666667,2.2,1.86666666666667,2.53333333333333,2.26666666666667,2.66666666666667,0.0666666666666667,2.33333333333333,1.06666666666667,0.2,0.533333333333333,2.86666666666667,0.4,0.4,2.46666666666667,0.466666666666667,2.86666666666667,6.73333333333333,0.4,7,0.533333333333333,1.8,0.666666666666667,1.13333333333333,6,6,3.86666666666667,4.46666666666667,2.33333333333333,3.86666666666667,2.86666666666667,3.53333333333333,5.8,6.53333333333333,4.53333333333333,4.8,2.4,0.533333333333333,0.666666666666667,4.4,0.733333333333333,3.53333333333333,3.8,0.533333333333333,3.13333333333333,10.5333333333333,2.26666666666667,9.6,4.93333333333333,4.33333333333333,1.86666666666667,1.2,4
-0.0455870363043755,0.323257843171632,2.02805285651048,1.76723787094826,0.822713832130506,0.0817292189605072,0.39238392182823,0.073761221734208,-0.659524624173516,0.962799592258566,-0.303237326599522,0.184614559326947,0.747003984615776,-0.153481327827258,0.0135430505935001,-0.0942671871328047,-0.137491286171369,0.0607673849731225,0.527692155854098,0.189242980297125,-0.0247844399019811,-0.293294363887081,-0.15207221075512,-0.108256530522833,1.45829478966329,0.0983985622697404,0.519472229496165,-0.0622624092894178,-0.175749400179471,0.00820646514674733,0.571400428296236,0.972565014544371,0.332486436277742,-0.248954034173649,-0.107233181898164,0.00767671244403807,-1.30611227758294,-0.0735688467636839,0.414532132978597,-0.285154624101099,0.193302190975973,0.317012108680211,0.196320102943283,-0.054907453146433,0.0541429941585685,0.0110477360698463,0.246025209409783,0.460918325599198,0.0848161726800121,-0.00553489817318648,-0.0943029526337808,0.0479781264663144,1.32824160279305,0.00152639357777913,0.179347709112244,-0.0483484665718411,0.117988501178346,0.7877929068072,2.74145852434551,2.28311577783531,1.21869861353767,0.603058103124923,0.728244172041044,0.279856020565456,-0.209758363604385,1.59342378915358,1.08006848823987,0.563942103372869,1.46950272273176,0.496526853943511,0.572299034530348,0.306640674300706,0.274748307629994,0.650880951600014,0.798482033752215,1.10525042742027,0.494162967654038,0.466376375941799,0.083560376651158,0.526089583683992,2.11684947047361,0.410595540549483,0.835073883111903,0.242332255701153,0.466666666666667,2,0.733333333333333,0.8,0.666666666666667,0.666666666666667,0.6,2.4,0.533333333333333,0.6,6.53333333333333,0.4,0.466666666666667,3.6,3.53333333333333,5.26666666666667,6.26666666666667,5.73333333333333,1.73333333333333,3.53333333333333,6.06666666666667,4.6,3.46666666666667,5,4,1.86666666666667,1.86666666666667,4.13333333333333,0.8,2.26666666666667,2.86666666666667,5.2,2.2,1,1.93333333333333,2.86666666666667,0.666666666666667,2.06666666666667,11.1333333333333,0.733333333333333,1.06666666666667,8.73333333333333,9.86666666666667,8.26666666666667,10.2666666666667,11.3333333333333,3.6,8.86666666666667,10.4666666666667,8.4,9.33333333333333,10.8,6,7.06666666666667,2,5.73333333333333,4
0.710042679659835,0.995185453517227,5.63537627293167,3.06111776356839,2.40557252274214,0.827704294335587,1.63541385181915,-0.24960986434165,0.778697818178459,4.1042749521657,-0.406893549090961,0.823228892313896,2.12595520197552,-0.702720007036492,0.00864861976775995,0.066915559532809,-0.628748248918797,-0.784991983797114,0.611336729093763,-0.867899620809247,-0.637889680070442,0.636280542638072,-0.297596461936503,-0.954924838340192,3.04372857416127,0.695083643682551,0.796367477713583,-0.184133831049351,0.618196481219901,0.843031768450671,4.14413721335674,4.77391613847005,9.06861921771318,4.37822627408833,0.736222624436287,-0.586140802412547,4.56021984494571,2.31830761205355,0.274573431053861,0.13106542436448,2.94554584076282,-0.695094679146929,0.400637101557856,0.389056692172684,-0.442733037135729,-0.958792905392712,0.335636691296876,-2.40839459965852,-1.58058816322798,0.481907698529022,-0.609615820359523,-9.12854161023898e-05,3.9136992414519,0.896261578715582,-0.73788716294893,0.314707292945241,1.23062032184561,2.28712078372011,7.23612535289715,5.4468393952661,11.0614146630612,5.83289413490181,2.72894810250187,0.696395030075319,5.04517530973772,5.28502501005194,0.801711307403798,1.44157458355237,5.04081955183473,1.12728600053025,1.19951566494755,0.961785930370397,0.913926887363984,0.702172712869052,1.39522676044851,0.685443134766885,0.770973498005274,1.17532497241113,0.137469326184336,0.819837263550759,5.4133181946904,1.7688227410261,1.41102944847491,1.21963740679366,1.2,6.66666666666667,0.933333333333333,3.26666666666667,3.26666666666667,2.8,1,0.266666666666667,6,0.933333333333333,3.26666666666667,0.866666666666667,2.8,7,2.8,3.53333333333333,4.86666666666667,0.133333333333333,2.13333333333333,0.2,7,0.4,0.466666666666667,2.66666666666667,5.2,2.73333333333333,1.4,5.6,1.33333333333333,9.2,4.26666666666667,9,7.93333333333333,3.66666666666667,2.26666666666667,2,7.46666666666667,3.26666666666667,8.13333333333333,1.4,5.8,12.6666666666667,8.13333333333333,6.66666666666667,9.8,4.33333333333333,7.73333333333333,6.06666666666667,11.7333333333333,4.73333333333333,6.06666666666667,5.06666666666667,6.86666666666667,6.13333333333333,2.4,11.2,4
0.479865736358599,0.337861909984706,2.91519560576894,1.01119758001705,0.765650979458627,0.0211202838608788,1.27136302302386,0.353045847209313,0.41597036395838,0.690646922880416,-0.42245206176882,0.823600746892984,-0.300148794980951,-0.62517139460001,-0.617855763461434,-0.459285530728542,-0.648312444377882,-0.293689063638754,0.173125302683972,-0.303671868615969,-1.65221410196805,0.0943581251148125,-0.5604352748794,-0.340979452680444,-0.0103312336281026,-0.0566379756283121,0.582626584222107,-0.0911558848581771,0.130611243075157,-0.0622745969796008,2.01853900950175,1.49854969040478,0.366030834536864,-0.0656680559100377,0.693653214291927,-0.0539039385906639,1.12098334726355,-1.60333287889615,0.179378179676014,0.266699326126441,-0.788002253361151,-0.440415280529846,-0.650843943275095,-0.559210794933007,-0.135910471928429,0.0618919157608453,0.940721741886451,1.02186165105843,-2.25492413453058,0.787544378433854,-0.456173497569879,0.183872196497734,3.96487579143683,0.29363469590727,0.327655227367028,0.360951877917454,0.742866471215203,0.915909506327214,4.51128662060172,2.11245452318469,1.3305789996233,1.09925199042391,1.81555759244633,1.34330612719434,1.72125155346127,1.41114135222899,1.08349452352638,1.291783124574,0.357357581518836,-0.0427385923568706,-0.171444819037505,0.130823484851327,0.482201856682086,0.921833487586382,1.68724171093864,2.37651596697338,-1.21301473152005,1.40130789601,0.300638386577421,0.690078908824573,6.00246852375102,0.750728700651473,1.05182627245396,0.793546626074857,1.4,1.73333333333333,0.8,4.6,0.0666666666666667,2.8,1,0.266666666666667,4.86666666666667,0.666666666666667,6.46666666666667,0.666666666666667,0.0666666666666667,5.06666666666667,4.93333333333333,0.533333333333333,4.06666666666667,4.53333333333333,4.2,4.86666666666667,0.666666666666667,3.66666666666667,6.8,4.06666666666667,5.2,5,1.86666666666667,2.93333333333333,1.93333333333333,2.6,3.06666666666667,6.73333333333333,0.933333333333333,4.4,6,1.66666666666667,5.86666666666667,0.733333333333333,11.6666666666667,1.26666666666667,1,8.8,8.53333333333333,2.66666666666667,6.66666666666667,10.2,7.8,7.86666666666667,6.26666666666667,6.33333333333333,12.0666666666667,6.66666666666667,7.6,5.86666666666667,3.46666666666667,4.66666666666667,4
0.291459183132544,1.41148731204491,0.845471579431027,0.764321113956748,0.553387610614108,0.169186306298251,-0.0153855970431569,-0.593572847983462,0.385296145052411,1.16439998350863,0.308875360978869,0.317291681050663,1.16298539580234,-0.145945578043306,0.389951706183137,0.384421840029984,-0.0528341253978266,-0.416593498897528,0.198499666963962,-0.43918958531634,-0.58332571318905,-0.194552851572371,-0.353219581032878,-0.166047867480843,2.25287932885674,0.134947025345762,0.136281682967288,-0.0576471155341472,0.549673927522205,0.0996120203082781,0.812649294408108,1.35893326417445,2.44280027922113,0.820277996730338,0.149727270597333,-0.0705565902741861,2.64510696723793,0.922078373233598,1.78616365078767,0.298834136998492,1.96010528075748,-1.10188683662517,0.235903565427591,0.789090517166222,-0.422386125781982,-1.27091215979743,-0.121784895137162,-2.27496228019721,-1.43148674357745,-0.804403327312857,-0.0459011641172182,0.27977882659057,0.0288794542990767,0.31849826220297,-1.29687614982107,-0.00780776712564371,1.02974248171442,3.76962038372534,1.67973717182108,1.90183806162291,3.82598495466578,1.99727663732667,0.56115015706878,0.577158485151975,4.23788665644653,1.84119524988388,2.78465763608804,1.10916966166878,3.33745523656831,0.726416051698727,1.53246395970795,1.34658693561272,1.36650792408696,0.547909976591675,1.15883189486013,0.728929662316906,0.472983689304382,0.121472611633486,0.87466189969348,1.79819285008895,3.30153575883054,1.1806845081073,0.45973324128257,0.580378948181834,3.4,1.93333333333333,4.53333333333333,4.4,3.53333333333333,2.93333333333333,4.26666666666667,4.13333333333333,4.8,1.66666666666667,4.13333333333333,3.13333333333333,2.86666666666667,0.266666666666667,2.33333333333333,4.93333333333333,2.66666666666667,2.4,2.26666666666667,0.266666666666667,2.53333333333333,1.33333333333333,6.8,4.86666666666667,1.6,6.66666666666667,2.13333333333333,2.93333333333333,3.93333333333333,2.13333333333333,6.66666666666667,6.6,5,4,7.8,5.06666666666667,4.93333333333333,3,7.13333333333333,6.46666666666667,3.6,0.6,2.86666666666667,6.06666666666667,2.73333333333333,6.06666666666667,3.06666666666667,0.466666666666667,2.66666666666667,1.4,10.2,7.4,4.66666666666667,8.4,3,3.26666666666667,4
0.113305702891655,-0.239172423493833,1.27306324767027,0.59950600466464,0.839427653733437,0.638996819359678,0.0513203282969852,-0.0825376879748951,0.67962937234173,1.12889151768995,0.966535729425923,0.217365945163702,0.886719792299727,0.430534810959885,0.15947672838235,-0.63808992186651,-0.192984773261462,0.107322351663514,0.0659954040364504,-0.304469443911131,-0.317948310113354,0.23523503498664,-0.0873472117921765,-0.571226925902711,1.97297335851046,0.107491290211918,-0.158557266969163,-0.348548783529043,0.0208674425583602,-0.466026437892913,1.37129062753871,1.20156046026423,2.02219066676779,1.79475361684303,0.0594030429683012,-0.379870710359432,1.34825651334636,0.666369260771717,1.83948713887973,0.385622304157551,3.13543369689409,1.37928437807226,1.57770814653379,-0.263003885843709,0.493383988464929,0.108318762320009,-0.100097960589862,2.6569805664135,0.244161213531099,0.630319471591759,-0.152084532071973,-0.561697525554208,2.67898369714527,0.0554080188141109,-0.519828532073075,-0.141185789511388,0.412932655111259,0.371108514376927,2.52094100153971,2.28459012211116,5.90265441392856,4.00086867335613,0.704111398924716,0.763354687612703,3.89280424903537,1.92969802449626,2.90965586489688,0.790728855188969,4.82013105860429,2.19458840174929,2.78912831709704,0.0972629808178447,1.38166420935124,2.31145954043206,0.526664074436972,4.16733850791771,0.985939232844381,1.25853859343974,0.459072867412635,0.503926087302016,4.83054243254233,0.783424261837512,0.690818688533518,0.16491872459793,0.533333333333333,2,3.2,6.06666666666667,6.13333333333333,6.4,1.93333333333333,0.333333333333333,6.13333333333333,1.33333333333333,6.33333333333333,3.13333333333333,5.66666666666667,3.4,5.6,2.26666666666667,3.33333333333333,2.93333333333333,0.533333333333333,3.2,3,4.13333333333333,4.93333333333333,6.66666666666667,6.33333333333333,5.53333333333333,3,2.93333333333333,3.73333333333333,2.73333333333333,6.6,10.3333333333333,10.0666666666667,10.2666666666667,3.53333333333333,0.666666666666667,10,7.53333333333333,9.73333333333333,8.86666666666667,7.26666666666667,7.53333333333333,12.0666666666667,5.86666666666667,5.73333333333333,8.06666666666667,6.73333333333333,8.8,5,6.73333333333333,10.2,13,8.33333333333333,10.9333333333333,5.66666666666667,5.8,4
-0.0107999480639032,-0.0302360741375493,0.664144136050226,0.374862997752862,0.0604417500855147,-0.156962970963371,-0.00451187422748577,0.0333294160814887,-0.270782566796631,1.11948578805427,-0.657748488598226,0.293463445997976,0.453711948857009,-0.542303955326906,-0.0792125914113253,-0.0358658262518775,-0.400955024640923,0.0945780599183409,0.22934702493844,-0.759736182909113,0.298726304253599,0.0933832224492205,-0.428484728085367,-0.400072099545159,1.07079194667061,0.10794044979367,0.579866465584009,-0.191459320969594,-0.145475596091806,-0.155419295843963,1.26727117780247,0.380042849544569,1.06044668608416,-0.217417220449333,-0.0979212013960552,-0.12365505647956,0.507467184047041,0.634334872879942,0.33856853185643,0.134872175669404,0.183943021234133,-1.54589646127216,-0.47464921957108,0.0267804487070907,-0.837169207568579,-0.322611501960964,-0.157873004052955,-2.04196113686445,-0.970317825041771,-0.105846240166586,-0.758916077076613,-0.336950458000296,1.25485143032676,0.370638502792963,-0.094420393126,-0.296893354702382,0.387257073008641,0.500879637485447,2.39261523218075,1.00095392513025,1.9198297034842,0.720417938361634,0.359670499400923,1.10428762828252,0.944453920224222,2.76414338785948,2.92400914008887,0.741322474433975,1.15380709205148,0.542176116044626,0.416065880953568,0.493950700096843,1.00516030798876,0.761672440595148,0.58541120178145,0.616992832056959,1.25406410704289,0.455867303107687,0.0237945133016519,0.0669805190710188,3.08781129327602,0.698686295745566,1.01947107141838,0.207526928429135,6.2,2.66666666666667,1.86666666666667,6.93333333333333,2.6,2.6,2.33333333333333,6.33333333333333,4.46666666666667,1.66666666666667,7,4.86666666666667,1.4,6.06666666666667,1.33333333333333,6.73333333333333,6,5,2.13333333333333,6.13333333333333,1.06666666666667,0.333333333333333,0.133333333333333,3.93333333333333,4.46666666666667,3.8,1.2,5.26666666666667,6.53333333333333,3.33333333333333,2.46666666666667,7.13333333333333,3.33333333333333,3.46666666666667,2.6,7,4.53333333333333,2.53333333333333,7.66666666666667,5.66666666666667,1.6,6.26666666666667,1.6,7.46666666666667,6.2,5.13333333333333,2.2,6.2,1.2,0.666666666666667,0.6,4.73333333333333,4.66666666666667,4.6,1.4,5.93333333333333,4
0.13062469035099,0.224108438503932,2.04367827504642,1.13981259164174,0.944204168186343,0.601897869483402,0.0695086371747305,-0.0323503004849394,0.598941159580726,1.61818713876374,0.485097652947854,0.391970018590975,1.27707103641513,-0.0861633616389123,-0.129646133494572,0.200026018772752,-0.236251730233644,-0.225234463469857,0.14229159631052,-0.401611622159041,-0.0233391277246341,0.236132391065738,0.0622910178375034,-0.190780753075688,-0.310679684980655,-0.136217734170709,0.0309178803385094,-0.242616274921211,-0.0867426536217594,0.176627378882896,2.09674857130599,1.59482536072755,2.06934548921511,1.38512554813135,0.0030110403314234,0.0542331565730495,2.15556493482534,0.968592823935914,2.22206247677507,-0.0848225301542,1.5496332488049,0.120750116844208,0.0479773774295903,0.164997786911155,-0.290725124772353,-0.100156232483011,0.0547678030184637,-0.248562955302227,-0.120588350107038,0.524080728399888,0.0819873190156139,-0.218396295476084,-1.11476162709112,-0.13342431017351,-0.489664325847769,-0.191589160322461,0.704922360879203,1.28550640517158,3.44330306910338,2.39598092738641,3.68170993212548,2.1653994973513,0.315666509531073,0.723244377681274,2.91018293275973,2.13521312182518,3.08950846613995,0.735977238533772,2.78501544305722,0.710364128613884,0.736817511649582,0.517122141728591,0.302133394361639,0.776170689295093,0.785103299769623,0.568661408529543,0.527080922863791,1.22387355258549,0.406912347677598,0.215891183301307,0.404361669233252,0.496994856260429,0.379806078054057,0.372489947109357,4.46666666666667,4.33333333333333,1.8,4.4,1.86666666666667,1.73333333333333,0.933333333333333,5,2.26666666666667,0.466666666666667,5.46666666666667,0.8,1.86666666666667,2.86666666666667,4,3.66666666666667,6.66666666666667,6.8,4.8,2.26666666666667,6.53333333333333,5.93333333333333,3.6,6.66666666666667,1.8,4.46666666666667,0.333333333333333,6.73333333333333,5.06666666666667,4.53333333333333,2.53333333333333,5.33333333333333,2.33333333333333,2.4,2.6,6.13333333333333,4.86666666666667,1.73333333333333,6.26666666666667,1.4,2.33333333333333,5.4,4.2,5,9.13333333333333,9,7.33333333333333,4.6,8.8,6.6,5.86666666666667,9,4.4,6.4,0.533333333333333,7.86666666666667,4
0.546551898855279,0.0255435316456503,1.51445533911818,1.26885766086233,0.483169470700294,0.777810460289891,0.0185310756698244,0.288952376019097,0.518733486471872,0.663129581881772,-0.0103386377064061,0.564988610259436,1.14930941923011,-0.851111622978336,-0.237102788540277,0.68116317987428,-0.655539565621078,-0.927252787107186,0.363464837162048,-0.972028711074085,-0.279581394679304,0.349179358381093,-0.291328998131882,-0.344036357515733,1.63977108392414,0.580143101205931,0.00332652923565649,-0.234737050888326,1.63582766677284,0.354868375753842,3.71246607804135,2.49762187096864,2.17953242413024,1.27540498630871,0.374149083915506,0.794067220412009,2.588791631359,1.26025718558241,0.413662023245845,0.91237016564324,2.6028751836108,-2.07516425789091,-0.541154333748997,0.582840809203547,-1.73905494920363,-1.50122722322481,0.00207259487889812,-2.25285497096746,-1.69194820187215,0.939668615912492,-0.784747882705348,0.105296024999388,2.61923178846132,0.755290636912035,-0.483085766584454,0.404959689145181,2.12051139446044,0.954740198011842,4.47572022876359,3.01503797273659,2.86405034451824,2.20228653035741,0.696247975461133,1.45709597132804,3.54452620121016,1.77655304739772,1.88304388030347,1.41756791321211,3.54638828059048,-0.239910711818906,0.502741448820878,1.1928500967142,0.0237165800807288,-0.511433775354033,1.1506305842453,-0.326117005072244,0.422047143273928,1.62021867067693,-0.0855761275188326,0.753178962950954,4.09994928425932,1.26754094454868,0.387697925389878,0.823156406439935,3.53333333333333,3.93333333333333,3.53333333333333,3.6,3.66666666666667,3,4,3.6,6.86666666666667,3.13333333333333,6.33333333333333,3.53333333333333,3.53333333333333,0.133333333333333,2.13333333333333,0.266666666666667,1.86666666666667,1.53333333333333,2.73333333333333,0.133333333333333,1.53333333333333,2.66666666666667,0.933333333333333,2.73333333333333,3.6,2.8,1.53333333333333,5.06666666666667,6.73333333333333,4.06666666666667,6.8,6.86666666666667,6.6,5.13333333333333,5.6,5.53333333333333,8.86666666666667,5.6,8,4.73333333333333,5.8,0.333333333333333,2.53333333333333,0.4,2.26666666666667,4.4,2.8,0.2,1.66666666666667,2.73333333333333,4.26666666666667,3.6,4.2,6.13333333333333,2.26666666666667,5.86666666666667,4
0.215230082189088,-0.169904942736055,0.469004462906354,0.176834662684758,-0.00321453529715976,-0.0216815319387813,-0.00639775561062032,0.0812335187029722,0.0123743729518859,0.674981747875282,0.695191370972024,0.121628469450819,-0.09558056639238,-1.94742248388435,-0.330155285015262,0.216224241333613,-1.54296962117907,-0.851162884863926,0.215753912404533,-1.33314012601917,-0.633029905623638,-0.434372224306428,-0.0678305526150221,0.241501735319933,0.658394149826592,0.0653231519893364,0.0574688324586066,-0.210332963582132,-0.266451244066135,-0.366103915553478,0.309633125957588,0.519610490053415,0.504789301843966,0.266196897410629,-0.00549962465904399,-0.37117149213496,0.54232522360384,-0.0338318269418664,1.991880390052,-0.0581913940489896,-0.550924928964674,-2.51797692281981,-0.191844758412091,-0.0617422774696049,-1.47502145127186,-0.442607004495282,0.110942142268488,-0.36422638680951,-1.04498241205914,-0.579842238159555,0.169010561954378,0.520728610703183,1.60250907905577,0.0862733033827953,-0.334920004429867,-0.273072923194659,0.413215502085938,0.221629054734134,0.800180465611674,0.868425595622492,1.73837555718744,0.863300672902072,0.224362788629817,0.318901294419008,1.58678215452298,1.04337686026914,3.74105586945684,0.403867257259397,0.216852088383434,-1.14305143955938,0.394113810350285,0.469295831267656,-0.53472496810251,0.09206128922457,0.705442337186942,1.13226062734299,-0.232407143952403,-0.151374656694002,0.350305222117752,0.859515443090824,2.6271680664154,0.35903065446996,0.310592308832012,0.0925020629963105,1.4,4.86666666666667,1.2,4.86666666666667,4.8,4.93333333333333,0.333333333333333,0.333333333333333,5.4,0.733333333333333,6.2,0.4,0.333333333333333,0.133333333333333,4.86666666666667,1,5.06666666666667,4.6,6.26666666666667,4.86666666666667,0.133333333333333,5.8,4.13333333333333,3.33333333333333,4.86666666666667,2.33333333333333,0.466666666666667,0.0666666666666667,1.86666666666667,8.33333333333333,1.53333333333333,5.46666666666667,9.73333333333333,5.4,1.86666666666667,0.4,8.66666666666667,1.6,8.4,0.933333333333333,0.866666666666667,4.53333333333333,8.86666666666667,1.13333333333333,8.8,7.8,7.06666666666667,8.8,0.333333333333333,10.2666666666667,8.33333333333333,3.8,6.33333333333333,4.8,0.6,5.33333333333333,4
