-0.533272933,0.384046467,-0.24032187,-0.562657954,-0.338374132,0.069678419,-0.299277206,-0.083769942,0.112345052,0.417975436,-0.324116131,-0.414364098,0.299675595,0.326548181,0.256244954,0.496790379,-0.077170632,0.056700893,-0.517142276,-1.274015796,0.837566493,-0.118930463,0.194755287,-0.436656553,-0.014145214,2.202499741,3.966789038,1.795865162,0.273735195,1.368327474,3.569208125,0.316089772,1.570846183,2.498008069,2.040759129,0.910333293,1.440156121,1.241310105,1.155380738,1.397943528,1.339219906,1.885336525,0.322832082,0.415492073,-0.246914333,3.74313155,0.137296133,0.447511848,-0.066039778,0.368535646,5.866666667,6.066666667,5,0.4,3.266666667,5.266666667,0.2,5.066666667,5.466666667,6.933333333,5.333333333,3.333333333,5.6,4,3.333333333,3.266666667,3.066666667,0.8,6.733333333,5.2,3.066666667,0.533333333,7,0.8,0.266666667,7,6.8,5.8,0.666666667,4.266666667,5.4,0.266666667,5.533333333,5.8,7.066666667,5.4,3.4,6.733333333,4.666666667,4.533333333,4,3.6,1.8,6.8,6.266666667,3.466666667,1.333333333,8.066666667,1.2,1.4,1
0.296303027,-0.361575134,-0.219690323,-0.256686507,-0.180627447,0.013454317,-0.001834004,-0.009526004,-0.229196082,-0.514400038,0.047121604,-0.236865516,0.117231526,-0.478032022,0.017302645,-0.011921753,0.075673611,-0.499764111,-0.250393588,-0.199166755,-0.158141751,-0.019824149,-0.248571378,-0.023124314,0.113475491,1.647693417,2.239356166,0.846321786,0.473694164,1.735458772,1.288440851,0.889732156,0.519162571,0.290351423,0.840928604,1.135615928,0.803453587,2.011343034,0.787907084,0.919217165,1.783985375,0.813752608,-0.028202976,0.623478285,0.671899587,2.396522591,0.39449656,0.083289235,0.3720305,0.436400497,5.266666667,6.866666667,7,5.733333333,6.666666667,6.333333333,7,5.2,7,6.2,4.6,7,7,1.4,6.133333333,6.8,6.133333333,0.2,5,5.266666667,6.2,3.933333333,0.066666667,4.933333333,4.4,5.4,7.666666667,7.066666667,6.666666667,8.333333333,6.4,8.2,5.333333333,8.6,7.533333333,5.266666667,7.066666667,7.333333333,1.666666667,7.6,7.4,7.733333333,1.333333333,5.066666667,5.533333333,7.666666667,4.066666667,0.733333333,5.266666667,4.6,1
0.170669431,-0.421560496,-0.08351144,-0.146346038,-0.216996483,-0.231984872,-0.036333891,-0.304054923,0.143391997,-0.21558608,-0.08504459,-0.074063256,-0.067314128,-0.302683554,-0.209312625,-0.18170016,-0.079309641,-0.750345049,-0.080507314,-0.13593422,-0.384648085,0.055356164,-0.067874912,0.241826506,0.002178198,1.3832395,0.235169529,0.335520285,1.538249978,0.079478927,0.338566824,0.604302037,0.170601652,0.522785477,0.431326066,0.191810316,0.349012193,0.600584995,0.041293977,0.403652238,0.31084082,0.72048607,1.491011617,0.197767891,0.732667516,-0.065730246,0.239458279,0.492363168,0.820148531,0.452461585,6.2,6.4,6.666666667,6.866666667,5.533333333,4,5.066666667,7,6.666666667,6.466666667,6.333333333,4,6.2,0.133333333,4.666666667,0.2,6.333333333,3.266666667,1.4,6.933333333,0.666666667,1.333333333,4.4,4,5.933333333,7,6.666666667,7.066666667,7.133333333,5.933333333,4.333333333,5.533333333,7.066666667,7.066666667,6.866666667,6.4,4.066666667,6.933333333,0.733333333,5.333333333,0.466666667,7.133333333,4,2,7.466666667,0.933333333,1.466666667,5.066666667,4.733333333,6.266666667,1
0.386577068,0.158076357,-0.023467574,0.44527452,0.733553458,-0.043314242,0.065636772,0.225181321,0.006550984,-0.240055608,0.089325868,-0.10689819,0.499875974,-0.389370059,-0.001944346,-0.070264156,0.030654052,0.591825039,-0.088799913,0.433399507,-0.043436867,0.138752123,-0.380624729,0.410202927,0.104174911,0.908789448,0.462110294,0.488011609,1.303737058,1.900255737,1.00812829,0.495285168,0.49642898,0.656406331,0.05016058,0.556319564,0.779270037,1.141220207,0.853166505,0.284678974,0.497774795,0.553131206,1.198925118,0.470146547,0.790436554,0.453916797,0.525105588,0.067951345,1.19460397,0.471204724,0.4,1.466666667,1.333333333,0.533333333,1.333333333,6.4,4,0.6,5.666666667,5.6,2.8,2.2,1.333333333,3.466666667,0.333333333,1.933333333,5.8,0.266666667,4,0.6,6.466666667,4.666666667,2.666666667,6.866666667,1.866666667,1.333333333,2.866666667,2.2,1,3.266666667,8.066666667,4.8,1.533333333,11.26666667,10.6,3.533333333,4.133333333,4.333333333,6.266666667,2.4,3.666666667,11.8,1.466666667,7.2,1.466666667,7.266666667,5.466666667,5.466666667,12.53333333,2.866666667,1
-0.005878874,-0.281755595,-0.284379306,-0.31007135,-0.155605413,-0.41578355,-0.001032389,-0.254864603,0.007424725,-0.285648561,-0.21914388,-0.164114229,0.396521664,-1.210033921,-0.266946667,-0.23057246,0.079220488,-0.425371994,-0.279329445,-0.085005812,-0.294213256,0.089354402,0.468336896,-0.05621217,0.111406054,0.370733759,0.033783151,0.393914638,1.098854263,0.193500762,2.602393851,0.699076472,0.048513402,0.348335961,0.309599723,0.152228949,0.32370972,0.903298531,-0.429445283,0.232066019,0.269512978,0.589433012,0.148312427,0.247759499,1.249064319,0.741869496,0.327803112,0.994714108,1.012254833,0.499344982,3.666666667,0.066666667,2.133333333,5.933333333,1.8,5.733333333,3.066666667,3.333333333,5,5.466666667,5.333333333,5.533333333,1.933333333,2.266666667,3.933333333,5.6,2.066666667,5,4.066666667,5.933333333,5.733333333,1.6,3.066666667,6.466666667,5.6,3.933333333,2.066666667,2.733333333,6.6,2.133333333,9,3.2,5.466666667,5.2,7.266666667,7.133333333,7.866666667,2.266666667,2.533333333,4.4,7.666666667,4.8,6.333333333,6.533333333,8.733333333,7.466666667,2.733333333,3.266666667,7.933333333,6.533333333,1
1.780120596,-0.121473654,0.611754598,-0.097121409,0.378398844,-0.414306544,-0.050659836,0.238698532,0.546532259,0.637151422,-0.291766433,0.366019727,0.523744288,-0.036355154,-0.243392902,0.020011798,-0.249695547,0.678834811,0.577401431,0.176255682,-0.309668166,-0.278219055,0.310767395,0.636446843,0.039432883,3.127351827,0.327524801,1.291104828,0.231348217,1.135923785,-0.130312876,0.529651683,0.788501741,1.038962269,1.906472865,0.374047301,0.941167462,0.85662083,0.450628619,0.31726608,0.966031225,0.213743117,2.938887405,1.479423466,1.087137912,0.115619277,0.359051398,0.735442772,0.927558445,0.330959199,5.2,6.866666667,3,0.933333333,6.866666667,0.933333333,7,6.8,4,4.533333333,5.066666667,4.266666667,1.066666667,3.666666667,0.266666667,7,4.533333333,6.466666667,5.733333333,3.866666667,0.666666667,6,2.133333333,1.466666667,0.6,6.666666667,8.666666667,3.733333333,1.866666667,7.466666667,1.133333333,8.733333333,8.333333333,5.666666667,5.333333333,6.866666667,5.133333333,1.2,4.8,1.933333333,8.733333333,6.133333333,6.8,6.6,4.933333333,2.466666667,7.866666667,3,3.266666667,2,1
0.169466444,-0.053383142,-0.745606085,-0.297319743,0.012407662,0.10626602,-0.100741337,-0.0455694,-0.050720356,7.54E-06,-0.17572733,-0.113933073,-0.137009098,-0.143003812,-0.088987622,0.048067037,-0.179614721,0.10253863,-0.000241262,-0.406147654,-0.043657483,-0.110865215,0.024539452,-0.272345187,0.004211722,0.394125852,0.128988295,-0.241266249,-0.01617408,0.512929699,0.395310094,0.15398832,0.136410877,0.10512642,0.381206843,0.040831727,0.170379931,0.021766138,0.541860148,0.241983131,0.563034101,0.001065707,1.17439949,0.372233519,0.227909164,0.323954873,0.0858011,0.191344894,-0.023928642,0.416887391,0.533333333,6.533333333,0.066666667,1.6,3.533333333,1.4,3.533333333,0.066666667,0.2,1.133333333,3.533333333,0.133333333,0.6,6.733333333,1.733333333,3.466666667,2.666666667,6.4,0.066666667,1.666666667,6.533333333,0.2,5,0.4,5.533333333,1.133333333,12.46666667,1.133333333,2.733333333,6.333333333,4.8,6.8,0.133333333,1.333333333,1.2,6.866666667,1.6,0.733333333,12.73333333,4.4,7.266666667,4.866666667,12.06666667,1.8,2.733333333,12.46666667,2.8,10.2,1,12,1
-0.068720169,0.584679921,0.562368612,0.442951926,2.314168206,0.049386647,1.211265237,-0.513787151,0.111457797,0.648023943,0.59983089,-0.460278768,0.899563576,0.268498557,0.276048293,1.228927034,1.105061422,-1.140501438,-0.39281396,-0.746801354,0.765406524,-0.102699921,-0.551173523,-0.133514459,0.134193401,0.543529924,1.351158215,1.368587684,1.588475469,3.451410494,0.335607317,2.451197824,0.187408718,0.731293953,1.342955746,1.18463356,2.001829755,1.646060507,3.000359533,2.039333384,2.17339656,1.613216397,0.216909699,0.47961154,0.75363498,1.333237834,0.481486328,1.209163958,0.626507748,1.09547859,1.733333333,0.933333333,5.466666667,5.866666667,1.133333333,0.733333333,1.066666667,0.266666667,5.533333333,0.933333333,6.533333333,7,2,2.2,7,1.333333333,0.933333333,0.133333333,2.733333333,1.733333333,5.2,2.666666667,4,6.533333333,6.733333333,3.666666667,1.133333333,10.2,11.2,1.866666667,5.2,5.733333333,5.6,9.2,1.466666667,9.733333333,11.46666667,3.266666667,4.533333333,11.66666667,1.533333333,2.2,0.933333333,3.533333333,2.4,6.266666667,7.866666667,8.066666667,11.66666667,11.46666667,1
-0.098270416,-0.005989941,-0.123536082,0.497665147,0.405149082,-0.307254868,-0.897046866,-0.190296229,0.11478269,0.067978994,0.094991789,-0.180180664,0.207047887,0.890351815,-0.073893983,-0.672808322,-0.05371132,0.294170471,0.044770827,0.423785917,-0.506662318,0.400321512,0.564427498,0.074775578,-0.105450334,0.514709524,0.443225361,1.386068235,1.313219313,0.997754461,2.211913431,-0.023476001,0.289308684,0.872726145,0.757582418,0.563368555,1.736762494,0.907282213,3.764377675,0.66357945,1.385051333,0.759094305,1.451644851,0.616009387,0.835811747,2.115648677,0.81859312,1.034671859,1.280562246,3.605085034,0.4,1.6,5.866666667,1.266666667,2.666666667,5.466666667,0.133333333,3.533333333,0.466666667,5.733333333,0.4,2.533333333,0.866666667,1.266666667,1.6,5.8,0.4,6.466666667,4.933333333,0.266666667,5.466666667,0.8,1,3.066666667,5.133333333,5.466666667,3.6,5.933333333,2.466666667,8.8,8.266666667,4.466666667,6.333333333,0.933333333,9.4,1.666666667,7.333333333,1.466666667,2.533333333,6.8,11.53333333,5.866666667,7.733333333,9.133333333,2.4,11.8,2.333333333,2.266666667,7,11.06666667,1
0.225168398,-0.011253818,0.210889083,-0.286211763,0.228555293,-1.378484951,-0.328440963,-0.176621969,-0.387680511,-0.003094551,0.095852878,-0.293365551,0.54456021,-1.390672575,0.066702301,-0.272622732,0.138911513,-0.561840166,-0.023679258,0.083330597,-0.408101979,0.233656138,0.113678922,-0.091380395,-0.121576988,0.63310147,0.6371752,1.551754519,0.073297507,0.568553959,0.276475511,1.63601424,0.362054517,0.218304956,0.262485831,0.412109535,0.774393186,1.083416079,-0.183072385,0.67202545,1.898062722,0.570098466,-0.09067032,0.906975049,0.526985802,1.36857102,0.549803961,0.69612795,0.355641289,0.682923778,0.533333333,4.4,1.933333333,4.266666667,0.733333333,4.333333333,4.333333333,6.2,3,1,0.266666667,6.2,1.333333333,3.266666667,4.266666667,4.266666667,4.333333333,1.8,6.2,6.4,4.333333333,2,1.6,6.333333333,2.8,1.333333333,5.8,8.066666667,4.8,3.066666667,8.333333333,8.533333333,10,7.266666667,3.4,0.733333333,10.26666667,2,6.066666667,10.4,7.866666667,10.06666667,3.133333333,12.46666667,12.66666667,8.466666667,3.133333333,3.866666667,10.13333333,5.066666667,1
0.443053052,-0.029447269,-0.573839301,-0.343777958,-0.444991503,-0.313997152,0.758402838,0.578839217,0.08967753,-0.432847352,-0.066613699,1.631196419,0.334369623,-0.210350984,-0.375374059,1.136658841,0.038711683,-0.069270551,0.304468528,0.202335294,-0.177552896,0.07388897,-0.362240272,0.539805392,0.324910568,2.900417724,0.429374763,0.218276546,1.087392276,0.253379523,0.076680253,1.426764013,1.126335769,0.442511258,0.235314436,0.225693854,3.865223184,0.649415207,0.188521602,0.07345888,2.103719092,0.384883574,0.465426075,1.400141598,2.484758525,0.292662243,0.76565775,0.086969007,1.049399608,0.651178547,2.866666667,1.4,6,5.133333333,1.4,0.533333333,2.466666667,0.466666667,0.2,5.4,1.533333333,2.533333333,0.533333333,2.8,0.2,1.8,1.733333333,4.533333333,3.6,6.333333333,1.4,6.866666667,0.133333333,2.266666667,0.666666667,4.066666667,4.266666667,7.6,7.2,1.533333333,3.6,2.6,0.866666667,2.933333333,7.933333333,2.133333333,5.933333333,0.6,3.066666667,4.133333333,2.066666667,2.866666667,7.733333333,5.466666667,7,4.4,9.933333333,1.2,4.266666667,4.866666667,2
0.921349674,0.036604874,-0.073118772,-0.759537736,0.453588787,-0.15219441,0.924571576,0.00653207,-0.198731057,-0.1461674,0.259089503,1.153020354,0.532919647,-1.348921356,0.158103811,0.41831082,-0.011758665,-0.966386231,0.110815023,-0.034920055,0.32302466,0.01040089,-0.083749934,0.376553076,0.105625784,2.514256333,0.397028604,0.569128433,0.035379023,1.426638487,0.242087672,1.763734263,0.337001416,0.332627391,0.123032863,0.78252913,2.436244008,1.712866171,0.642165017,0.616408162,0.923748104,0.533998628,0.012976322,0.883175093,0.873950255,0.530120159,0.342032142,0.826148173,0.720565839,0.381774234,2,1.733333333,5.533333333,5.666666667,1.733333333,0.066666667,3.333333333,3.8,6.8,1.6,3.333333333,2.066666667,3.733333333,3.266666667,1.8,1.466666667,6.933333333,3.8,5.533333333,6.066666667,1.4,6.733333333,5.333333333,6.2,1.333333333,2.933333333,4.333333333,6.6,9.466666667,2.6,1.266666667,8.133333333,5.733333333,8.533333333,6.2,4.933333333,6.4,7.266666667,4.733333333,2.133333333,4.8,7.733333333,5.666666667,10,10.4,4.733333333,11.4,9.066666667,6.533333333,4,2
0.428141285,0.191273701,0.000127151,-0.360100655,0.108696104,0.02897303,0.397252939,0.320033433,-0.41302625,0.045445422,-0.098721654,0.86065506,0.220528237,-0.75505426,0.098205862,0.337346479,0.254900231,-0.244524371,0.309270002,-0.069287112,0.232767577,-0.235745948,-0.390500221,0.114158537,0.038026906,1.010094542,0.578201478,0.681170184,0.975951284,1.471109724,0.845160923,1.038252102,0.735302086,0.042538091,0.433138828,0.674586221,2.159129676,0.906061249,-0.109260916,0.589169405,0.959962475,1.307439299,0.415406971,0.82298174,0.691056142,1.218610779,0.120991575,0.0666956,0.39043239,0.598042595,1.733333333,3.6,0.4,0.066666667,6.4,4.333333333,2.666666667,0.4,0.133333333,6.4,2.666666667,2.933333333,3.066666667,5.466666667,0.133333333,6.4,7,0.466666667,1.6,0.066666667,4.4,0.666666667,2.866666667,6.6,2.333333333,2.666666667,6.533333333,4.4,4.866666667,11.53333333,7.6,4.066666667,1.333333333,5.4,11.6,4.066666667,6.266666667,3.333333333,9.266666667,5.133333333,8.133333333,12,3.666666667,2,4.933333333,7.533333333,1.2,4.066666667,7.333333333,5.2,2
0.436783342,0.2355046,-0.140814431,-0.322936472,0.517245248,-0.311543235,0.533342135,0.330400779,0.306209974,0.158641134,-0.017234664,1.139996942,0.701151639,-0.237063569,-0.076889318,-0.035794249,0.498071512,0.163217546,0.144178088,0.072349238,-0.339541113,0.209087538,-0.046788909,0.33296478,0.249974645,0.953252601,1.395773915,0.930964068,0.210672854,1.911392411,0.7487925,2.307746886,0.733210596,0.967617536,1.069125682,0.56356771,2.660410196,1.238904247,2.574905035,0.744240668,1.21243821,1.009287959,0.584989753,0.626378467,0.573755943,0.986028863,0.581688448,0.473579478,0.693177378,0.660337029,1.733333333,2.666666667,3.8,0.2,2.666666667,6.533333333,2.533333333,1.533333333,2.8,4.533333333,3.8,2.733333333,2.333333333,6.733333333,6.8,2.733333333,2.733333333,1.466666667,5.466666667,1.466666667,2.666666667,1.866666667,1.533333333,0.066666667,0.466666667,2.266666667,5.733333333,4.666666667,5.266666667,4.6,11.6,3.066666667,5.333333333,3.8,5.066666667,4.533333333,8.066666667,5.8,11.46666667,12,4.266666667,4.6,3.866666667,7.933333333,1.533333333,7.6,2.333333333,4.533333333,1.533333333,5.8,2
-0.138605496,0.103626713,-0.114181224,1.403633515,-0.979536377,-0.277900126,-0.352973362,0.558145718,1.226025498,-0.587266256,0.380601132,-0.269377478,0.67757111,-0.987230902,0.300823299,-0.798277972,0.443776557,0.259722195,0.18148804,1.975675021,0.470325274,0.444623225,-0.278990078,-0.640455789,-0.299636922,1.166855534,0.891990198,1.602481959,4.197815971,-0.277638845,0.06377792,0.483663852,2.225585635,2.166875084,1.394904469,1.191197449,1.717143041,1.716775338,0.968267509,0.918640242,0.295992374,0.819085582,1.273787902,1.278828905,5.364986687,1.001225652,1.719159691,0.826787387,1.044879651,0.371722742,3.4,0.533333333,3.466666667,6.266666667,0.066666667,0.666666667,0.733333333,3.2,5.266666667,4.266666667,0.666666667,1.933333333,3.266666667,6.266666667,3,0.666666667,0.466666667,3.533333333,2.8,2.6,0.2,6.866666667,7,0.666666667,1.133333333,3.6,1.466666667,6.466666667,7.533333333,1.133333333,1.8,0.866666667,3.733333333,6,5.666666667,1.6,2.066666667,6.733333333,9.4,3.133333333,1.6,2.2,4.8,4.533333333,3.666666667,1.133333333,8.333333333,10,1.333333333,1.266666667,2
0.405316844,0.473948672,-0.434216503,-0.705563563,1.077163293,-0.102685008,0.67714173,0.46234199,-0.199774566,-0.182167879,0.010757254,1.084134091,1.021720254,-0.899685867,0.208430073,0.270579511,0.743194736,-0.994272098,0.083796528,-0.372135787,0.887430442,0.008859679,-0.534491196,0.133242586,-0.013089892,0.942674258,1.419407693,0.170057289,0.305273391,3.007066981,0.723885393,2.350349739,0.795370369,0.226740688,0.837364615,0.56536138,2.00060549,1.725411342,-0.196626542,0.806503428,0.813552732,1.186691261,-0.037921087,0.988817119,0.302040361,4.391650271,0.471991634,0.134069766,0.593739571,0.35818676,1.266666667,5,0.066666667,0.066666667,2,4.866666667,4.866666667,2.266666667,1.4,1.733333333,1.4,1.333333333,1.866666667,0.066666667,4.666666667,1.4,1.466666667,0.066666667,2.6,0.066666667,4.866666667,2.666666667,0.066666667,0.466666667,4.6,1.533333333,9.866666667,0.4,5.333333333,4.066666667,8.6,5.333333333,7,1.733333333,2.2,1.8,2.933333333,5.066666667,3.4,8.733333333,1.666666667,2.866666667,2.6,3.8,1.066666667,9.8,7.866666667,4.4,0.933333333,8.066666667,2
0.670576086,0.3455125,0.432571037,-0.362038989,0.787647739,0.054647033,-0.062133687,0.613523228,0.43647982,-0.182884521,0.120460108,0.764621652,1.112503255,-1.514575686,0.073586282,0.228534312,0.556504083,-0.676421441,-0.183468051,-0.446489573,0.446831813,0.054892318,-0.537515655,-0.048751912,0.321835195,1.454759672,1.080897438,0.945087381,0.454798814,1.864349501,0.732616749,0.642306752,1.243472365,1.182101284,0.348650725,0.681313638,1.493287401,2.36720691,0.336516204,1.204252721,1.109059123,1.285048995,3.104939078,0.888755281,0.321537085,1.369180807,0.744582118,-0.060831428,0.606048314,0.7258907,0.866666667,1.866666667,3.533333333,3.4,2,0.466666667,7,0.6,3.8,1.133333333,3.933333333,0.866666667,2.066666667,5.6,2,4.533333333,4.333333333,5.4,3.066666667,3.066666667,1.866666667,6.733333333,0.066666667,0.533333333,0.466666667,2.466666667,3.466666667,9.666666667,5.333333333,8.133333333,0.8,13.06666667,2.666666667,7.333333333,1.4,4.466666667,1.2,5.533333333,10.46666667,7.533333333,8.4,7.133333333,10.53333333,5,4.933333333,2.066666667,7.666666667,0.466666667,0.733333333,1.133333333,2
0.506794685,0.435204102,-0.277788365,0.003408867,0.992653423,-0.679791339,0.456711313,0.109359145,-0.024878111,-0.004871572,-0.14717741,1.094314626,0.507764449,0.478606521,-0.817076847,-0.101177559,-0.045056224,-0.638389846,0.12246324,-0.183684349,-0.445242589,0.797553085,-0.005911532,0.229121303,-0.123749518,1.072790012,1.141378506,0.573521869,0.489419437,1.921176275,-0.051592694,2.445538308,0.815918922,0.596228785,0.79958975,0.386678942,2.709140609,1.161813021,1.247055868,-0.247562768,1.939081039,0.745755103,0.98764254,0.675931995,0.2356971,1.081142051,1.768100491,0.539341636,1.122968783,1.58972194,1.333333333,1.133333333,0.333333333,0.066666667,1.2,5.733333333,5.733333333,2.066666667,3.266666667,5.733333333,0.733333333,5.666666667,2,1.666666667,0.066666667,5.333333333,2.733333333,2.4,1.666666667,0.066666667,5.666666667,0.133333333,3.066666667,5.266666667,5.266666667,1.733333333,3.466666667,1,2.133333333,4.066666667,10.2,8.266666667,4.466666667,7.8,6.866666667,3.2,5.733333333,3.2,5.733333333,1.133333333,9.8,5.333333333,3.8,4.333333333,2.6,9.866666667,1.933333333,3.8,9.2,9.866666667,2
0.354875665,0.061609609,-1.05933014,-0.658541375,0.259319042,-0.293356394,0.737305387,0.279246248,-0.295270575,-0.044520063,0.004697757,0.110076482,0.463141391,-0.958242132,-0.182167903,-0.151762135,0.090072318,-0.416270991,0.074532,-0.149514247,-0.573543969,-0.251841409,0.25774971,-0.172829135,0.019275327,0.935778267,0.483596799,-0.227187663,0.349001739,1.623499012,0.276108134,1.427425332,0.842727349,0.344222755,0.839993553,1.118317845,1.709783665,1.870298536,0.509259339,0.52348345,0.628573494,0.894545198,2.329777859,0.953688226,1.018922611,0.180084107,0.339854804,1.042838873,0.699360427,0.393459412,2.266666667,4.8,3,5.866666667,2.333333333,0.266666667,0.733333333,0.533333333,0.666666667,5.533333333,2.266666667,4.266666667,2.266666667,3.866666667,0.2,1.8,2,2.8,4.266666667,5.733333333,2.266666667,5.8,6.733333333,5.466666667,2.866666667,3,5.666666667,3.8,6.4,6.133333333,2.6,3.133333333,2.066666667,4.533333333,9.466666667,2.466666667,8.333333333,6,8.466666667,0.933333333,3.933333333,2.866666667,4.066666667,7.933333333,6,2.333333333,9.266666667,7.866666667,8.666666667,4.733333333,2
0.214115924,0.005395453,-0.194678749,-0.417378894,0.30179409,-0.454991834,0.504679687,-0.282261986,0.177737892,-0.414997824,0.086916416,0.133280619,0.777781411,-0.662290554,0.071046892,-0.210360091,-0.062797218,0.183014977,0.036283275,-0.368940937,-0.163634274,-0.028926344,0.02759004,-0.480785403,-0.102523444,0.522796171,0.603917012,0.172179535,0.306964099,1.007799867,0.561622809,2.344169071,0.202522458,0.682849175,0.126166691,0.63135705,0.945194581,1.485657902,1.645012366,0.762068406,0.646800502,0.22088834,0.846829177,0.580952057,0.303374357,0.547289224,0.462413605,0.713604934,-0.094880228,0.251992333,5.533333333,7,1.6,6.8,1.266666667,6.733333333,7,0.6,0.133333333,6.666666667,3.266666667,3.933333333,1.4,3.666666667,1.8,7,0.933333333,3.733333333,3.866666667,0.066666667,2.8,1.266666667,4.133333333,0.533333333,3.8,5.666666667,7.333333333,3.133333333,8.266666667,2.8,7.933333333,7.666666667,1.333333333,1.4,7.933333333,3.533333333,5.466666667,2.333333333,5.133333333,2.133333333,8.466666667,1,5.266666667,5.266666667,1.333333333,4.066666667,1.866666667,4.866666667,0.866666667,4.733333333,2
-0.739888543,0.213678631,-0.646540289,-0.360405845,-0.071028054,-0.256936331,0.334838903,0.204893296,-0.206845713,0.410136181,0.038691003,0.138493313,-0.197231071,-0.314206858,-0.290527056,0.208255293,-0.334205278,0.45796929,-0.159319919,-0.699481754,0.100969223,0.051321381,-0.03575101,-0.132963538,0.286908409,1.133756441,0.695696877,0.267102441,0.5118298,0.842186416,0.219174166,1.842328523,0.613759476,0.16985303,1.17430738,0.398166097,0.855733626,0.104494635,1.956863884,0.281956336,1.049510965,-0.017707785,1.241955692,0.355955629,-0.124716815,0.363021615,0.448018177,0.528276144,0.217446085,0.684239295,0.4,2.866666667,0.2,5.733333333,2.866666667,2.2,3.133333333,0.466666667,0.066666667,5.733333333,4.666666667,2,4.8,5.6,0.133333333,2.133333333,0.066666667,2.2,0.2,0.133333333,0.733333333,0.133333333,0.066666667,1.933333333,1.333333333,0.533333333,4.8,0.333333333,12,6.266666667,5.533333333,8.333333333,2.466666667,6.6,7.933333333,8.733333333,5.2,6.6,10.2,0.4,6.533333333,2.133333333,5.733333333,3.4,0.4,1.533333333,0.733333333,5.2,2.133333333,3.666666667,3
1.212731856,0.11791594,0.466461669,-0.481472787,0.255293484,-0.088055962,0.528753834,0.382766833,-0.010800945,-0.388690843,0.066091011,0.91967627,0.110670561,-0.160955024,0.271265697,0.277665174,0.424845089,-0.031584647,0.220893047,0.524750581,-0.507491341,0.056612253,-0.161701643,0.378902767,0.198644768,5.247406312,1.280455615,3.187152854,0.676471252,1.989335388,0.840159197,1.421166299,1.421443821,0.520594935,0.48940131,0.848286113,2.834285967,1.670209385,0.939171404,1.063286854,1.169731222,1.438846139,0.215478426,1.456949891,2.886674722,-0.045982528,0.257765383,0.674543229,0.703259259,0.701130227,3.666666667,5.6,6.4,0.333333333,6.066666667,3,2.466666667,2.6,4.066666667,5.6,5.2,1.933333333,6.266666667,3.6,2.066666667,2.466666667,5.6,1.133333333,3.733333333,3.666666667,1.066666667,0.866666667,4.2,1.2,1.8,5.933333333,7.066666667,8.466666667,1.333333333,6.8,4.666666667,5.866666667,5.733333333,5.8,7.533333333,6.2,2.333333333,9.133333333,4.2,3,5.066666667,8.933333333,2.6,4.466666667,4.133333333,2.666666667,1.133333333,4.666666667,2.266666667,2.066666667,3
0.190288219,-0.081141588,-0.759249682,-0.467278398,-0.060942205,-0.479662876,0.00170893,0.08896051,0.073501399,-0.083077988,0.094236403,-0.102612051,-0.217193532,-0.267269044,-0.039840174,0.035964949,0.104420781,0.019484767,-0.053515732,-0.411205287,0.01292666,-0.001265067,-0.465253412,0.125460204,0.08096057,0.616312515,0.241154838,-0.187627319,0.117154071,0.519584366,0.010667531,0.743344876,0.363759575,0.369004009,0.274214996,0.401504466,0.406713727,0.189928725,1.714298829,0.420017691,0.879780312,0.544916159,0.7002491,0.438313633,0.001207712,0.530019173,0.340573146,-0.092630065,0.546154424,0.409113235,1.2,3.066666667,0.466666667,0.2,6.266666667,0.066666667,3.6,1,1.333333333,0.133333333,0.066666667,5.933333333,4.533333333,5.6,4.733333333,6.133333333,6.933333333,0.466666667,6.533333333,0.2,4.666666667,2.6,0.133333333,2.933333333,6.8,2.8,3.8,0.533333333,5.733333333,9.6,3.8,5.933333333,1.733333333,2.333333333,0.466666667,5.066666667,7.066666667,8.4,11.4,5.533333333,10.86666667,11.33333333,2.333333333,12,1.266666667,9.666666667,3.466666667,2.666666667,4.6,12.33333333,3
-0.001671275,-0.223984161,-0.576411882,-0.525797169,0.119555518,-0.313451555,0.05714923,-0.049385527,-0.231854412,-0.253055808,0.018641885,-0.163883995,0.246890219,-0.048417306,-0.382542771,0.109140278,0.132425606,-0.400203247,-0.241564408,-0.390913959,-0.033244467,0.048541964,-0.371950832,-0.111459599,-0.018305721,0.270474144,0.356817368,-0.214330295,0.540974317,0.561654165,0.234079411,1.360201511,0.298038236,0.276442225,0.021493271,0.63130792,0.739398495,1.089952585,1.341124259,0.246153417,0.712275821,0.596159633,0.011616707,0.094625216,0.400684418,0.493580366,0.391370122,0.228049315,0.42135522,0.341721571,1.466666667,2.8,0.066666667,6.066666667,2.466666667,4.066666667,3.666666667,3.333333333,2.466666667,0.6,3.6,3.466666667,4.2,3,2.8,2,0.066666667,1.266666667,6.933333333,6.133333333,4.133333333,6.466666667,4.866666667,2.533333333,5.133333333,2.266666667,4.333333333,0.133333333,11.06666667,4.066666667,6.666666667,6.466666667,3.933333333,3.666666667,1,4,4.466666667,9.8,8.466666667,8.333333333,3.2,0.4,1.666666667,11.93333333,11.13333333,6.933333333,10.66666667,8.266666667,7.266666667,9.666666667,3
-0.048265138,-0.215312898,-0.158683262,-0.268541736,-0.470604913,-0.196480648,0.053479369,0.122882161,-0.275578357,-0.003178594,-0.060144883,0.034254705,-0.082461575,-0.210937163,-0.310758245,-0.059655794,0.098509662,0.482890181,-0.015096508,-0.099924323,-0.258118586,0.019397597,0.027670592,0.100782192,0.152639074,0.189654259,0.153365689,0.689035259,1.207848571,0.233674667,0.041981911,0.351026765,1.131962049,0.338245919,0.254918583,0.348432592,1.44944885,0.124523698,0.556187007,0.276066174,0.248096196,0.790530151,1.71185125,0.963536394,3.548484029,0.409322082,0.893350643,0.177853726,0.358092854,0.782209044,3.6,2.533333333,6.933333333,5.066666667,4.266666667,6.866666667,2.4,4.8,3.2,0.133333333,2.066666667,3.266666667,2.333333333,2.8,4.266666667,0.066666667,4.133333333,5.733333333,4.733333333,4.8,4.2,5.733333333,0.933333333,0.8,2.8,4.733333333,3.066666667,10.26666667,8.2,4.933333333,10.2,3.2,5.066666667,3.333333333,3.133333333,2.2,4.066666667,5.533333333,3.133333333,4.866666667,0.133333333,7.6,6.933333333,5,7.2,5.266666667,7,4.066666667,4.133333333,3.066666667,3
-0.203942889,-0.086489717,-1.416214153,-0.283796462,-0.163095606,-0.544689295,0.131583158,-0.142894191,-0.67177256,-0.131302244,-0.085783703,0.033385565,-0.143518747,0.012259151,-0.121053904,-0.000878388,-0.180985431,0.409794358,-0.126642803,-0.455357998,-0.110337844,-0.049518677,-0.09818748,0.005008987,0.019252991,1.233425339,0.48996114,-0.178452908,0.985422126,0.187986521,-0.162804989,0.807571007,0.347118162,0.204918887,0.604579486,0.10730693,0.776654192,0.188871578,0.562671922,0.405451661,0.307374672,0.125418241,0.689192756,0.590959172,0.722246633,0.16771643,0.376714261,0.076979278,0.36273035,0.156911946,0.533333333,1.066666667,0.2,4.2,0.2,0.066666667,5.933333333,0.466666667,2.266666667,1.066666667,1.4,0.666666667,4.866666667,2.8,3.6,1.4,5.2,0.8,5.6,0.2,3.133333333,2.6,0.2,4.6,0.4,1.8,2.133333333,0.266666667,7.733333333,1.466666667,0.733333333,10.46666667,0.666666667,4,2.066666667,1.933333333,5.4,9.6,5.933333333,7.8,2.266666667,9.466666667,5.133333333,12.13333333,5,5.933333333,9.066666667,0.733333333,9.933333333,2.266666667,3
0.212799636,0.261326337,0.254493008,-0.209002643,-0.133408361,0.620508634,0.629041406,0.603840509,0.816219473,-0.42515216,0.096393707,-0.305526807,0.897421507,-1.034530171,-0.168570814,0.56474398,0.373500159,0.433411265,-0.379790328,-0.178287806,-0.252775791,-0.383195416,-0.500286609,-0.214098251,-0.071816644,7.75484538,1.104300405,4.054873162,1.700614217,2.4497114,1.450005806,3.776225665,3.445034194,2.270766726,0.466811381,0.582733277,4.96383851,4.359757599,0.07570683,3.465630166,1.408292669,1.587901409,1.188197772,3.307712607,5.764798091,0.329505943,1.324742697,0.388768228,0.641876632,0.408564249,5.933333333,3.8,6.133333333,5.333333333,6.133333333,0.8,2.333333333,5.8,5.4,0.066666667,3.8,6.066666667,6.933333333,4.266666667,5.933333333,2.266666667,4,2.933333333,5.933333333,6.066666667,2.133333333,5.4,4.733333333,4.8,2.2,6.4,4.8,6.733333333,5.866666667,6.666666667,1,2.4,6.533333333,5.6,1.066666667,3.933333333,6.733333333,7.466666667,4.666666667,7.066666667,3.133333333,4.6,3,6.6,7.2,2.666666667,6.266666667,5.866666667,5.866666667,2.8,3
1.022535324,0.560893461,-0.271421416,-0.109347594,0.177599772,-0.030759007,0.131969354,0.875187896,0.816519694,-0.156800419,-0.005988675,0.589932468,0.971209681,-0.89331239,-0.225733832,-0.287714033,0.888620114,1.081815006,-0.178307501,-0.001642936,-0.631493904,0.338105365,-0.035496077,-0.439721222,-0.246004114,2.172430659,1.102385395,0.602941675,1.713876544,0.890232222,0.314651813,0.716735061,1.274086459,1.491335693,0.832890756,1.007091051,1.52804431,3.111839233,6.434196329,0.733543152,0.469776992,1.358772539,1.994891323,0.930639906,1.54759852,0.306045825,1.844214575,1.728596552,0.169635259,0.139070717,4.266666667,1.333333333,0.066666667,5.8,4.333333333,1.666666667,3.733333333,1.066666667,3.133333333,6.533333333,6.6,2.133333333,5.866666667,5.866666667,6.266666667,1.4,0.333333333,3.533333333,4.4,4.6,6.866666667,4.8,6.733333333,4.2,0.533333333,5.533333333,3.133333333,1.4,8,5.466666667,1.933333333,5.866666667,1.666666667,3.4,8.333333333,7.933333333,2.266666667,6.866666667,8.4,8.4,2.2,1,6.2,4.466666667,5.533333333,8.8,7.133333333,8.533333333,4.266666667,2.733333333,3
0.414704908,0.124996517,-0.220678874,-0.876336109,0.246475004,-0.356666807,0.515833156,0.269682235,-0.49706921,-0.161376278,0.203425614,0.439789537,-0.015095393,-0.609272156,-0.270488545,0.013146412,0.393544961,0.154179141,0.007290117,-0.427181577,0.064124676,0.066195983,-0.278367892,0.081745076,-0.10209496,1.103158429,1.486042591,0.716194324,0.50939189,2.694710821,2.026030853,1.843750758,0.884488116,0.435671478,1.00688153,0.934873817,2.598447896,1.215026563,1.907073173,0.717966688,0.763729947,1.531991129,2.155757578,0.742252457,1.133182446,1.587604902,0.637971237,1.254905988,0.998360116,1.283082029,1.133333333,3.466666667,4.133333333,2.133333333,3.333333333,3.666666667,4,4.066666667,6.333333333,3.866666667,1,3.533333333,1.866666667,5.333333333,0.266666667,3.2,1.133333333,4.4,5.733333333,2.4,3.266666667,1.933333333,6.266666667,6.933333333,3.066666667,1.8,5.133333333,7.466666667,3.333333333,6.066666667,8.133333333,4.8,9.066666667,12.26666667,7.4,2.8,5,4,10,3.8,5.4,6.4,7.666666667,8.466666667,3.6,5.666666667,2.4,11.13333333,7.066666667,8.133333333,3
0.190843031,0.274664907,0.871510335,0.303104582,0.258334,-0.328427343,0.218576323,0.099019496,-0.542753175,-0.126353259,0.245496198,0.0824462,0.354844297,0.524314684,-0.080714418,-0.180840022,0.538166372,-0.000489832,0.024736602,0.17444633,-0.311636812,0.229321116,0.161289906,-0.435606792,0.015613767,0.751159249,0.727870814,2.135370846,1.195777781,1.322193843,0.408783698,0.819508655,0.538944977,-0.038631864,0.561435368,1.404109574,0.730519727,1.456031001,1.777721536,0.57875298,0.350011726,1.205998978,0.401823053,0.757777113,1.062076781,1.127651762,0.766387285,1.421493045,-0.013493412,0.672473508,1.266666667,1.2,6,2.266666667,4.2,4.533333333,0.8,0.8,0.4,6,4.066666667,0.533333333,3.933333333,0.133333333,4.066666667,2.133333333,1.8,0.8,6.2,1.933333333,4.466666667,1.4,3.533333333,0.133333333,4.8,2.466666667,1.933333333,7.333333333,3.666666667,6.6,8,1.2,5.333333333,1.6,11.06666667,4.6,4.133333333,4.933333333,4.133333333,7,5.2,3.4,1.133333333,10.4,3.2,7.866666667,2.666666667,6,1,9.133333333,3
0.455059335,-0.235516128,-0.28571091,-0.672018583,0.171369875,-0.179458531,-0.083462941,-0.219819484,-0.206387847,-0.369982255,-0.009111882,0.528225789,-0.088751037,-0.327117114,-0.185714175,0.241288164,-0.045205235,-0.142090427,-0.293179286,-0.491675952,-0.053239354,0.020261864,-0.013332642,0.073885714,0.077256819,1.572222156,0.145780148,0.585692467,0.347038933,1.365343842,0.151450561,0.643489298,0.135190781,0.293294986,0.129879633,0.469492328,1.138432616,0.4636366,-0.001931823,0.280235991,0.606266765,0.484753417,0.246733653,0.239769058,0.670910323,0.148508442,0.202064627,0.296717094,0.293632701,0.244420733,2.8,3.333333333,0.066666667,5.466666667,2.733333333,0.133333333,7,0.6,0.066666667,0.133333333,5.466666667,2.466666667,3.133333333,3.266666667,6.4,1.4,5.066666667,3.6,4.133333333,0.333333333,0.8,0.2,3.266666667,0.133333333,0.866666667,3.133333333,6.066666667,2.6,8.6,3.533333333,0.6,11.06666667,1.466666667,2.733333333,1.133333333,8.333333333,2.8,5.333333333,3.8,10.13333333,1.866666667,7.6,4.733333333,5.866666667,0.4,3.533333333,4.133333333,5.133333333,3.133333333,5.133333333,4
-0.49562533,0.389315665,-0.734446741,-0.679996643,0.785454825,0.75098227,0.816998523,0.093537698,0.094636919,-0.288868093,0.188060287,0.384129859,0.070531186,-0.841905931,-0.247363966,0.977493911,0.344003786,-0.169045001,-0.655238386,-1.069572267,0.496386085,-0.062337593,-0.187634201,-0.080521205,0.219065474,1.388342299,0.970505237,0.610020569,0.641220254,1.484614452,1.539135119,1.623348734,0.586111599,0.738256179,0.203293734,0.670144685,1.082679771,0.741435822,-0.150347855,0.242600436,1.406906071,0.839334377,0.290466361,0.135025497,0.219015724,0.84379174,0.352134625,0.189538041,0.75253829,0.584440208,1.866666667,2.8,3.8,5.266666667,3.133333333,4.066666667,1.6,3.8,5.666666667,2.866666667,4.266666667,1.866666667,0.066666667,6.066666667,5.133333333,1.6,4.2,0.933333333,6.533333333,4.333333333,5.6,1.666666667,2.466666667,6.933333333,1.666666667,2.533333333,6.333333333,7.133333333,8.866666667,6.2,5.6,2.933333333,6.133333333,8.066666667,4,7.466666667,7.066666667,2.133333333,10.33333333,8.533333333,4.066666667,5.8,1.866666667,11.73333333,7.6,8.933333333,3.666666667,4.866666667,10.26666667,2.4,4
0.26019025,0.078610114,-0.032260252,-0.728584438,0.37777509,-0.205657191,0.142819161,0.220443287,0.223961525,-0.251062729,0.101173187,0.367704135,-0.055830319,-0.554501525,0.223918683,0.167106917,0.006129631,-0.300790996,0.062274759,-0.229465032,-0.277362341,-0.039522586,-0.323806662,0.108222516,-0.040782892,3.567807293,1.555071768,3.045550229,1.21836748,3.165251649,0.206764625,0.884007552,1.851883866,1.033667901,0.228167831,0.84445033,1.949484095,2.214698901,0.19516799,1.213947031,0.807343828,1.210794006,1.269198462,1.866554715,4.384387201,1.465405527,2.105663364,0.067942438,1.167006692,0.414098656,6.866666667,4.2,5.266666667,3.4,4.4,1.666666667,1.733333333,6.133333333,6.533333333,4.2,4.2,5.266666667,6.666666667,6.866666667,5.2,4.133333333,4.666666667,6.666666667,5.333333333,6.4,4.266666667,6.4,0.2,5.8,3.933333333,7.066666667,4.333333333,5.466666667,3.533333333,4.6,1.733333333,1.933333333,6.266666667,6.6,4.4,4.4,5.4,6.733333333,7.066666667,5.266666667,4.266666667,4.866666667,6.733333333,5.533333333,6.466666667,4.4,6.533333333,0.266666667,5.866666667,4.133333333,4
0.296662326,-0.079703996,-0.226250639,-0.685922398,0.112641635,-0.063664692,-0.291264828,0.168471562,0.152410764,0.132299947,-0.269443219,0.076641604,-0.347534121,-1.077598596,-0.198034098,0.083171997,-0.087033653,0.06738558,-0.104305494,-0.071448446,-0.445304073,0.058733062,-0.452239608,-0.032088922,-0.00958682,0.590467013,0.86850652,0.353737484,0.615015144,1.569366771,0.51016689,0.935444297,0.660260659,0.521257015,0.522871157,0.191087707,0.840915339,0.797255825,2.284216561,0.378109381,0.506943783,0.714632813,1.027859716,0.54862686,0.366500065,0.643703751,0.556850087,0.521768996,0.500950387,0.778972731,2.4,3.733333333,0.133333333,5.066666667,3.666666667,0.266666667,2.6,1.8,0.333333333,0.2,0.066666667,3.666666667,3.733333333,6.6,0.133333333,1.133333333,2.733333333,5.533333333,5.466666667,3.266666667,3.6,3.333333333,4.466666667,1.866666667,6.2,3.066666667,5.466666667,0.4,9.333333333,5.8,1.133333333,3.4,4.933333333,4.266666667,3,1.533333333,4.933333333,5.533333333,11.26666667,3.066666667,1.2,4,7.933333333,5.666666667,3.866666667,4.8,5.466666667,6.4,2,10,4
-0.126196906,0.030609859,-0.625318031,-0.340354846,0.06560051,-0.106271186,-0.132018556,-0.012808014,0.206455428,-0.152289179,-0.1069998,-0.060431242,-0.026560994,-0.173249148,0.052210516,0.388647166,-0.268850979,0.036551451,-0.129494167,-0.252014619,0.093948948,0.001182788,-0.485336185,-0.225331135,0.054916856,1.913446233,1.845009494,0.802040722,0.418621481,0.580227924,1.184391324,0.445260342,0.387483077,1.132850144,1.748747749,0.195240727,0.969796505,0.789403696,0.180687533,0.43713337,1.193528463,0.775504895,0.625655543,0.483983949,1.06196902,0.789222481,0.366366636,0.029148609,0.217886192,0.583875712,2.733333333,6.533333333,6.866666667,6.933333333,1.533333333,6.866666667,2.533333333,2,4.6,5.2,1.533333333,1.8,3.6,1.266666667,0.933333333,4.933333333,6.6,2.4,1.6,0.933333333,0.533333333,3.466666667,4.066666667,0.266666667,2.266666667,3.866666667,10.13333333,9.8,8.4,4.666666667,8.8,2.8,2.066666667,6.6,9.2,4.4,1.866666667,6.266666667,2,4.733333333,7.666666667,10.4,2.733333333,2.8,1.666666667,3.533333333,4,5.466666667,0.933333333,3.466666667,4
0.385958034,-0.046675019,-0.615141711,-0.360445365,-0.213794728,-0.844617473,0.40241961,0.039063307,-0.100910092,-0.430826979,0.078285752,-0.275408157,-0.001947912,0.162176193,-0.272279882,0.065319794,-0.024146946,0.259267568,-0.174434001,-0.597514192,-0.260690818,-0.020515142,-0.108661864,-0.023998241,0.156825121,1.074548906,0.460752077,-0.174351044,0.443420745,0.432706657,-0.268224695,1.004471438,0.369518518,0.305066459,0.379205892,0.570014942,0.229422844,0.35125282,3.637762068,0.528855616,0.399070467,0.317419603,2.304458988,0.501119323,-0.057848036,0.628248334,0.250562786,1.006921673,0.412627411,0.579987339,0.866666667,0.6,0.466666667,4.8,2.533333333,0.266666667,3.4,2.333333333,0.8,0.6,3.066666667,2.8,0.466666667,6,6.666666667,0.266666667,0.4,3.466666667,5.066666667,0.133333333,3.733333333,0.333333333,6.133333333,7,3.4,1.133333333,3.666666667,0.6,8.733333333,4.333333333,0.666666667,5.733333333,4.6,0.933333333,0.866666667,6.466666667,4.733333333,2.466666667,12.13333333,9.133333333,6.133333333,3.4,6.6,6.866666667,0.8,8.066666667,6,11.8,12.93333333,4.466666667,4
0.415548249,-0.321766418,-0.690985366,-1.176673349,-0.516404264,-0.266297761,-0.066783165,0.606711646,0.488597871,-0.547510367,-0.686442267,0.243608715,0.190682526,-0.924527271,-0.356963894,-0.074705804,-0.077012358,0.474359226,-0.244933825,-0.899005072,-0.824031877,0.123826913,-0.671222664,-0.274777743,-0.100606921,7.719954907,0.609641935,4.723301948,2.102712222,1.678642913,0.678410392,0.495417607,3.138957288,1.768364951,0.388049081,0.294488036,3.157885911,2.156372265,0.275169587,2.294944132,0.661236868,1.938842088,2.482033231,2.446915425,7.536217701,0.030692051,2.381124149,-0.033765368,1.168575429,0.372061896,6.6,6.6,6.933333333,4.733333333,5.866666667,0.733333333,6.533333333,6.466666667,6.6,0.2,0.133333333,2.466666667,6.533333333,0.2,3,0.333333333,3.4,0.066666667,6.133333333,4.666666667,0.133333333,5.133333333,5.266666667,6.533333333,3.866666667,6.866666667,6.933333333,7.133333333,5,6.133333333,1.2,6.933333333,6.8,6.733333333,0.266666667,0.266666667,2.6,6.866666667,0.533333333,3.333333333,0.6,3.866666667,0.2,6.533333333,4.733333333,0.466666667,5.533333333,5.333333333,6.666666667,4.266666667,4
0.534521935,-0.069591775,0.055659816,-0.284675633,0.307942942,0.431846661,0.159424289,0.51395128,0.522978252,-0.045465786,-0.008265747,0.036459804,0.152749618,-0.458426513,-0.4136647,-0.157653312,-0.049599063,0.635129456,-0.057676137,0.012500892,0.555350753,0.151484684,0.105909838,-0.436854854,-0.06471154,1.027496109,0.70532997,0.746287331,0.675146513,1.752869874,1.608758059,2.946274335,1.14382569,1.018745099,0.750998095,0.659613912,0.624618576,1.882733334,1.506411055,0.483398224,0.262993972,0.745721664,1.609376318,0.960150004,1.341758498,1.68517919,0.799744012,0.48459014,0.098769537,0.623557821,3.533333333,3.266666667,0.133333333,0.066666667,3,0.133333333,3.533333333,3.6,0.4,6.533333333,5.6,1.866666667,2.933333333,0.066666667,5.933333333,0.066666667,0.066666667,0.266666667,6.266666667,3.133333333,0.066666667,5.133333333,2,3.133333333,7,3.866666667,6.666666667,0.2,0.133333333,6.533333333,0.2,5.066666667,4.066666667,1.133333333,7.066666667,8.8,1.933333333,3.8,2.733333333,8.6,0.4,0.466666667,0.8,9.133333333,3.666666667,0.533333333,8.133333333,5.4,3.2,8.4,4
0.258617674,-0.150706581,-0.180372907,-0.125290688,0.350966192,-0.13712518,0.133695724,-0.193179124,0.056969442,-0.104858338,0.115337669,-0.152745178,0.216675626,0.089118914,-0.457921296,-0.468479872,0.331835329,-0.334827943,-0.116177188,-0.070078546,-0.445084023,-0.007229249,0.228028331,-0.2533485,0.020299294,0.514815969,0.361799853,1.784126554,0.547478029,1.244212642,1.218371843,0.63923975,0.330120551,0.614955355,0.33727771,0.766396222,0.417606194,1.530524523,2.518918734,0.213641869,0.135170955,0.841008433,0.281742911,0.343404983,0.246334319,0.184657035,0.337329623,0.832090433,0.171220004,0.459630311,1,2.733333333,7,0.2,6,5.666666667,0.466666667,2.533333333,0.333333333,3.8,4.066666667,2.8,2.933333333,0.066666667,0.066666667,0.6,0.933333333,4.733333333,3.266666667,2.133333333,0.333333333,2.8,6.466666667,0.4,3.8,1.4,6,12.93333333,4.4,11,11.2,0.8,4.4,0.466666667,6.6,5.6,7.333333333,4,0.133333333,1.8,1.6,1.533333333,6.533333333,5.2,4.4,2.2,7.533333333,8.8,0.733333333,6.6,4
0.424147265,0.103302094,0.657068872,-0.195461032,0.34171127,-0.797527892,-1.079637509,0.504112666,0.374866791,0.038591542,-0.090372693,-0.323896237,0.966153153,-0.617900342,-0.129556225,-0.595489617,0.565651741,0.056313666,-0.207946025,0.043029573,-0.452778336,0.230771105,0.071869405,-0.543172352,-0.273481432,0.95978181,1.440209887,3.186319337,0.596988712,1.326084761,0.382264614,-0.682045513,1.02547799,1.243123192,0.805064666,0.857974455,0.572150727,1.67205978,2.951938589,1.097624203,0.136047074,1.254920305,1.591292717,0.412654564,0.60361335,1.909443593,0.523565574,2.190212197,0.257853505,2.347560477,1,4.133333333,4.066666667,4.466666667,2.266666667,4.133333333,4.4,0.933333333,1.733333333,0.333333333,5.866666667,7,1.666666667,4.733333333,5.466666667,3.533333333,1.333333333,4.333333333,0.333333333,1,4.2,1.333333333,6.333333333,0.4,5.2,2.2,5.733333333,8.133333333,10.4,2.733333333,7.4,7.866666667,1.933333333,3.133333333,0.6,9.866666667,10.4,3.8,9.066666667,11.46666667,6.133333333,2.733333333,7.4,3.6,1.133333333,6.8,1.466666667,10.53333333,0.533333333,10.06666667,4
0.882721449,0.195000863,-0.27751421,-0.638473115,1.263024242,0.469491699,0.154729677,0.033607763,-0.363468126,-0.426396683,-0.039302392,0.924178741,0.053808952,-0.11967259,0.003777312,0.586336749,-0.12880035,0.049552472,0.032459368,0.163704545,0.117381302,-0.115457946,-0.098161373,0.212271033,0.239538069,2.885314346,0.818880357,0.658333237,0.332801061,1.732773207,1.332210637,0.745429391,0.579182747,0.583184519,0.765470378,0.410807538,1.726671224,0.567984778,0.247773155,0.460944153,1.018464219,0.574988037,1.159626448,0.576132895,1.592004944,0.720894094,0.239971179,0.443254591,0.725430424,0.816890667,1.333333333,3.733333333,0.066666667,6.933333333,1.266666667,3.4,4.666666667,6.666666667,6.6,0.2,0.2,1.2,6.866666667,4.666666667,0.333333333,0.333333333,6.266666667,6.466666667,6.533333333,6.4,0.2,6.4,2.2,5.933333333,0.666666667,6.466666667,6.6,3.2,12.46666667,4.333333333,6.8,10.26666667,7.066666667,12.33333333,5.2,2.866666667,2.333333333,12.4,5.466666667,0.733333333,3,11.6,11.26666667,12,10.93333333,0.8,9.466666667,3.466666667,9.4,2.866666667,5
0.293091223,0.248088665,0.256162515,-0.426646345,0.576580103,0.049150367,0.282084953,0.085903985,-0.128580755,-0.411138832,0.298399921,0.193746767,0.094885146,-0.408356595,-0.123843364,0.317358033,0.004023926,-0.855083933,-0.255838137,-0.11239484,0.459592616,-0.016561008,-0.412877799,0.116977108,-0.086954947,0.69117312,1.000355391,0.935471509,0.061090644,2.786034705,0.409943188,0.641118985,0.476778641,0.701919527,0.136342602,0.793126276,1.112199435,0.922498931,0.523975609,0.280346941,1.310914729,0.433686043,0.941590241,0.519962571,0.394978414,1.024787303,0.45747975,0.3560085,0.709863058,0.175770638,4.333333333,5.133333333,5.266666667,0.2,4.2,0.133333333,1.533333333,1,6.2,6.933333333,3.133333333,3.533333333,5.8,0.133333333,0.2,4.866666667,5.466666667,6.4,5.266666667,4.4,0.133333333,6.066666667,7,5.8,0.066666667,5.266666667,7.6,7.4,0.666666667,5.933333333,0.266666667,2.133333333,2.266666667,6.933333333,9.466666667,4.2,4.466666667,7.8,2.733333333,2.8,6.266666667,7.133333333,8.466666667,7.133333333,4.8,0.733333333,7.333333333,8.533333333,7.2,2.4,5
0.049037758,0.181472771,0.130205389,-0.365465213,0.165740125,0.353937574,0.589023636,0.32475388,-0.082041019,-0.247400725,-0.094825955,0.775040465,0.27540647,-0.319201592,0.212830249,0.274418675,-0.014888452,0.086161579,-0.283187056,-0.148687625,0.888463964,-0.15187312,-0.146983207,0.083252245,0.038090347,0.378510263,0.778596513,1.399611627,0.880683599,1.147131007,0.776144367,1.38246132,0.71739577,1.313338344,0.105133903,0.458769788,1.115317879,1.305234058,1.148975621,1.110107205,0.785654237,0.578618764,0.807291015,0.074803346,0.526460127,1.377225767,0.212969547,0.763931881,0.590888578,0.45452217,1,3.666666667,3.733333333,6.666666667,3.066666667,2,5.333333333,1.933333333,4,6.133333333,3.4,4.866666667,3.666666667,6.2,3.133333333,4.8,3.8,1.133333333,0.266666667,6.2,4.8,0.066666667,6.333333333,0.4,6.266666667,4.066666667,5.8,8,10.46666667,7.066666667,6.933333333,6.666666667,6.533333333,7.266666667,11.26666667,8.733333333,8.133333333,8.133333333,11.73333333,5.2,6.133333333,4.733333333,6.2,4.533333333,12.13333333,7.4,2.933333333,9.6,4.2,7.2,5
-0.160730017,-0.281160615,-0.84454546,-0.46091457,-0.889575738,-0.505878667,-0.157257614,0.075554941,0.036521544,-0.307709572,-0.198020461,-0.490786437,-0.246742273,-0.521878274,-0.684328831,-0.623093016,0.015337511,-0.024382545,-0.085708554,-0.086571119,-0.570963151,0.006499055,0.017622483,-0.44738882,0.026516337,0.189638707,0.018853801,-0.217415246,0.066285174,-0.408956685,0.008534903,0.613436005,0.548411945,0.748875808,0.378925213,0.218942961,0.403121933,0.227638555,0.278665385,0.199703645,-0.324966639,0.4577132,1.029881866,0.816101766,0.814600529,0.045762229,0.329027775,0.398631715,0.454357616,0.60533418,7,0.933333333,6.266666667,0.066666667,0.066666667,0.066666667,4.533333333,6,3.133333333,0.933333333,2.4,6.8,1.6,5.866666667,3.266666667,0.866666667,4.6,6.666666667,6.866666667,6.8,4.8,2.4,0.2,7,6.733333333,8.333333333,2.266666667,7.6,1.4,1.4,1.4,5.866666667,7.333333333,4.466666667,2.266666667,3.733333333,8.133333333,2.933333333,7.2,4.6,2.2,5.933333333,8,8.2,8.133333333,6.133333333,3.733333333,1.533333333,8.333333333,8.066666667,5
-0.015595799,0.126097728,-0.031403585,-0.16461428,-0.036133207,-0.327387776,0.195906708,0.179656814,0.044388994,-0.064092028,-0.081750572,-0.227274399,0.45828699,-0.14768369,-0.228670354,0.10714861,-0.207820215,0.480842123,-0.185894845,-0.093255134,-0.195580179,0.192426783,-0.056849755,0.14788615,0.03712735,2.598434677,1.115303635,1.336442124,0.343454866,1.570868725,-0.054431978,1.203643115,1.30951668,0.648430299,1.114469567,0.420340135,2.170664182,1.480358007,0.322152644,0.418276891,1.010410041,0.736875464,1.074124657,1.222092579,1.609124646,0.011443525,0.712867989,0.33975188,0.622433666,0.828366327,5.066666667,5.733333333,5.866666667,0.4,5.866666667,4.333333333,5.066666667,5.133333333,4.6,6.933333333,6.666666667,5.866666667,5.933333333,4.666666667,5.933333333,5.866666667,4.466666667,0.466666667,5.866666667,6.733333333,1.533333333,5.266666667,4.8,4.8,4.733333333,5.666666667,6.066666667,7.2,2.4,6.133333333,5.266666667,6.333333333,6.2,5.2,8.6,8.133333333,7.533333333,7.6,4.733333333,7.066666667,6.933333333,4.8,2.4,6.466666667,6.866666667,2.266666667,7,4.866666667,5.2,5.933333333,5
1.205937165,-0.361807469,0.54248473,-0.25051707,-0.548463769,-0.38583805,-0.053963687,0.172529929,-0.63402989,-0.167950492,-0.030146387,0.325836713,1.167140184,1.003609806,-0.141420493,0.049607694,0.150004255,0.585349176,-0.067757366,-0.142552549,-0.2256083,-0.139719686,0.245780278,-0.178964685,0.2668532,2.187767566,0.014915789,1.543116336,1.226619538,0.371798722,0.236412354,0.326778854,0.768332417,0.725866571,1.03281395,1.181592687,1.720346253,1.848583541,3.521478482,0.586756214,0.707118769,0.763411429,1.43804622,0.619006016,1.189120753,1.060238701,0.299413693,1.088126199,0.670977638,0.715885871,0.6,1.666666667,0.266666667,0.066666667,1.266666667,2.333333333,5.533333333,0.266666667,5.666666667,4.133333333,4.533333333,5.666666667,1.133333333,0.066666667,6.266666667,1.133333333,0.466666667,0.2,3.6,0.133333333,5.6,4.933333333,2.266666667,0.2,0.466666667,1.8,2.8,0.4,0.266666667,1.866666667,4.133333333,7.666666667,1.2,10.86666667,8,7.266666667,10.13333333,5,0.133333333,11.13333333,3,0.733333333,1.266666667,6.133333333,0.266666667,11.33333333,5,6.6,5.733333333,3.733333333,5
0.571396758,-0.045822702,-0.592613447,-0.315104201,0.639492387,-0.078396028,0.023627981,0.195034861,0.166734191,-0.196930896,0.029066599,0.065121283,0.899799653,-0.895861236,-0.295770814,-0.365803473,-0.058839253,-0.452143901,-0.249233888,-0.133762049,-0.266989978,-0.090668683,-0.192616076,-0.221342091,-0.171773516,1.178770507,1.246552655,0.101938465,0.299951073,3.306430128,0.387053105,1.436589979,0.874002911,1.127170272,1.799493938,0.611918835,0.941158003,2.461695304,-0.056333156,0.510291313,0.121020423,0.909356015,0.072129424,0.999685179,0.902953038,0.659386394,0.630855718,1.001254943,1.393987488,0.459311649,6,4.133333333,0.066666667,4.066666667,4,0.333333333,3.933333333,2.666666667,2.6,4.733333333,2.866666667,3.933333333,3,0.133333333,4.333333333,3.133333333,4.2,3,4.733333333,6.333333333,5.266666667,5.133333333,6.866666667,6.2,2.533333333,6.133333333,4.866666667,0.6,4.8,4.066666667,0.4,4.333333333,3,3.333333333,5.266666667,3.8,4.2,3.066666667,1.133333333,4.8,3.533333333,4.6,3.266666667,5.4,7.066666667,5.666666667,5.6,7.6,6.866666667,3,5
0.011162074,-0.048725494,-1.039585188,-0.37748922,-0.137129514,-0.262326302,0.269239396,0.163997318,0.390762929,0.118741366,-0.263607785,-0.249128625,-0.416279269,-0.286558522,-0.038292245,-0.550952396,0.390762751,-0.563551227,0.213908691,-0.268498017,-0.643430196,0.089941011,0.13376131,-0.446332838,-0.332504758,0.446390397,0.73396272,0.11172632,0.755461741,0.522290495,0.749904291,0.775029536,0.629806892,1.568326635,0.521342228,0.175062664,0.629995704,1.045423395,0.76658814,0.774132345,0.041826228,1.56854339,0.825956885,0.751875222,0.79291511,-0.106257555,1.065590399,0.774188581,0.439726332,0.276859999,3.266666667,5.066666667,5.6,3.933333333,2.733333333,0.266666667,1.4,2.266666667,4,1.266666667,1.6,0.066666667,4.2,0.2,2.333333333,0.2,3.933333333,7,5.6,4,0.066666667,4.466666667,0.733333333,3.933333333,0.666666667,4.066666667,8.466666667,8,4.866666667,5.133333333,1.066666667,2.8,2.466666667,4.066666667,2.666666667,1.733333333,2.533333333,4.466666667,0.733333333,3.666666667,2.333333333,5.666666667,10.66666667,6.733333333,7.133333333,3.733333333,7.066666667,1.8,4.933333333,2.333333333,5
0.073150844,0.273007779,0.275057319,-0.028045398,0.619126753,-0.705028616,0.136543395,0.175176549,-0.252085579,0.182916678,0.183289841,-0.116682219,0.541521638,-0.626336544,0.190386201,-0.228472094,0.029401183,-0.099066972,-0.061624506,-0.087581548,0.067044397,0.180731593,0.589362725,-0.544767415,0.178741526,0.611488723,1.505171472,2.652894418,0.808201459,1.780666465,0.700967009,3.023402025,0.836337143,0.891312798,0.938320084,0.603797309,1.156673499,2.0955729,-0.118180488,1.683349564,0.322148238,1.222930058,1.068375015,0.57847637,0.445845365,1.662666742,0.535752499,2.167893642,0.185643299,0.872262567,3.133333333,5.733333333,5.933333333,5.8,1.6,5.666666667,6,0.6,5.866666667,6.066666667,2.666666667,5.933333333,3.2,0.333333333,2.066666667,2.133333333,5.866666667,5.733333333,6.2,0.6,5.8,4.066666667,3.533333333,0.066666667,3.333333333,3.8,7.466666667,9.266666667,7.6,2.6,8.333333333,8.666666667,3.4,7.466666667,9.8,2.733333333,9.333333333,6.266666667,2.133333333,3.6,4.8,7.733333333,6,8.866666667,2.266666667,6.4,4.266666667,6.666666667,2.066666667,4.8,5
0.061822117,0.044143873,-0.472365147,-0.138834546,0.185302611,-0.012375134,0.189633081,0.275768389,-0.407982275,0.09659351,-0.156007399,0.136870069,-0.548473065,0.824470378,-0.283172066,0.00284068,-0.18199335,0.306710261,-0.180687241,-0.264504511,0.088063915,-0.082532694,-0.249985888,-0.658247494,-0.278764113,0.93862904,1.861712451,1.366841695,1.246309794,3.676952776,0.635777777,0.803267394,0.864979265,0.75383835,0.521292465,0.933273272,0.834627286,1.611096602,2.002047135,1.121911398,0.6781176,1.139957924,2.14371861,0.46393669,1.03570984,1.120087022,1.20728517,0.758637508,0.05279025,0.345440213,4.2,6,6,5.333333333,5.266666667,0.333333333,6,5.4,6.8,0.533333333,5.2,0.133333333,5.2,0.066666667,4.866666667,0.333333333,4.333333333,5.666666667,5.4,4.866666667,0.133333333,4.933333333,4.533333333,0.133333333,4.866666667,5.8,8.666666667,6.733333333,6.066666667,7.6,2.2,8.066666667,7.933333333,9,1.666666667,7,1.866666667,7.266666667,1.333333333,5.733333333,2,7,6.866666667,6.6,5.333333333,1.2,6.533333333,5.066666667,1.333333333,6.333333333,5