-0.077487121,-0.230397771,-0.153507811,0.172763157,1.076622546,-0.466041633,-0.069658506,0.397079605,-0.566772405,0.159274737,0.316001969,0.322436452,0.512684192,-0.09870187,0.407320002,0.331015256,0.504686052,-0.060982701,-0.007158907,0.343990646,0.268132529,0.009856964,0.35720042,0.011920448,0.192348245,0.257469008,0.405167925,0.347655266,0.940819798,2.468185764,0.49834646,0.425067064,1.76692349,0.164802687,1.145123158,0.967326956,1.146479601,2.311231303,0.833929555,1.030409878,2.299198553,1.555805402,1.018673375,0.514084703,1.027918996,1.04571324,0.853561293,1.014253153,0.341784475,2.369521799,2.533333333,5,3.933333333,5.4,4.933333333,3.733333333,5.533333333,6.6,1.066666667,6.8,6.8,3.8,3.733333333,0.133333333,6.733333333,6.733333333,3.466666667,6.666666667,0.6,4.266666667,6.8,1.933333333,4.466666667,2.2,6.733333333,3.6,8.533333333,5.533333333,9.6,6.6,4.4,6,7.6,1.333333333,8.133333333,10.06666667,6.333333333,7.8,0.2,8.133333333,7.666666667,3.866666667,10.66666667,0.933333333,7.133333333,9.333333333,2.133333333,6.733333333,2.266666667,7.466666667,1
-1.230853421,-0.303906246,0.017140746,0.747468676,0.378762928,-0.160400229,0.212697002,0.458923623,-1.460958178,0.538609974,1.116577806,0.393828802,0.488616487,-0.510459463,-0.164033865,0.057465325,-0.010884687,-0.464740064,-0.003476869,-0.010311653,-0.027429703,-0.234743734,-0.426383281,-0.30914472,-1.586400923,-0.297189356,0.662542088,0.415976852,1.583991636,0.798862451,0.915556582,1.160706401,1.296596584,-0.393322922,1.316839459,2.243661333,1.059784395,4.326622088,0.003414438,0.481955343,1.76220737,1.379489528,0.833538096,0.348385795,0.335046492,3.086859941,0.111348703,0.159202522,0.191220902,-0.125197303,0.066666667,0.933333333,4,3.4,4.666666667,1.6,3.466666667,3.466666667,0.2,3.8,3.6,1.733333333,4,0.266666667,3.6,3.733333333,3.666666667,4,1.6,3.6,4,0.733333333,0.133333333,0.066666667,0.066666667,0.133333333,3.266666667,8.466666667,8.666666667,10.4,3.6,4.933333333,10.13333333,0.4,5.2,9.466666667,4.133333333,7.666666667,0.533333333,3.733333333,5.6,7.466666667,5.8,5,5.2,7.733333333,0.8,3.733333333,0.4,0.133333333,1
-0.726493193,-0.143286139,-0.144696401,-0.163369952,0.183502123,-1.618641928,-0.265854339,0.164972235,-0.284688988,0.162882963,0.025700611,0.06696965,0.064565724,0.247429064,-0.054139522,-0.027068092,0.079234774,-0.667641536,0.277769549,0.016487629,-0.160899703,0.020929819,-0.091588845,-0.100473415,-0.564114968,-0.019642345,0.775627072,0.22068075,0.271682325,0.892144761,-0.34067433,0.432034839,1.031465624,0.248019331,0.742784507,0.545625002,0.652058739,0.357923064,1.124381643,0.283054284,0.475816612,0.636885217,-0.082432312,0.667374682,0.320831011,0.142328087,0.392024517,0.222870973,0.247556906,-0.101913123,0.066666667,6.133333333,0.466666667,2.466666667,0.333333333,0.133333333,2.6,2.733333333,2.066666667,0.266666667,2.866666667,2.8,7,4.733333333,2.4,2.8,2.533333333,0.533333333,2.666666667,3.466666667,5.866666667,3.4,6.6,4.266666667,0.066666667,0.133333333,13.13333333,1.666666667,3.2,1.133333333,0.266666667,5.266666667,5.8,3.933333333,1,3.133333333,5.4,11.86666667,9.733333333,3.8,3.4,5.466666667,1.066666667,4.4,8.933333333,12.33333333,7.733333333,11.53333333,10.73333333,0.133333333,1
-0.070413048,-0.765428556,-0.871081002,0.337971432,0.415143135,-0.751442021,-0.088111392,0.209257972,-0.331992362,0.537118218,0.001342152,-0.053594392,0.293334086,0.146454349,-0.101215022,0.401742105,0.325775672,-0.654126121,0.402582711,0.021380188,0.012160058,-0.318747597,-0.024954053,-0.140344156,-0.927608519,0.276375628,0.359765081,-0.167804111,1.862962706,1.480129019,-0.003949619,0.582850824,1.521743953,0.816171828,1.283501198,1.184239345,0.792057193,1.356003203,1.326122788,0.491072531,1.712959456,1.312837572,0.894038819,1.378549943,0.797509093,1.700334932,0.311467646,0.529684291,0.344418318,-0.073366501,0.466666667,2.666666667,0.266666667,3,5.533333333,0.333333333,2.866666667,2.933333333,6.333333333,2.866666667,5.466666667,0.866666667,3.4,6.2,7,3.133333333,3.6,2.666666667,5.466666667,2.866666667,2.666666667,2.333333333,5.066666667,2.266666667,5.333333333,2.4,5,0.6,6.466666667,10.73333333,2.6,6.133333333,3.066666667,12.06666667,7.066666667,10.2,6.066666667,8.2,12.6,13.26666667,3.333333333,6.266666667,5.066666667,11.4,7.333333333,5.666666667,4.4,6.8,8,10.26666667,1
-0.39577593,-0.790577791,-0.235804238,-0.553053873,-0.097051731,-1.186456525,-0.649488825,-0.856403722,0.645870204,-0.380836468,-0.785252468,-0.611345893,0.232158288,-0.549578192,-0.060377567,-1.084408832,-0.607558573,-0.375085528,-0.185388352,-0.390101052,-0.572429235,0.027717209,0.03000254,0.197648721,-0.350082714,-0.026107862,0.504926604,0.125574157,0.513410104,1.036563337,0.179297118,0.16299374,0.481478925,1.20556201,0.419594379,0.387177514,0.030153021,0.751877438,0.042215999,0.300444861,0.55382322,0.280592345,0.580542255,0.400882043,0.025100109,0.00879435,0.527104624,0.426949782,0.537067301,0.083380762,0.733333333,0.266666667,1,0.4,0.266666667,0.4,0.333333333,0.333333333,2.733333333,0.466666667,0.533333333,0.466666667,6.466666667,3.666666667,6.866666667,0.6,0.266666667,0.4,0.466666667,0.2,0.733333333,6,5.266666667,5.266666667,6.266666667,0.8,0.466666667,3.133333333,0.533333333,0.6,0.466666667,0.533333333,0.4,5.4,0.6,1,0.6,11.86666667,9.2,8.2,0.666666667,0.466666667,0.466666667,1.466666667,3.6,0.8,12,8.333333333,9.333333333,12.53333333,1
0.42043965,-0.271499229,5.239018951,2.445094791,2.830921858,7.214458446,0.280974364,3.570322964,-2.062130792,2.058753944,2.14716725,1.361793737,1.974725705,-0.308774331,1.231236855,2.054882511,1.196198536,5.184063392,0.138226267,0.900882144,0.892285658,-0.162523283,0.57315566,1.393525646,1.547183348,1.649287909,0.792440545,11.22217698,3.763310518,4.491083195,9.278413367,1.63472957,6.01491197,0.148703965,3.389570916,3.884723384,2.837049507,4.873246136,0.483840572,2.090708657,4.398172212,2.86784413,8.525864431,0.567663501,1.747439627,2.346402456,0.391772659,1.81992091,2.232401383,5.824573792,2.2,0.466666667,6.666666667,6.533333333,1.333333333,2,6.466666667,6.4,0.2,6.4,3.866666667,1.4,6.333333333,0.4,6.133333333,2.066666667,1.866666667,6.4,1.2,1.733333333,6.333333333,6,1.933333333,6.666666667,2.066666667,3.933333333,0.666666667,6.933333333,7.666666667,4.6,4.8,8.333333333,7.6,3.133333333,7.8,4.466666667,5.8,10.33333333,0.6,8.066666667,2.733333333,5.866666667,7.2,1.466666667,5.866666667,9.466666667,10.06666667,6.066666667,7.6,2.666666667,2
0.106603454,-0.952153073,3.720935148,3.395696201,5.295006592,6.048025331,0.628341354,4.106591028,-2.173920193,2.102206264,3.250974907,2.540599171,0.806162897,-0.419957183,0.788955474,2.434585847,1.099610938,1.631030334,0.73772981,0.785092028,0.342254603,-0.466128623,0.709899832,0.669564678,1.323793421,0.78623946,0.09663953,5.859624088,5.457758036,8.01790504,8.589293272,1.885646873,6.154183014,-0.060507078,3.306477971,4.95530747,4.577712644,1.865700088,1.638379155,1.413349666,4.171011423,2.763364325,3.100460335,1.758096044,1.411684365,1.451485559,0.791388831,1.547783107,1.454016282,2.194005722,1,0.466666667,2,4.6,3.066666667,4.466666667,4.466666667,1.666666667,0.2,2.133333333,2.133333333,1.133333333,4.466666667,3.866666667,4.866666667,2.2,0.666666667,4.6,0.933333333,4.066666667,1.266666667,1.466666667,2.6,2.6,6.066666667,4.6,4.133333333,4.933333333,10.46666667,8.066666667,10.46666667,4.533333333,6.333333333,1.133333333,7.2,8,5.866666667,9.2,7.066666667,5.066666667,6.4,3.933333333,5.8,4.4,9.266666667,2.2,1.8,7.8,3.4,6.333333333,2
-0.277979468,-0.477633693,-0.559921064,-0.034164755,1.36959301,0.102361154,0.120914558,0.938138295,-0.837037028,0.827606201,0.069824618,0.355950606,0.308030674,-0.373357758,0.235564338,0.657581981,0.76713907,-0.687309754,-0.004880381,0.177759807,-0.032876404,-0.09074022,0.390771176,0.614392595,0.107827368,0.398244371,0.209356823,0.964436042,1.615885513,3.79798066,1.620764012,1.212774001,2.847017716,-0.092113103,2.165204998,2.126469392,1.834850372,1.769198709,0.074984271,1.283624339,2.580588327,2.488472912,0.434330843,0.353458354,0.763313364,0.779528555,0.334267618,0.982301816,1.020287415,0.63010907,0.333333333,1.6,0.4,0.533333333,0.533333333,1.8,0.333333333,0.733333333,5.866666667,0.933333333,0.533333333,0.6,1,6.333333333,0.8,0.8,0.8,0.066666667,0.333333333,0.8,0.666666667,0.8,1.2,1.4,0.333333333,0.6,2.733333333,2.2,2.2,2.733333333,2.8,6.666666667,2.933333333,11.46666667,3.2,2.266666667,2.4,1.266666667,9.933333333,2.466666667,3.4,2.8,1.533333333,1.466666667,1.8,0.866666667,1.866666667,6.666666667,7.8,1.933333333,2
-0.177077527,0.318843601,2.265134431,0.351432969,1.683125548,0.628932825,-0.174726817,1.749797174,-0.412810583,0.045719498,-0.805649791,0.01694236,0.196078003,2.021420996,0.124609479,0.953747052,0.53865571,-0.08910118,0.156238518,-0.037570577,0.276360729,-0.65511141,0.201420252,0.719256613,0.770549268,0.374174966,1.852488581,3.568356998,2.616672748,4.24763263,2.331155718,1.744396328,4.272281162,0.837423115,1.041508945,0.688273356,1.492783581,0.99826184,3.208580807,0.812103493,2.404536951,1.976117464,1.178985141,1.16396738,0.612349368,1.101105311,0.06037215,0.772985672,1.883503871,1.592761626,2.133333333,2.666666667,1,1.066666667,0.533333333,2.666666667,2.733333333,2.666666667,6.6,2.2,2.4,1,1.4,2.2,1.4,2.666666667,1.133333333,2.133333333,2.866666667,1.133333333,2.2,0.266666667,1,1.6,4.466666667,2.333333333,3.533333333,5.933333333,1.6,2,3.866666667,3.6,4.4,9.8,3.133333333,2.8,1.666666667,3.933333333,6.333333333,1.8,4.333333333,1.866666667,2.733333333,3.6,2.533333333,3.466666667,4.533333333,1.466666667,2.466666667,5.8,2
-0.112186552,0.111725323,4.31085424,1.45193139,4.337194083,3.80274254,0.106073197,4.26625285,-0.970917437,1.864944243,0.528312294,1.191472283,0.511073589,-0.060861669,0.239526766,2.781443548,1.346206893,0.832832809,0.795127946,0.519544634,1.521620148,0.07269192,-0.155281494,1.587020523,0.837552206,0.330868015,1.267131705,7.734150195,3.311232659,6.013022221,4.952696852,1.09128917,6.021949258,-0.300887859,2.804975891,2.697567842,3.171414639,1.18190473,3.059350215,0.974570542,4.659607936,3.435878017,2.237714203,1.582438295,1.132822959,2.238212714,0.79766451,0.639393064,2.350827144,1.653539426,3.866666667,1.6,1.666666667,7,2.533333333,1.666666667,6.933333333,1.066666667,0.066666667,1,0.6,1.066666667,0.866666667,0.266666667,1.266666667,1.6,0.933333333,7,7,1.066666667,7,5.8,0.933333333,1.6,6.333333333,4.066666667,4.8,2.333333333,9.933333333,4.866666667,4.533333333,9.4,3.6,1.733333333,3.2,3.733333333,4.266666667,2.933333333,0.933333333,3.733333333,2.733333333,1.133333333,7.866666667,9.4,3.8,9.733333333,7.466666667,3,3.4,9.533333333,2
-0.302555396,-1.324657793,2.79666073,1.555683274,3.829244361,8.952171599,-0.198599879,3.473391614,-3.114605697,3.527526957,3.030841296,3.066699183,3.827277259,-0.982140305,1.524932571,3.675073928,1.915958505,1.000683367,1.336816167,1.121716405,2.757702287,-0.915784299,-0.640180656,0.042384009,4.691814578,0.492956069,0.360664292,5.892984371,2.453763373,6.159503943,11.35835989,1.262984554,5.161737477,0.232585202,5.047574516,5.692128789,4.48508908,10.8423721,2.953897131,3.060372419,6.804798366,6.776505344,1.985091675,2.582099869,1.785193376,5.530583526,0.365601769,0.569423525,0.578800349,10.93574497,0.333333333,0.2,1.666666667,3.4,0.666666667,1.733333333,0.466666667,6.533333333,0.066666667,1.466666667,1.733333333,1.733333333,3.933333333,0.266666667,4.266666667,1.466666667,1.466666667,6.6,1.466666667,6.4,3.933333333,0.066666667,0.4,2.066666667,7,0.466666667,1.4,6.266666667,10,5.133333333,1.866666667,1.733333333,7.8,0.133333333,5.733333333,5.733333333,1.8,4.733333333,0.6,6.533333333,8.133333333,7.933333333,12.13333333,4.466666667,10.2,5.666666667,0.2,0.466666667,3.6,9.933333333,3
0.103286329,0.116813462,0.751864033,0.023091159,0.478900295,2.338982038,-0.0392806,0.052801218,-0.127324006,0.104524384,0.088730675,0.050109437,-0.847571808,-0.021816929,0.406807483,1.364933812,0.433332549,-0.935455324,0.485621848,0.170117617,-0.120522909,-0.238126099,-0.045816443,0.429141445,1.098444683,0.554691697,0.401107673,1.813569736,0.336782914,0.939429233,3.366056739,0.449606771,0.999936059,1.299401796,0.8713803,1.247371635,1.014791181,0.756750491,0.586652019,0.599854679,2.939834387,1.31736669,0.044669874,1.118767286,0.507273645,0.588347125,0.439952622,0.392072088,0.706899412,2.038433036,5,0.333333333,2.2,1.733333333,1.2,1.866666667,0.333333333,1.8,6.066666667,2,1.533333333,1,1.533333333,7,2.933333333,1.933333333,1.733333333,2.2,1.933333333,1.8,1.4,0.266666667,0.533333333,4.4,3.466666667,7.066666667,2.133333333,2.266666667,1.866666667,1.6,3.266666667,2,1.866666667,7.866666667,2.133333333,1.6,1.066666667,1.933333333,8.6,4.933333333,2,1.8,2.266666667,2.333333333,2.2,1.8,2.066666667,1.733333333,5.466666667,3.8,3
-0.170428844,-1.11474341,2.049067834,-0.022801143,1.366126737,2.809756426,-1.03856338,1.032788051,-0.10999115,0.283428991,0.512064884,0.529329539,0.905899024,-0.609132832,1.210126052,1.941832773,0.561896621,0.106576807,-0.130078549,0.159237046,0.136863807,0.170385118,-0.0069396,-0.769839857,1.526025531,0.261804207,-0.071316119,3.651226479,1.296269041,4.124954184,5.816343586,-0.127467088,1.849272183,1.376744909,1.607705886,1.977539617,2.102912629,2.021184672,0.67834153,2.018165461,3.736227676,2.238314285,0.856249137,1.362473525,0.497580434,0.744195547,1.053768957,0.356588042,0.033330783,2.258658555,6.2,6.466666667,1.533333333,1.333333333,0.6,0.733333333,0.6,2.466666667,4.333333333,0.666666667,1.266666667,0.733333333,2.6,0.266666667,6.4,1.533333333,0.666666667,6.133333333,0.666666667,6.266666667,2.066666667,7,0.466666667,0.666666667,1.6,6.266666667,6.8,1.666666667,1.4,0.866666667,0.8,0.733333333,3,5.2,0.8,1.4,0.866666667,2.933333333,0.733333333,7.266666667,1.8,0.733333333,6.6,1.333333333,7,2.4,7.666666667,1.2,1.333333333,2.466666667,3
0.072440987,-0.073879246,2.595333079,1.836387345,3.566984394,3.191928335,-0.196566121,3.423466188,-1.286387932,2.341357289,3.486662551,2.030941451,3.863148893,-0.762516637,1.543928662,4.443479103,2.377116579,0.688953108,1.140687621,0.6580918,1.709217302,-0.967274292,-0.071817299,-0.396531407,3.141569608,0.374741239,0.721227648,4.604067116,2.747412283,5.93494739,4.725817354,2.091801687,5.278859647,0.193577989,4.138648642,5.411985268,3.025197833,7.522166981,1.083181634,2.540342423,7.069603487,4.406191714,1.745926864,2.429426457,1.199527635,3.068287077,0.126267722,0.488308054,0.130722033,5.213301676,4.733333333,0.066666667,1.8,4.733333333,0.733333333,4.733333333,6.533333333,4.733333333,0.266666667,4.8,4.733333333,4.8,4.866666667,0.2,4.866666667,4.8,5.4,4.733333333,4.8,5,4.8,0.333333333,0.466666667,2.133333333,2.4,7.066666667,0.8,4.066666667,6.333333333,1.866666667,5.933333333,8.866666667,6.133333333,1.466666667,5.4,7,6,6,1,7.133333333,7,6.666666667,6.133333333,6.666666667,6.333333333,5.933333333,2.2,0.6,3.2,3.533333333,3
0.316540496,-1.141969921,4.278440133,1.352227049,5.330636597,3.792090584,-0.077613802,2.783932941,-0.982622142,1.907395262,3.15043557,1.314748592,1.109701899,-0.958474056,1.212922146,3.066917926,1.790389335,1.008191191,0.66180721,0.789897805,1.605291924,-0.385549747,-0.924125016,-0.663469066,1.332734594,1.121493915,0.580659075,7.582453955,2.167955909,8.094541386,7.510442015,1.593849588,6.309929589,0.297039167,4.319665716,5.203835174,3.992212273,3.525043105,2.074622478,2.16906111,4.615658321,3.519365155,3.65218356,1.482236149,1.667208456,3.529755106,0.601983136,-0.097906443,0.230753256,3.419608877,0.066666667,6.8,2.066666667,2,0.6,6.933333333,6.733333333,6.8,6.133333333,6.866666667,2.333333333,7,6.933333333,0.266666667,2.533333333,1.2,0.8,6.866666667,0.866666667,6.733333333,6.933333333,6.533333333,0.466666667,0.2,6.8,3.8,13.66666667,6.8,5.4,4.666666667,11,6.933333333,9.4,12.06666667,10.26666667,6.533333333,9.2,11.06666667,0.733333333,4.066666667,1.6,4.466666667,10.26666667,4.066666667,7.666666667,11.13333333,12.66666667,0.933333333,0.933333333,11.73333333,3
0.278826384,-0.589366052,2.736012014,1.076307727,1.872331448,4.811422088,0.271328732,2.580761623,-1.485003497,2.336656379,2.678033413,1.866954633,0.538927898,-0.062924517,0.339113123,2.92249624,1.577062195,1.016119616,0.600783262,0.432102271,0.555243337,-0.888721365,0.203181809,0.617896301,0.294216199,0.806100398,0.161130191,4.704096616,2.019050194,4.379455794,7.034191828,1.003921486,3.835695067,0.114734337,4.077649144,4.368699104,3.599683388,2.668076533,1.635708047,0.854166602,5.662769502,3.125993659,1.771558268,1.178433353,1.10051268,1.49362816,0.375706006,0.787042396,1.337659199,2.201761516,1.666666667,0.066666667,2.4,2.933333333,0.733333333,2.733333333,0.733333333,2.866666667,0.333333333,2.733333333,3.133333333,2.733333333,2.266666667,0.4,3.266666667,2,2.866666667,2.666666667,2.6,2.866666667,2.133333333,0.066666667,1.333333333,1.6,2,5.733333333,0.533333333,7.666666667,6.6,1.733333333,8.133333333,2.266666667,7.266666667,0.4,6.2,7.066666667,5,2.6,5.133333333,5.933333333,4.533333333,5.8,5.933333333,6.2,4.933333333,6.866666667,3.666666667,1.533333333,6.266666667,3.266666667,4
-0.319635515,-0.335587896,-0.957042782,-0.408920523,0.05535757,-1.642271897,-0.406874623,-0.564770233,0.5060516,-0.318968024,-0.662581629,-0.017682436,-0.4910608,-0.132973757,-0.365143264,-0.490021437,-0.448942245,-0.842314083,-0.251391807,-0.120597485,-0.949412263,-0.375802958,-0.271216362,0.234434572,-0.483722062,-0.080792214,-0.02085979,-0.008972878,0.120557884,0.687161137,-0.298052436,0.089030433,0.127854363,1.863839238,0.265298698,-0.137788105,0.238540118,0.897539278,0.160522031,-0.101985276,0.16137101,0.118034361,-0.04196942,0.030927384,0.053893438,-0.015287513,0.17696441,0.070124892,0.405615112,1.317698854,0.133333333,0.333333333,0.4,0.533333333,0.6,0.533333333,0.533333333,3.333333333,6.866666667,1.266666667,1.266666667,1.4,1.266666667,1.333333333,1.2,3.4,1.266666667,1.4,1.333333333,3.066666667,1.266666667,0.133333333,1.266666667,4.266666667,5.933333333,0.2,0.6,0.733333333,1.266666667,1.533333333,1,1.066666667,6.666666667,13.26666667,2.666666667,2.466666667,7.266666667,2.533333333,2.4,2.333333333,6.666666667,2.4,2.733333333,2.6,6.333333333,2.466666667,0.6,2.4,10.46666667,7.066666667,4
-0.262991722,-0.172663439,0.580267271,0.721199718,1.948955468,3.708344586,0.446159784,2.832748933,-0.888039998,2.536298037,1.749236925,1.173172737,1.017826671,-0.577951851,0.394010113,4.099558422,1.403226197,1.142915241,0.88609913,0.219956259,0.503030051,0.08364422,-0.021035919,0.610975815,0.345822322,0.797066684,0.483875722,1.359564064,1.611886099,4.042627029,5.658095984,1.558117791,4.553193327,0.032756021,3.969331959,3.549425766,2.209600097,1.646884874,0.499831151,0.84071452,6.393796355,2.652552469,1.889169101,1.988866867,0.711913669,1.150260908,0.909575251,0.342141916,1.093189754,1.053095124,5.933333333,0.333333333,1.4,4.933333333,0.6,4.666666667,4.666666667,0.6,0.066666667,4.666666667,0.933333333,4.8,4.933333333,0.266666667,6,1.8,1.666666667,5.133333333,0.933333333,5,5.2,6.8,2.466666667,1.933333333,6.2,6.533333333,0.6,1.666666667,5.266666667,0.666666667,5.8,5.8,1.4,0.4,5.6,1.333333333,5.266666667,6.066666667,0.333333333,6.333333333,2.533333333,1.733333333,6.266666667,1.2,6.133333333,5.466666667,7.866666667,2.8,2.2,7.2,4
0.295041233,-0.239403655,0.187253541,0.608925548,2.401437993,1.245487042,0.392114669,1.159512827,-1.68041672,1.429261795,2.692232148,0.945700187,0.199451955,-0.250122703,0.057008055,2.329963485,0.939758157,-0.120505975,0.247722309,0.088270385,0.080678654,0.034209788,-0.292556534,0.143731782,0.77250335,1.072127259,0.882785959,0.829500693,1.681308235,4.671804308,1.93650817,1.765950164,2.517360385,-0.19035496,2.814843397,3.961118316,1.711389353,0.76723465,1.214912386,0.445537369,3.51769461,1.797794648,0.911866819,0.876483238,0.617049247,0.84699932,0.451991456,0.230186974,0.575402622,1.551549228,4.066666667,6.266666667,0.533333333,2.333333333,2.266666667,0.6,5.133333333,0.6,0.133333333,0.6,1.2,0.866666667,1.6,6.266666667,2.6,2.6,0.6,6.266666667,0.466666667,0.866666667,6.266666667,0.066666667,0.4,1.666666667,5.333333333,6.466666667,8.466666667,2.933333333,5.266666667,2.333333333,2.266666667,6.133333333,0.733333333,0.2,0.866666667,3.066666667,3.866666667,3.6,6.333333333,5.066666667,5.4,3.333333333,8.866666667,1.666666667,3.8,9.2,0.466666667,3.4,2,5.4,4
-0.251272877,-1.995219308,0.050381272,-0.137910491,0.463229148,-0.206269462,-0.435300594,0.287352219,-0.30637028,-0.091786854,0.046004937,0.294626215,0.169920662,-0.258388902,-0.083457557,0.867373795,0.051169126,-0.285691126,0.315215388,-0.107792871,-0.020758542,-0.058820177,-0.095412803,-0.031583498,0.015217789,0.242479681,0.169463418,0.503098971,0.361996844,1.221159174,0.797551033,0.114495489,1.162875776,0.123849478,0.632288877,1.207606277,0.68509832,0.394821573,0.192003861,0.174386565,2.05074567,0.860122243,0.37187127,0.783132346,0.209741873,0.284175321,0.155084206,0.208345069,0.126632123,0.281789183,1.133333333,0.066666667,1.333333333,0.6,0.933333333,0.866666667,1,0.933333333,6.4,0.933333333,1.2,1.133333333,2,3.733333333,5.066666667,1.133333333,1.133333333,1.2,0.666666667,0.6,6.8,0.133333333,6.4,1.266666667,2.466666667,1.266666667,0.2,2.266666667,0.666666667,2.866666667,1.333333333,1.266666667,2.133333333,11.53333333,1.466666667,1.933333333,4.666666667,2.2,5.2,10.06666667,3.466666667,1.733333333,1.466666667,3.333333333,4.733333333,11.6,2.666666667,11.26666667,4.666666667,3.266666667,4
-0.396521386,-0.432063119,0.712596796,0.406982664,1.205912627,2.502796846,0.378898074,0.95875958,-0.857427217,0.992126531,1.645195121,0.931000782,0.191320967,0.040366374,0.462128257,1.507154392,0.425321094,0.948711481,0.443071398,0.282787309,0.016410709,-0.208529434,0.148180596,0.653451132,0.19314751,1.179558466,0.0444379,1.242137437,0.891424238,2.138318686,4.027538103,0.937740999,1.681241935,0.010543468,1.670039379,2.451917466,1.864345416,0.539004527,0.423769614,0.916870615,2.59822919,1.027768612,1.406773378,0.981251288,0.542939791,0.363503843,0.2095501,0.53734373,1.595574764,0.578628007,6.266666667,5.533333333,2.266666667,0.8,0.933333333,0.733333333,0.866666667,0.666666667,6.266666667,0.733333333,1,1,2,6.333333333,2.4,1.866666667,0.8,6.4,1.2,2.266666667,0.733333333,5.6,2.533333333,6.8,5.133333333,7.066666667,6.266666667,2.4,0.933333333,1,0.933333333,0.933333333,0.8,6.333333333,0.8,1.2,1.8,2.133333333,6.4,2.666666667,1.933333333,1,7.133333333,1.333333333,2.533333333,0.933333333,5.666666667,2.733333333,6.933333333,5.333333333,5
0.143579324,-0.85547447,-0.086482437,0.098950875,1.589596195,1.45660861,0.162005387,1.567372208,-0.730292905,1.394259307,0.60636508,1.465003741,0.353129839,-0.039039258,0.372276896,3.411982419,0.851284999,0.995896978,0.536230126,0.0168269,-0.36658865,-0.735718335,-0.481213953,0.519265606,-0.165767523,0.947826811,0.063060526,1.363444376,0.884089409,2.807317339,2.424885334,0.803160579,3.263643143,0.823894068,2.648799364,1.980294874,2.360709584,1.13343557,3.218694004,1.071904981,5.223124345,2.321992668,2.132318831,1.621021892,0.612886004,0.164336613,-0.15034905,0.106054123,1.1890833,0.68858266,1.066666667,0.466666667,1.266666667,1.066666667,3.066666667,1.4,5.266666667,1.4,0.066666667,1.4,1.133333333,1.2,1.8,0.4,1.066666667,2.933333333,2,4.666666667,2.066666667,2.933333333,1.333333333,0.066666667,1.066666667,3.133333333,2.866666667,3.133333333,4.666666667,1.466666667,3.666666667,4.066666667,4.466666667,7.6,5.266666667,5.866666667,5.733333333,2.533333333,4.933333333,7,0.533333333,2.133333333,8.133333333,3.666666667,5,2.533333333,5.533333333,5.466666667,0.133333333,1.133333333,6,4,5
0.26978732,-0.309298322,-0.033107585,-0.201868195,0.21737827,0.021411307,0.208315549,0.061371983,-0.377252282,-0.062898436,-0.299777293,0.23844786,-0.750554351,0.180944087,0.228697352,1.90623347,0.447835098,-0.508804229,0.589944598,0.12389775,-0.586906964,0.127817371,0.227327474,0.803755476,-0.26399284,1.435084243,0.086801869,0.603627302,0.510198202,1.06355427,0.759654659,0.554533205,1.173349006,0.141773705,0.981189033,0.654249743,1.12414402,0.10566159,0.954644027,0.569151753,2.93826934,1.138050671,0.026285251,1.2014138,0.353454674,0.200901555,0.842866199,0.663809299,1.384456658,0.248328298,3.666666667,0.4,0.666666667,0.666666667,0.733333333,3.666666667,3.266666667,0.666666667,2.4,0.466666667,4.466666667,2.933333333,0.533333333,6.933333333,2.933333333,4.333333333,4.266666667,1.6,2,1.266666667,0.333333333,6.8,6.6,2.533333333,0.466666667,6.466666667,3.8,1.333333333,1.466666667,1.466666667,4.266666667,5.133333333,1.533333333,5.133333333,1.133333333,5.4,3.866666667,1.933333333,7.4,3.2,6.6,6,2.2,2.4,2.866666667,1.266666667,10.2,9.333333333,4.133333333,1.6,5
0.060444276,-0.922193227,0.086541466,0.422464444,0.444688644,0.006068901,0.032130199,0.720306023,0.998219186,0.357091413,-0.791618356,-0.52140754,-2.565973508,-1.3715901,-0.316556497,-2.014107977,-0.805398988,-1.22217961,-0.402513352,0.282912321,-1.762013009,-0.030148651,-0.910769496,0.748608478,-2.019590454,0.558448712,0.21273559,0.591192316,1.099471864,1.572732838,2.039216887,0.335131128,1.521669088,4.099730701,0.806855511,0.660572492,0.711519487,0.816705652,-0.239515783,0.29162468,0.422262092,0.83391783,0.00901641,0.142968789,0.573516149,0.256895498,0.31850957,0.050711077,1.126719973,0.11733337,1.6,0.266666667,1.8,2.666666667,1.666666667,1.866666667,4.466666667,0.933333333,7,5.133333333,0.333333333,0.066666667,0.066666667,0.066666667,0.2,0.466666667,0.466666667,0.133333333,0.066666667,2.8,0.066666667,1.533333333,0.4,4.6,0.266666667,3,5.666666667,6.733333333,3,3.266666667,2.733333333,5.933333333,3.533333333,10.4,5.8,1.533333333,1.533333333,2.066666667,0.133333333,0.8,3.933333333,3.333333333,0.466666667,3.6,6.133333333,2.133333333,6,5,9.866666667,3.733333333,5
-0.025671411,0.591790305,-0.342357879,-0.306568502,-0.052492472,-0.628424991,0.220527609,-0.111765863,-0.20506114,0.232774766,-0.033855937,-0.043808699,0.05784351,0.234622474,-0.045666916,0.244927202,0.085913354,0.229767192,0.314661073,0.009081238,-0.207280769,0.078931414,-0.138020197,0.515034431,-0.653657534,0.77479859,1.702955679,0.003072455,0.195705924,0.802946345,0.638139441,0.54474224,0.751247144,0.079716119,0.764282354,0.661341001,0.278440702,0.320022635,0.925273915,0.186150862,0.914855,0.573314751,2.379099851,0.599047947,0.340402126,0.285174683,0.329684333,0.137611371,0.940793026,-0.162182656,1.333333333,1.733333333,0.133333333,0.2,0.533333333,0.466666667,1.866666667,0.533333333,3.533333333,0.533333333,1.733333333,2.933333333,2.6,6.933333333,1.666666667,1.4,2.8,1.666666667,2.666666667,3.466666667,0.066666667,2.8,0.2,2.4,0.133333333,2,1.8,2.066666667,1.733333333,2.2,0.666666667,6,2,6.2,1.533333333,3.333333333,4.8,7.266666667,11.26666667,1.8,3.666666667,4.266666667,3.266666667,2.8,6.266666667,0.733333333,3.4,1.4,7.6,1.6,5