0.30461040019522,0,-0.204762663911107,-0.107981627282746,0.334543064888757,0,-0.0699556849239771,0.871924781950464,-0.31419688432511,0.630488095369002,0.254405964316561,0.056568717784425,-0.211332242424361,0.130618667483981,-0.26822795175693,0.063515059332438,0.115595222323026,-0.0109669789887576,0.0394750388313254,0.22151685283995,1.75685985512314,0,0.594814244597436,0.772576243935617,1.62191321766197,0,1.0526258470522,3.40034143169696,0.11180185236616,0.984065190366858,0.96047266413543,0.650040655937446,0.555972510393075,0.72037797698679,0.0728524573241416,0.473397469923515,1.26516549055416,0.563690109877591,0.652409968794854,0.736374933066964,3.06666666666667,0.0666666666666667,3.06666666666667,1.53333333333333,4.86666666666667,0.0666666666666667,3.06666666666667,3.06666666666667,0.266666666666667,3,0.466666666666667,4,0.8,3.4,0.866666666666667,2.8,3.26666666666667,4.66666666666667,1.73333333333333,2.73333333333333,3.46666666666667,0.133333333333333,3.26666666666667,1.73333333333333,7.2,0.133333333333333,4.2,4.13333333333333,3.06666666666667,6.8,0.533333333333333,4.66666666666667,1.33333333333333,4.93333333333333,1.93333333333333,3.2,4.33333333333333,6.66666666666667,1.86666666666667,4.86666666666667,1
0.488327861832956,0,-0.317186839023932,0.388979048995987,-0.879366255771876,0,-0.516453993262111,0.133269293681417,-0.322887246893735,-0.388128716931746,0.093279814089739,-0.320331250541836,0.0399512080749779,-0.121071118891535,0.141249053297617,0.275066728244499,-0.349700279264536,-0.464290068801927,0.00786798108778763,0.265947225288578,1.58776615013038,0,0.183255159518815,0.974700530912541,1.28905926153829,0,0.272123656065569,1.18661133128544,0.0506677268204169,-0.0831017075735549,0.480367893054106,0.130952997631138,0.533643138019478,0.29277831404308,0.442292190930944,0.663079949147249,0.0371212155307898,0.243481414493962,0.586470699593301,0.843012784616656,3.73333333333333,0.0666666666666667,0.666666666666667,3.86666666666667,0.533333333333333,0.0666666666666667,0.333333333333333,3.73333333333333,0.6,0.4,6.26666666666667,0.533333333333333,6.66666666666667,4.06666666666667,2.26666666666667,2.13333333333333,0.333333333333333,6.33333333333333,0.6,3.73333333333333,4.26666666666667,0.133333333333333,4,7.2,2.13333333333333,0.133333333333333,0.733333333333333,4,3.53333333333333,0.466666666666667,6.6,1,9.8,4.2,3.6,4.93333333333333,3.53333333333333,8.86666666666667,0.666666666666667,5.53333333333333,1
-0.390079283960644,0,0.0453579970425448,-0.117552302783714,-1.57072541802732,0,-0.314975493411442,-0.813928910823502,0.28285832085791,0.0277214516274165,0.0835906672669606,-0.111752896015921,-0.101742504339665,-0.178345348115147,0.203534763237178,0.0147385925664455,0.116552678351823,0.339825919934103,-0.0424434880071086,-0.290053085519935,0.123350925750634,0,0.550662536506866,0.349140254737761,-0.344446363813757,0,0.0616917809154771,-0.0241601396425659,0.662041043426413,0.370006155757767,0.690885557193521,0.369738069091362,0.245011779927435,0.17119370442404,0.553074457146349,0.293839627895065,0.547079351424949,0.780030611138006,0.455657189914499,0.230841311259791,6.93333333333333,0.0666666666666667,3.66666666666667,2.73333333333333,0.266666666666667,0.0666666666666667,0.733333333333333,0.333333333333333,7,1.73333333333333,0.466666666666667,0.733333333333333,1.8,0.666666666666667,2.2,4.26666666666667,2,4.13333333333333,2.33333333333333,1.46666666666667,7,0.133333333333333,3.73333333333333,2.8,0.333333333333333,0.133333333333333,0.866666666666667,0.4,7.06666666666667,1.86666666666667,0.533333333333333,0.8,1.93333333333333,0.733333333333333,2.26666666666667,4.4,2.06666666666667,4.2,2.46666666666667,1.6,1
-0.252466729452766,0,-0.322491726616528,-0.572424025100399,-0.868619914920222,0,-0.481904391158898,-0.22690456435359,-0.521639375919769,-1.061931153917,0.581342838881202,0.167765081787543,-0.0656216748926974,-0.191480279666296,0.465599042889571,-0.464606913759359,0.409056733344681,-0.502036661849899,0.0659594296943669,-0.014215103659895,0.586332392221793,0,0.471190666441651,0.311268173831841,1.18028704348929,0,0.461559696071456,1.53814523500564,0.590012418698632,0.116068234183985,1.43804478315679,1.29484779608108,0.742695056900848,0.685890624493169,1.42161862323377,0.598341464497351,1.74381060084573,0.902136989011656,0.826922678268025,0.681593801913035,2.33333333333333,0.0666666666666667,2.46666666666667,1.13333333333333,4.66666666666667,0.0666666666666667,1.93333333333333,0.733333333333333,0.933333333333333,0.866666666666667,1.53333333333333,6.33333333333333,5.93333333333333,2.73333333333333,4.33333333333333,0.266666666666667,6.33333333333333,6.8,2,5.06666666666667,6.53333333333333,0.133333333333333,5.86666666666667,2.06666666666667,7.2,0.133333333333333,2.33333333333333,1,4.6,1,5.93333333333333,9.4,9.26666666666667,6.86666666666667,6.26666666666667,0.6,10.9333333333333,11.4,2.06666666666667,8.53333333333333,1
-0.0298128883827208,0,-0.206387785508818,-0.126468257377029,-2.21060524213657,0,-0.0440515574831919,-0.348527510258131,0.0185187880147703,-0.215703635133886,-0.146277967841773,0.0245141451054711,-0.190621793372024,0.0152206184616666,0.141429541745307,0.372894587606258,0.0621777508204989,0.347450789684964,0.157029446651565,0.0714105403992103,0.345638192547076,0,0.1073469452707,0.265103348731243,-0.257385246210814,0,0.176189795073201,0.205644144887335,0.275682182048809,0.215721732230086,0.183529353983462,0.419319802944133,0.0185766146247526,0.251416249924705,0.427351051341122,1.31436435733973,0.435793767477243,0.832519317366051,0.370135620713848,0.527328734578773,5.6,0.0666666666666667,0.666666666666667,0.6,0.0666666666666667,0.0666666666666667,4.26666666666667,1.06666666666667,6.86666666666667,0.933333333333333,1,6.93333333333333,0.333333333333333,6.93333333333333,6.6,4.2,6.86666666666667,1,3.53333333333333,4.26666666666667,6.13333333333333,0.133333333333333,2.06666666666667,1.06666666666667,1.33333333333333,0.133333333333333,4.8,2.26666666666667,8.06666666666667,1,1.06666666666667,7.2,1.4,7,7.93333333333333,4.4,7.86666666666667,1.33333333333333,3.8,5.66666666666667,1
-0.408599161278638,0,-0.475219628714431,0.0766877403270513,1.21928566302933,0,-0.345953766053702,0.497464820246937,-0.225767231569092,-0.188595203143871,0.133247632983465,-0.465848938849155,-0.3771214453395,-0.224557848682561,-0.108758493507908,0.00275112691379234,-0.59348727220264,-0.202779119329383,-0.00411899394462654,-0.0740231806578521,0.504457487458322,0,0.147822473696303,0.798985128173839,3.33287557101218,0,0.214271719426364,1.67335924574658,0.235698508355388,0.256427324943668,0.896707526426847,0.0678000379844006,0.416011676873356,0.331947271014187,0.399947674613241,0.771709667825462,0.0529891095320497,0.610893277451421,0.569934810162211,0.485587991655521,0.466666666666667,0.0666666666666667,4.6,0.866666666666667,4.93333333333333,0.0666666666666667,0.6,4.2,4.93333333333333,0.0666666666666667,0.533333333333333,0.133333333333333,0.4,0.266666666666667,0.733333333333333,1.8,0.4,1.6,0.4,4.46666666666667,4.53333333333333,0.133333333333333,6.73333333333333,1.66666666666667,6.73333333333333,0.133333333333333,4.93333333333333,6.8,8.06666666666667,1,1.2,2.93333333333333,2,1,2.6,3.06666666666667,4.46666666666667,2.06666666666667,0.8,6.86666666666667,1
0.0864747663772886,0,0.198294035048963,-0.162830978924233,1.13953920469305,0,-0.0715461885826779,1.34070631352,0.0889325026413144,-0.0934952826772175,0.205955583239198,-0.683981795380266,0.125640234721062,0.123962303401125,0.0226061090593202,0.0339247013108014,0.0719724937763468,0.588692154372269,0.0029024079616507,-0.279936058240374,0.783032962451404,0,0.659828438814686,0.717259129016098,4.83891454780793,0,0.54842858161681,2.43000382064383,0.475631679059307,0.313419905284568,1.10822746552806,-0.0651375943804757,0.647632073069703,0.657959100037851,0.55309550178467,0.581883250158639,0.747411573951689,1.10014196212747,0.647064983678614,0.307555101334982,2.66666666666667,0.0666666666666667,2.66666666666667,0.666666666666667,7,0.0666666666666667,2.66666666666667,0.0666666666666667,3.46666666666667,0.6,0.533333333333333,0.133333333333333,2.93333333333333,6.46666666666667,6.06666666666667,6.66666666666667,2.66666666666667,3.73333333333333,0.733333333333333,0.8,3.53333333333333,0.133333333333333,3.86666666666667,0.8,10.8666666666667,0.133333333333333,4.46666666666667,3.33333333333333,6.46666666666667,1.66666666666667,2.53333333333333,0.2,7.26666666666667,6.53333333333333,8.8,10.5333333333333,2.8,6.13333333333333,0.866666666666667,1.13333333333333,1
0.294161147326405,0,-0.236282426493222,0.298526319241034,-0.473514924326846,0,-0.344426362161944,-0.663973511949541,-0.153050280128364,-1.07386199904859,0.46657068479703,-0.664088712446795,-1.12902085035009,0.415790188726842,-0.2576906576661,0.339170245942756,-0.0355668362873522,0.804418204490585,0.232864755809528,-0.198332197277986,3.03393703681006,0,1.48376556269,1.37173129124368,4.49111889048694,0,1.20056877356732,4.36740983572787,0.500005529628744,-0.205188809067295,1.88886839364113,0.395241844015402,0.310533952365618,1.69577815962919,0.641368718600322,1.75763200585819,0.877371537291912,2.31759745214622,1.71519006918003,0.719373860241088,6.86666666666667,0.0666666666666667,6.86666666666667,3.6,2.2,0.0666666666666667,7,6.93333333333333,4.13333333333333,0.933333333333333,5.26666666666667,0.2,0.0666666666666667,6.86666666666667,1.4,4.93333333333333,5,5.8,6.8,0.0666666666666667,7.06666666666667,0.133333333333333,7.06666666666667,3.73333333333333,2.26666666666667,0.133333333333333,7.13333333333333,7,4.26666666666667,1,5.4,0.333333333333333,0.266666666666667,7.06666666666667,1.6,5.13333333333333,5.2,5.86666666666667,6.86666666666667,0.2,1
0.129257713116018,0,0.0379591736333073,0.203617892931256,1.97561142466673,0,-0.315169466181017,-0.142378091015075,-0.181471215008475,0.118331993085727,0.135918200192573,-0.184177500188327,-0.284287372230416,0.192682195427256,-0.150748431200405,0.0115503193953125,-0.0781162628685422,0.795583639884586,-0.0430183869629583,0.028870723986376,0.751463782190728,0,0.527157434529037,0.935581057644337,5.8613748686336,0,0.438260435036152,0.55746349981531,0.360312470530704,0.679018210215091,1.33138480312553,0.709983192838066,0.560643272392881,0.906552011652932,0.26476267428467,0.494453754949419,0.522075587509601,1.73774155210607,0.455021729674103,0.888195907470609,2.86666666666667,0.0666666666666667,2.86666666666667,5.26666666666667,5.2,0.0666666666666667,2.26666666666667,2.8,2.46666666666667,1,3,6.33333333333333,5.13333333333333,2.26666666666667,5.6,2.8,1.13333333333333,2.4,0.8,6.73333333333333,5.26666666666667,0.133333333333333,6.53333333333333,7.86666666666667,5.26666666666667,0.133333333333333,2.4,5.06666666666667,3.93333333333333,2.06666666666667,3.13333333333333,10.2,7.2,2.4,7,3.6,1.46666666666667,3.86666666666667,4.66666666666667,10.9333333333333,1
-1.06294254530808,0,-0.364923995795265,-0.219838521604396,1.8379473167673,0,-1.23785255565629,-0.604378955759896,0.231401042899955,0.913298559255634,0.161367548328042,-0.15054983343947,-0.0293525779518506,-0.0579276978755709,-0.132715136756982,0.217079623912618,0.190933178320877,-0.213078398100335,-0.442350736752432,0.124257463203923,0.666749618967387,0,0.476834764598313,0.994907832845571,3.81195933133069,0,0.383862927296379,0.832093415386433,0.683322153859435,1.4645334716791,1.28699595192273,0.420366166415584,0.993986987627219,0.704592796556588,0.34586003303457,1.2000379920239,1.33632880206185,0.680509221810009,0.425058801407733,0.590718412600455,0.933333333333333,0.0666666666666667,0.733333333333333,1.26666666666667,4.8,0.0666666666666667,0.933333333333333,0.933333333333333,6.46666666666667,6.93333333333333,1,0.866666666666667,1.06666666666667,0.666666666666667,1.93333333333333,6.13333333333333,7,0.0666666666666667,0.733333333333333,6.73333333333333,1.06666666666667,0.133333333333333,1.06666666666667,2.06666666666667,6.53333333333333,0.133333333333333,1.06666666666667,6.73333333333333,12.4,9.4,1.26666666666667,1.06666666666667,1.73333333333333,1.53333333333333,7.53333333333333,12.0666666666667,12.6666666666667,4.6,1.13333333333333,12.6666666666667,1
2.72344353329744,0,1.21721599050401,1.46444921215916,-1.57883114988538,0,3.72563367854455,1.38079731965121,-0.822592868838773,0.0548858377243989,0.706198894225766,1.05359418742978,0.958856027994251,1.10802745786067,0.383107452841302,-0.0321749434873666,3.54079828244017,-0.431186374792747,1.09753577056819,0.5724498386062,5.76825706804368,0,2.41015336916611,2.58556489913123,0.0624961062750225,0,5.28358172830075,3.53231934988812,0.159627631701087,0.795975625311899,1.34651174808845,1.89011383802642,1.54335657893125,1.89638432390703,0.939179822587586,0.305276130547993,5.58966260451388,0.477027331453921,1.74314231605326,1.66568148487872,2.2,0.0666666666666667,6.46666666666667,4.33333333333333,0.266666666666667,0.0666666666666667,6.46666666666667,0.533333333333333,0.133333333333333,1,5.93333333333333,2.93333333333333,6.13333333333333,6.86666666666667,4.06666666666667,5.33333333333333,7,5.66666666666667,1.06666666666667,2.33333333333333,6.2,0.133333333333333,9.06666666666667,4.93333333333333,1.93333333333333,0.133333333333333,9.93333333333333,4.86666666666667,2.73333333333333,1.6,6.53333333333333,5,8.53333333333333,10.2,4.4,9.06666666666667,9.13333333333333,9.33333333333333,3.53333333333333,5.6,2
3.46271031133753,0,0.8709332364058,0.124716760280313,-3.26396212615307,0,2.71701961185427,2.58369571387112,-0.498477065093755,0.0865818888734227,0.19269842185628,1.42314761034118,0.717791361479308,0.567254133902613,0.501583787344793,-0.382547653833897,1.50337990317369,-1.19938275167984,0.761797276330286,1.14025881157477,5.66353964878272,0,1.98535961355853,0.864195065129546,-0.301643220616416,0,3.82511444432485,4.42726786327851,0.154585417766644,0.375469787453599,0.83535336829029,2.36388698589712,1.25939147915833,1.19005518105979,1.05971771214707,0.175239737567327,3.66286677655885,-0.125663502023977,1.20570291840651,2.16087732314541,3.13333333333333,0.0666666666666667,2.13333333333333,6.2,0.2,0.0666666666666667,2.8,2.73333333333333,0.0666666666666667,3.46666666666667,6.8,2.8,1.73333333333333,4.26666666666667,4.26666666666667,1.66666666666667,1.86666666666667,0.133333333333333,1.26666666666667,2,6.73333333333333,0.133333333333333,5.06666666666667,8.93333333333333,2.8,0.133333333333333,6.73333333333333,3.46666666666667,2.73333333333333,6.66666666666667,9.93333333333333,6.73333333333333,4.8,4.73333333333333,8.06666666666667,5,2.33333333333333,2.53333333333333,1.93333333333333,4.46666666666667,2
3.32965951985777,0,2.4819019728923,0.497827524823586,-0.993941797633642,0,4.27980426528532,1.91140374026112,-0.23162555657754,0.697820049842758,0.488723054817112,0.0977951551415668,0.832156262575878,1.11211760208866,0.640538603909632,-0.637286130484374,2.11681035025378,-0.0903292494102526,0.991191211592477,0.726508071169425,5.89165687596641,0,3.60071500108173,1.20115077522812,0.724997731421129,0,6.1503480585484,4.12688034420746,0.293267882519408,1.78521551843243,1.50950954323935,1.11130041878213,1.78153999229692,2.13481714386077,1.60691887548285,0.355699886292958,5.4812339522458,0.87429075810391,1.69310988254241,2.34487113989923,3.53333333333333,0.0666666666666667,3.73333333333333,5.8,0.466666666666667,0.0666666666666667,3.66666666666667,2.33333333333333,0.133333333333333,6.86666666666667,0.733333333333333,3.2,2.13333333333333,3.73333333333333,5.46666666666667,0.733333333333333,2.26666666666667,0.266666666666667,1.13333333333333,2.13333333333333,5,0.133333333333333,7.26666666666667,7.06666666666667,3.93333333333333,0.133333333333333,5.93333333333333,5.53333333333333,2.4,7.06666666666667,3.13333333333333,3.4,2.26666666666667,5.4,8.8,4.13333333333333,2.46666666666667,3.13333333333333,2.4,2.26666666666667,2
2.26001182205441,0,1.94424481618481,-0.492480434339539,-1.31536747005454,0,2.17843352741193,2.44788151602676,0.102226631817949,-0.756841014947383,0.625087337408001,1.27750875441973,0.581130265565544,0.927270296984845,0.121676659008853,0.0574202040165468,2.90915197633904,-0.205735070407446,1.32109241998284,0.527526177247261,4.40513303832604,0,3.2302393135051,0.38095156528679,3.46696674749917,0,3.84332170470608,4.9513229315343,0.76297027135421,0.537867527415015,1.93862898923996,2.74008607489214,1.74416431347439,1.7699387816629,0.885238044796454,1.059310111918,6.46440661724037,1.07447755326154,2.59984533482525,2.05985714976573,2.26666666666667,0.0666666666666667,2.13333333333333,3.73333333333333,0.0666666666666667,0.0666666666666667,2.53333333333333,2.26666666666667,0.0666666666666667,0.666666666666667,2.26666666666667,3.13333333333333,2.26666666666667,1.46666666666667,4.46666666666667,0.4,2.26666666666667,4.13333333333333,2.13333333333333,1.4,3.73333333333333,0.133333333333333,6.6,5.46666666666667,3.06666666666667,0.133333333333333,5.6,6.73333333333333,3.8,1.4,3.66666666666667,6.33333333333333,4.13333333333333,3,7.73333333333333,4.13333333333333,3.33333333333333,6.86666666666667,5.8,1.73333333333333,2
0.902805234046898,0,0.837371225906391,0.160924017420408,-1.1362384659494,0,1.00429050209528,-1.00651261418958,-0.0732171949929749,-0.0214411691206651,0.651610892473492,0.309397731745108,0.281539045391805,0.536911185339881,0.0760652222638637,-0.128638981372926,1.33183497772551,0.803239425480681,0.684803837959834,0.168087431845426,1.84833341849459,0,1.48228663912056,0.59063294115552,0.115386920840196,0,1.78915933575776,1.59526718930552,0.387323774391485,0.383828868573525,1.31052113162695,1.26543323818157,0.755372244410095,1.21347248860696,0.596347968216333,0.446137530118459,2.5946833515339,1.76606562229294,1.48687454769879,0.724477779842579,0.533333333333333,0.0666666666666667,0.6,3.6,0.133333333333333,0.0666666666666667,0.866666666666667,0.466666666666667,6.66666666666667,0.266666666666667,2.46666666666667,0.6,5.86666666666667,2.6,7,0.333333333333333,1.2,4.66666666666667,1,2.26666666666667,6.2,0.133333333333333,5.33333333333333,5.73333333333333,0.2,0.133333333333333,2.93333333333333,0.8,11.4666666666667,6.66666666666667,7.2,2.26666666666667,7.53333333333333,4.06666666666667,13.2,0.8,3.8,10.3333333333333,3.4,2.33333333333333,2
-0.116902795198037,0,0.13181446675755,-0.906728157684876,0.160918464118065,0,0.327593134064451,-0.0571246828275187,0.00793780960585661,0.403972922267241,0.15652113398548,0.618220812074871,0.261517263119813,0.0587804807691651,-0.056885127630653,0.00435432621147174,0.593938056197621,-0.998588465898468,-0.0970644174069681,0.54698038558301,1.45534858046418,0,0.807985124912615,-0.182807071746728,0.718641638525097,0,1.6634824092421,1.0082188003414,0.357721544676622,0.765676364153208,0.92813366913756,1.01940259256715,0.791025970994873,0.57814801263769,0.217966566454844,0.199676708880403,1.95619431571667,0.100320105790865,0.574618580622727,1.15749533432716,0.933333333333333,0.0666666666666667,1.26666666666667,0.266666666666667,0.333333333333333,0.0666666666666667,0.866666666666667,0.733333333333333,3.73333333333333,0.866666666666667,0.733333333333333,1.13333333333333,2,1.06666666666667,1.13333333333333,1.13333333333333,1.13333333333333,0.333333333333333,0.866666666666667,0.933333333333333,1.93333333333333,0.133333333333333,2.73333333333333,0.466666666666667,0.666666666666667,0.133333333333333,2.26666666666667,3.53333333333333,8.6,5,1.93333333333333,5,6.06666666666667,1.6,6.8,2.53333333333333,2.86666666666667,1.33333333333333,1.26666666666667,2.8,2
1.9911809038393,0,2.18792452417173,-1.14642837436063,-2.98955316597824,0,1.87267914250173,0.827122890157931,-0.0152618338879991,-0.0653474522619949,0.0882329614663197,2.48593435573136,1.42439369525332,0.46543673665682,0.367047466684866,-0.807482888367893,3.18810285037542,1.58357273429425,0.792623586305264,0.375270600343988,4.51200552886787,0,3.59956675403927,0.309897099386912,-0.0932056935519139,0,3.9251133763772,2.85723887958319,1.00431109384087,1.32648639649805,1.73599130175917,3.66862785155328,2.50115258209085,1.73808259324179,1.2788001043128,0.064633161117235,6.26736466766921,3.16927653932733,2.66901683156471,1.46125806509077,0.6,0.0666666666666667,1.13333333333333,0.933333333333333,0.0666666666666667,0.0666666666666667,1,0.4,3.13333333333333,1.66666666666667,0.466666666666667,0.733333333333333,5.33333333333333,1.2,4.53333333333333,0.666666666666667,1.06666666666667,7,1.26666666666667,0.466666666666667,3.6,0.133333333333333,6.33333333333333,1.73333333333333,0.133333333333333,0.133333333333333,4.93333333333333,1.8,8.26666666666667,2.93333333333333,2.06666666666667,2.26666666666667,9.33333333333333,2,10.5333333333333,1,5.73333333333333,12.3333333333333,2.93333333333333,5.13333333333333,2
1.72973028550272,0,1.36529373138697,0.240342869055823,-1.112090030129,0,2.17807408784515,-0.892153519928094,-0.233804013919244,-0.0742268332528161,1.08398450270732,0.604137150048686,0.858319594631052,0.690120161885379,-0.0970960004946905,0.0359043248251344,1.76061919362082,1.08968843032294,1.5976657543522,-0.153580199195888,2.86780853525159,0,2.25118135435118,0.971336902015919,0.343739264529478,0,4.07084488034011,0.442386249550978,0.403640449154814,0.538048934908515,2.05501653827132,1.45569246298293,2.26881552287899,1.54582579618282,0.636406328013051,0.678268934349515,4.46892163357368,2.61226226553949,2.69394504742965,1.24826007753352,3.86666666666667,0.0666666666666667,1.73333333333333,3.6,6.8,0.0666666666666667,3.93333333333333,0.533333333333333,5.86666666666667,0.733333333333333,2.33333333333333,0.733333333333333,2.53333333333333,1.86666666666667,4.53333333333333,0.733333333333333,0.733333333333333,3.4,1.26666666666667,0.533333333333333,6.2,0.133333333333333,3.13333333333333,4.06666666666667,10,0.133333333333333,6.46666666666667,0.6,8,1.2,4.46666666666667,2,3.33333333333333,2,5.93333333333333,3.93333333333333,1.53333333333333,3.73333333333333,1.6,2,2
0.763077875151744,0,0.972487598228958,-0.00732206481912289,-0.459933570274114,0,1.35925631891648,-0.794504919843613,-0.306748010614878,0.276239438799508,0.470889562696736,0.459202162328951,0.000866382147909048,0.406823676215644,0.0747028349515678,0.270518685694984,2.2451775191292,4.24224488903777,0.790034134968807,0.0488839840282079,3.04670332110745,0,2.25337796528358,0.700394785914903,2.68469727302679,0,2.8875223144442,1.01965469132984,0.419079997449822,0.83244779607744,1.65987147944675,1.85447601347706,0.734334041214518,1.45856499093606,0.700685926844504,0.792015857568224,6.43117309300175,6.96134462964362,2.38309076021091,1.37646639519886,1.53333333333333,0.0666666666666667,0.6,3.33333333333333,0.333333333333333,0.0666666666666667,2,2.06666666666667,0.133333333333333,0.666666666666667,0.533333333333333,0.6,2.26666666666667,0.933333333333333,5.73333333333333,1.66666666666667,1.66666666666667,4.46666666666667,0.866666666666667,0.866666666666667,2.13333333333333,0.133333333333333,0.733333333333333,5.8,0.533333333333333,0.133333333333333,5.4,2.86666666666667,3.4,1.26666666666667,0.8,1.66666666666667,4.46666666666667,4.06666666666667,11.1333333333333,5.06666666666667,3,5.2,2.26666666666667,2.33333333333333,2
1.01233638084117,0,1.14786814615699,-0.448025950820703,-1.28329141880068,0,0.986690336655234,-2.18983947065461,-0.236580095791166,0.0704543306497429,-0.0583624783713966,0.608233091048267,0.124421070790671,0.357894865124228,0.214329108774104,-0.0328816314508974,1.33148520122424,0.846331001660464,0.610203013239462,-0.147441404534221,2.22253733246879,0,2.37176161452227,0.161878505564402,-0.108890285160772,0,1.8454588098588,-0.586404087938163,0.194402268994661,0.555649735539895,1.07002408826312,1.26287934558161,0.887003079848793,1.04512975876987,0.968839476447729,0.432547445585521,3.68361748967016,1.88263255242784,1.9654983119096,0.903319349456463,3.46666666666667,0.0666666666666667,3.46666666666667,0.933333333333333,3.73333333333333,0.0666666666666667,3.53333333333333,0.266666666666667,1.73333333333333,2.06666666666667,0.533333333333333,2.8,3.46666666666667,0.733333333333333,4.66666666666667,0.466666666666667,0.666666666666667,1.86666666666667,0.933333333333333,0.666666666666667,3.8,0.133333333333333,4.46666666666667,3.86666666666667,4.06666666666667,0.133333333333333,4.93333333333333,0.333333333333333,4.93333333333333,4.53333333333333,0.866666666666667,3.2,4.46666666666667,3.8,8,1.4,0.733333333333333,3.6,1.13333333333333,3.66666666666667,2
3.78219713013368,0,1.07207795083802,2.18712595876949,-2.77319990492116,0,3.14080701064177,2.33614780224538,-1.07208414555844,0.589148584600202,0.313460261306317,0.944653533626926,0.791655658183955,0.974800264605434,0.434061557163315,-0.013522362739392,1.39131986661514,-0.763672966471566,1.68835504641598,1.11061057729472,7.85060722216053,0,2.76118419641234,3.93840672460271,0.504676627412094,0,5.21491188114112,3.9536055357115,0.198136923411445,1.17123260726173,1.04279158785747,1.85542789104298,1.71663954902259,2.2739019580737,1.10116489529308,0.616903500827829,2.99604740239304,0.224065883010063,2.78737769916992,2.13480120944377,2.6,0.0666666666666667,2.2,7,0.0666666666666667,0.0666666666666667,2.46666666666667,2.26666666666667,0.6,4.73333333333333,4.8,2.86666666666667,2.4,2.6,2.93333333333333,6.6,1.2,7,2.33333333333333,2.93333333333333,5.66666666666667,0.133333333333333,2.6,7.93333333333333,2.8,0.133333333333333,6.06666666666667,3.46666666666667,2.86666666666667,8.2,7,5.13333333333333,3.26666666666667,4.33333333333333,4.8,9,5.2,9.86666666666667,5.33333333333333,3.53333333333333,3
0.926529530779636,0,0.447601806339977,0.834626945726386,-2.85586575112785,0,2.00099451054389,0.367887351654282,-0.329338671624655,0.157430770533088,0.275762969396336,0.0761481123060398,0.433502876555058,0.154069599550838,0.125971814542334,0.105982893853248,0.950006026139276,-0.326764332294932,0.798520929431986,0.629116910217922,2.09000777390444,0,1.29571439515309,1.85743380183629,0.0907007252237541,0,4.14798722374703,2.1170066477898,0.0797637584261383,0.603495573539401,0.937142104265498,0.662476932177676,1.26801424404447,0.955388081270739,0.499435538005181,1.0138196024985,1.90925375370044,0.288249358350644,1.66733617474956,1.31229801938913,3.06666666666667,0.0666666666666667,0.466666666666667,3.33333333333333,0.0666666666666667,0.0666666666666667,3,0.266666666666667,0.2,2.86666666666667,5,3,2.46666666666667,2.53333333333333,6.26666666666667,5.4,1.33333333333333,4.26666666666667,2.4,1.4,5.6,0.133333333333333,2.46666666666667,4.86666666666667,3.13333333333333,0.133333333333333,4.93333333333333,3.53333333333333,3.73333333333333,4.73333333333333,5.8,3.33333333333333,6.2,2.6,9.4,8.6,2.53333333333333,5.73333333333333,3.93333333333333,1.53333333333333,3
1.01732349839207,0,1.17098857888729,1.60341051432158,-0.44353554916856,0,1.30356639589291,-0.420228633105985,-0.0735221879275632,-0.506577707964236,0.87852489878881,-0.167181832639476,0.110114324571475,0.156718342757106,0.0467195540140352,-0.849265561849608,0.551092012525434,0.281960585281913,1.073713891615,0.0766508558922752,2.22985712541515,0,2.13191335632212,2.92893260951275,0.554023222080367,0,2.63888473276228,0.709503664976512,0.564195905462804,0.281361382229861,1.68228979546383,0.572765465886088,1.07082870807608,0.633247651388516,0.73675412063864,-0.095352547055689,1.58757061854101,1.12970979700955,1.83764246127397,0.911844300515784,5.93333333333333,0.0666666666666667,5.4,3.2,4.4,0.0666666666666667,5.4,0.4,0.733333333333333,1.86666666666667,5.33333333333333,0.266666666666667,0.466666666666667,1.53333333333333,5,0.666666666666667,5.33333333333333,5.93333333333333,2.2,2.33333333333333,6.6,0.133333333333333,6.33333333333333,4.2,4.53333333333333,0.133333333333333,6,0.733333333333333,1.2,2.93333333333333,6,0.4,1.2,2,5.13333333333333,0.8,5.66666666666667,6.06666666666667,3.2,2.8,3
1.06003315945426,0,0.905588183642716,1.09814418883549,-1.41891932018778,0,1.61100163064111,0.898565772498213,-0.588629940679566,0.358897161636399,0.322973456205984,-0.032111538876748,0.258419358744756,0.564391925987434,-0.147997548409995,0.253685773986228,0.676016987801456,0.633428085142057,1.03354562307987,0.0873172660331333,2.69784068845123,0,1.63940192589807,2.24447159710119,0.590364558903963,0,2.85417903927901,2.46343073470139,-0.0621231704837131,0.784232657345187,0.912934174055896,0.429976097316554,1.32939095342108,0.97390986824294,0.285335625110824,1.56929595444881,1.47819439810191,1.2492834175651,1.75953699532539,0.750759557098842,3.86666666666667,0.0666666666666667,2.93333333333333,3.86666666666667,0.266666666666667,0.0666666666666667,3,1.13333333333333,0.4,4.73333333333333,4,0.2,1.6,3,1.53333333333333,6.26666666666667,1.73333333333333,4.73333333333333,2.73333333333333,0.733333333333333,4.4,0.133333333333333,5.86666666666667,6.86666666666667,2.66666666666667,0.133333333333333,4.86666666666667,3.86666666666667,2.66666666666667,6.73333333333333,5.86666666666667,2.73333333333333,2.6,3.8,3.46666666666667,8.6,2.73333333333333,6.73333333333333,4.06666666666667,3.2,3
2.51129994506019,0,0.813370515342293,2.74311691127194,-1.64758875498673,0,4.45075136076609,1.36964077906794,-0.455758785847896,1.87444921848218,0.279992342679189,-0.260573150709743,0.446451512766936,0.977622154307798,0.671205669153375,-0.480323336995289,1.26138405275029,-0.701949561095785,1.56771735082284,-0.718034514876014,10.3307323300753,0,2.24251990656466,3.81033525498902,0.163537454821284,0,6.528136174502,3.41487846069843,0.211913664183886,3.33776012869434,1.43502496096316,0.948444801436232,1.29257624804781,3.05899277632377,1.59213321299475,0.316525322018556,3.230575461527,0.0110042677751973,2.5315448778124,0.579237272338984,1.6,0.0666666666666667,5.93333333333333,6,6.93333333333333,0.0666666666666667,3.06666666666667,1.46666666666667,6.4,6.93333333333333,5.13333333333333,0.133333333333333,1.4,1.6,1.6,5.2,6.46666666666667,4.06666666666667,1.6,1.86666666666667,3,0.133333333333333,9.13333333333333,7.26666666666667,12.3333333333333,0.133333333333333,6.8,2,9.93333333333333,8.13333333333333,8.6,0.266666666666667,1.6,3.53333333333333,3.73333333333333,9.13333333333333,8,6.6,4.66666666666667,2.66666666666667,3
0.832499574697863,0,0.620926155495067,1.22215652904876,-1.94486322320067,0,1.00678669924957,0.397371775709062,-0.369776074100885,0.26619736983913,-0.328331318833341,0.172022839040511,0.673955463635008,0.0950968572004576,0.318028683720558,0.325225515571332,-0.0172327293352328,0.117460180523917,0.745161372000624,0.367540958398191,2.37525050804507,0,1.72209249756567,2.37460094802082,0.473139429540368,0,2.01528696805523,3.14812733103653,0.289712694835694,1.51146958524084,0.755979698066728,0.948659341639939,1.60551569710618,0.815356657766904,1.11125713819873,0.848378291926601,1.25034752672855,0.814949614418612,1.59549651651282,1.13238620785762,3.93333333333333,0.0666666666666667,0.666666666666667,1.33333333333333,0.0666666666666667,0.0666666666666667,0.866666666666667,0.6,0.0666666666666667,0.8,3.2,3.86666666666667,1.06666666666667,0.666666666666667,6.53333333333333,0.866666666666667,0.533333333333333,3.06666666666667,0.733333333333333,6.46666666666667,5.2,0.133333333333333,1.06666666666667,2.4,1.53333333333333,0.133333333333333,1.46666666666667,2.06666666666667,1.86666666666667,1.53333333333333,3.26666666666667,4.4,2.13333333333333,0.933333333333333,8.06666666666667,1.4,3.6,3.4,3.13333333333333,9,3
-0.00208020391283456,0,0.283130884670388,1.47890209691976,0.810572903965183,0,0.579566836991523,-1.29239489189393,0.255997969921128,0.366865029646797,0.557988147844089,-1.02943066270192,0.279293215418334,0.030380804117204,-0.523358458722136,0.121344701375491,-0.924277053672248,0.386526160119506,0.643732149312206,-0.0754913388824365,1.12699266496212,0,1.35790345194595,2.88194242505411,3.64009547706234,0,1.78584708326151,1.84458493107335,1.17446989805821,1.5570996859051,1.62767952935392,0.104528553897427,1.48227288893384,1.06611092911821,0.386992047226089,1.37877455641935,0.219755064985778,1.49856114082811,1.69179812176324,0.587871253447669,6,0.0666666666666667,5.86666666666667,3.2,2.4,0.0666666666666667,4.46666666666667,6.26666666666667,6.93333333333333,2.86666666666667,4.4,0.0666666666666667,4.6,4.13333333333333,0.266666666666667,6.33333333333333,5.93333333333333,1.2,3.4,0.4,6.4,0.133333333333333,6.46666666666667,3.4,3.2,0.133333333333333,4.53333333333333,7,7.13333333333333,3,4.86666666666667,1,4.66666666666667,4.2,0.4,6.6,6.06666666666667,1.4,3.6,1.26666666666667,3
1.23718468446899,0,0.588631459935545,1.50757431499393,-1.87232404490246,0,1.33117764481251,1.12044150309475,-0.366785706251609,0.0954364434445105,0.706959089959322,0.281083214875719,0.245210010969211,0.25905274374787,-0.0350685685530005,0.0403343725340414,1.11505346499934,0.83819641595094,0.964473309191486,0.0446096166026699,3.73876108387685,0,2.00759156290243,3.8255691807923,0.233672472023641,0,2.38184802248577,4.09142630824207,0.153586001813029,0.506986022533508,1.70256669182602,2.05216415576586,1.30502985167433,1.15701180235833,0.642915942569271,0.606287010954355,2.96763787510019,2.47750627949329,1.73771663050681,0.88019336368699,3.8,0.0666666666666667,3.26666666666667,6.4,0.0666666666666667,0.0666666666666667,3.6,5.53333333333333,0.266666666666667,5.86666666666667,6.86666666666667,3.13333333333333,3.26666666666667,3.2,4.73333333333333,5.26666666666667,6.33333333333333,7,3.6,4.13333333333333,4.4,0.133333333333333,4.86666666666667,7.2,2.6,0.133333333333333,4.86666666666667,8.13333333333333,1.2,7.6,8.66666666666667,3.46666666666667,3.4,4,6.4,5.46666666666667,7.33333333333333,7.6,6.4,5,3
0.626068818483605,0,0.643227368979027,-0.378351926623163,-0.222502878419583,0,0.809298112974562,-0.557639421430949,-0.373447923681724,-0.396138667560891,-0.0293041246683911,0.4274968412071,0.213941241924152,0.151143395382303,0.347755870339206,1.00615078741865,0.553616838997029,0.427505016736287,-0.10578436909346,0.0221496014693014,1.51612383078307,0,1.79715292576741,0.379026176018873,2.281680196587,0,1.59988043143892,1.81567446810189,0.169734278270343,0.852971802531161,0.840674628880109,1.44542271137667,0.915960907242008,0.666956860665478,1.08207029012916,2.50942603155753,1.23197240102628,1.26691667970571,0.610993905599172,0.704332154305205,3.26666666666667,0.0666666666666667,3.26666666666667,2.8,3.86666666666667,0.0666666666666667,0.933333333333333,3.26666666666667,1.46666666666667,0.733333333333333,4.93333333333333,4.46666666666667,6.8,1.86666666666667,6.73333333333333,6,0.733333333333333,2.8,0.933333333333333,6.86666666666667,5,0.133333333333333,6.6,3.2,6.33333333333333,0.133333333333333,2.13333333333333,3.73333333333333,1.8,1.73333333333333,5.53333333333333,5.8,8.73333333333333,4.2,9.93333333333333,6.8,2.6,3.93333333333333,1.8,10.6,3
2.19361258892959,0,1.45274630243026,1.07622722013541,-3.30291763286076,0,3.18567992799613,-0.872668634179063,-0.720157906994315,0.570223942148601,1.0149576543038,1.42156715087844,0.890463883815913,0.793873597115429,0.552854683220415,-0.166312865775445,0.42457064912342,-0.0398104403721578,1.03891719729383,0.0727175429815261,6.04444636657179,0,3.04010889139022,2.54641561293789,-1.33989349676114,0,6.191060401616,0.940092078487458,0.401421825554756,1.39650833270834,2.41305496797079,3.65321577557508,3.23078253819188,2.40051103372324,1.31772786122549,0.640966864790586,1.81013468471876,0.963741041504052,2.73640680039046,0.863968266927935,2.6,0.0666666666666667,2.6,3.6,0.133333333333333,0.0666666666666667,2.73333333333333,1.2,0.933333333333333,2.66666666666667,4.06666666666667,1.33333333333333,1.53333333333333,2.6,4.6,5.53333333333333,1.13333333333333,0.266666666666667,2.13333333333333,5.06666666666667,2.8,0.133333333333333,5.33333333333333,7.06666666666667,2.66666666666667,0.133333333333333,6.46666666666667,4.06666666666667,4.2,5.2,7.53333333333333,2.2,1.86666666666667,3.26666666666667,8.33333333333333,7,1.4,1.4,4.93333333333333,7.53333333333333,3
0.439422995602798,0,0.317610536211696,1.09512580409849,-0.1122523032845,0,0.381951101915813,-0.941962771597067,-0.089217448470217,-0.122032324631093,0.693925036331655,0.295033963312765,0.699816128396187,0.260170330093122,0.137420551942054,0.00813689047222069,1.06615241649947,-0.197373905633697,0.723834820463115,0.843907387367905,3.2599760720771,0,0.986841777754428,2.48058544835016,1.24081251695911,0,1.4758185812382,0.876213582032457,0.259689681766347,0.49200100205522,1.28221253878835,1.05044299828446,1.67541129172427,0.912418402217925,0.488089977366063,0.481725302944487,1.82416355828017,1.19849874791133,1.36004464550625,1.57067197221915,2.8,0.0666666666666667,0.666666666666667,6.66666666666667,5.6,0.0666666666666667,3.33333333333333,0.533333333333333,0.133333333333333,0.8,0.533333333333333,3.13333333333333,2,3.26666666666667,3,3.4,3.4,6.8,2.46666666666667,2.93333333333333,3.66666666666667,0.133333333333333,1.4,7.66666666666667,9.06666666666667,0.133333333333333,5.06666666666667,1.13333333333333,1.46666666666667,1.6,4.13333333333333,4.13333333333333,2.13333333333333,3.46666666666667,4.66666666666667,4.53333333333333,7.46666666666667,10.3333333333333,3.46666666666667,6.53333333333333,4
1.05924951738282,0,0.656000617308668,0.671430145567958,-1.06136911915728,0,1.00811534489538,0.637159077543348,-0.0990304554932011,-0.175663903509765,0.559188527555762,0.72308974323504,0.226170802887159,0.472814629443658,0.0675907931939315,-0.338906199308159,0.264913194826536,-0.12631047113602,0.733506100439218,0.974997157757704,3.04164639188564,0,1.71590106323194,1.39800707551671,0.666819512724887,0,2.33355440241186,2.01217543805034,0.665633923465544,0.26268365590804,1.14611435167891,1.87637949092167,0.729219631894336,1.31225046937139,0.437889597201449,0.188632616360907,1.21686602190172,0.284968802166722,1.4310184728827,1.47407308279949,3.6,0.0666666666666667,3.46666666666667,4.86666666666667,6.93333333333333,0.0666666666666667,4.4,3.8,6.26666666666667,1,4.86666666666667,4.2,3,3.6,6.86666666666667,6.66666666666667,1.8,5,3.4,2.73333333333333,5.66666666666667,0.133333333333333,4.86666666666667,5.06666666666667,10.4,0.133333333333333,7.53333333333333,5.26666666666667,8.6,1.8,6.33333333333333,6.8,3.53333333333333,3.8,9.46666666666667,9.6,2.33333333333333,6.6,5.06666666666667,3.53333333333333,4
0.201964812971053,0,0.259304736782251,1.33227849077314,-0.525521830458416,0,-0.108124774743974,-0.787612997315193,-0.307693374977053,-0.325814593999595,0.235371884903513,-0.373646854856752,0.265797318021925,0.104936694095157,0.095819367948503,-0.150622372318181,0.424918437687623,1.27677633490693,0.724965338553438,0.497024024590355,0.884685879104529,0,0.867383676011528,1.97727938404265,1.8782526997942,0,0.618770346338832,1.79681490439057,0.0917629991382271,0.33165372173253,1.05355673221825,0.0865616579779281,0.771448665889156,0.557862676671183,0.484120570516971,0.517445789488154,1.33451185798526,2.42643673382637,1.60821325027499,1.25814944702989,0.666666666666667,0.0666666666666667,2.6,4.06666666666667,6.86666666666667,0.0666666666666667,0.866666666666667,0.4,0.133333333333333,0.866666666666667,0.4,1.33333333333333,2.6,0.733333333333333,6.93333333333333,0.6,0.666666666666667,4.86666666666667,2.6,2.46666666666667,2.13333333333333,0.133333333333333,3.4,10.0666666666667,13.0666666666667,0.133333333333333,2.2,0.466666666666667,5.53333333333333,1.86666666666667,2.4,1.4,3.6,2.4,11.0666666666667,0.733333333333333,1.66666666666667,7.6,2.93333333333333,2.93333333333333,4
-0.0996028005754378,0,-0.167594528888906,1.95553519130895,-3.0924967627413,0,0.0844175235888379,-0.528698646012618,-0.458595579340846,0.16457308820105,0.680930755873932,0.099755212069191,0.416769296459998,0.111859481706622,-0.317418511987275,-0.027974208501519,1.05966760555394,0.831122243354358,1.2113769120071,0.207352630640125,1.0571671284731,0,0.894561656328789,4.1531982452711,1.19685042919365,0,0.770539873778913,0.982231602948454,0.370174589538969,0.681203657210174,1.32388020226881,1.38016058864718,1.74893844093927,0.68361446054669,0.342532968451173,0.6032580139681,1.91039172004602,2.17907292189161,2.03462159700109,1.02024165557169,3.4,0.0666666666666667,2.53333333333333,5.6,0.133333333333333,0.0666666666666667,1.46666666666667,0.333333333333333,0.4,6.66666666666667,6.4,3.2,2.8,3.06666666666667,0.8,0.666666666666667,6.4,6.06666666666667,7,3.06666666666667,3.66666666666667,0.133333333333333,6.13333333333333,6.33333333333333,0.333333333333333,0.133333333333333,2.2,0.466666666666667,1.46666666666667,8.66666666666667,8.2,3.6,2.93333333333333,6.4,1,2.8,6.73333333333333,7.73333333333333,7.86666666666667,3.93333333333333,4
0.104824412338862,0,-0.369804770982137,-0.148982119114288,-1.41201251184973,0,-0.213288883105788,-0.496979109389787,-0.358886368073112,0.485008176037571,0.205732778842753,0.0597304863760654,-0.0820013372021849,0.12205312434837,-0.102936432723508,0.139107966780945,-0.160068192890288,0.00273181387344079,0.207530993208995,0.184954814875809,0.694266390854588,0,0.284445973051749,0.517478920090624,1.02969556520901,0,0.190847362223728,0.20758506048143,0.0793187909932279,1.12712275135673,0.945545763304843,0.586908225401223,0.202321596885591,0.473383461324724,0.422237568564291,0.763027892197074,0.356416484068229,0.771329094497188,0.725288766664228,0.553287804529518,0.533333333333333,0.0666666666666667,0.333333333333333,0.733333333333333,0.133333333333333,0.0666666666666667,0.266666666666667,0.266666666666667,0.266666666666667,5.93333333333333,6.06666666666667,3.13333333333333,4.73333333333333,6.13333333333333,2.53333333333333,0.0666666666666667,1.8,2.4,1,5.53333333333333,1.2,0.133333333333333,2.6,1.13333333333333,0.2,0.133333333333333,0.533333333333333,3.33333333333333,0.4,9.73333333333333,6.4,3.93333333333333,4.93333333333333,8,3.4,3.53333333333333,3.93333333333333,4.6,4.53333333333333,12,4
0.401595113257679,0,0.025262439494477,0.948121696326988,-0.576359080118749,0,0.701171016598058,-1.35454490900658,0.0139594311058666,0.0660434718869951,0.704800047640514,0.0045630193741295,0.366491420642714,-0.118649284050966,-0.0986421080631937,-0.39324687353106,0.130052291891712,2.87770469954968,0.611270558122493,-0.103373748234446,1.0953763865435,0,0.690430825689703,2.07008318131026,1.44088037158348,0,1.82574661941059,0.375365156720452,0.481471229621135,0.543097124773314,1.52775633906037,1.19455398258702,1.48824933613182,0.486961887998018,0.518546579909563,0.308227013908035,0.585700986052848,4.6121356435386,1.35987619048309,0.492644906471222,2.4,0.0666666666666667,5,3.26666666666667,4.86666666666667,0.0666666666666667,3.46666666666667,0.266666666666667,0.6,4,3.53333333333333,2.06666666666667,1.8,1.46666666666667,5.2,1,3.66666666666667,3.2,2.93333333333333,6.06666666666667,6.46666666666667,0.133333333333333,8.2,3.33333333333333,7.6,0.133333333333333,5.33333333333333,0.466666666666667,3.4,5.8,7.33333333333333,2.13333333333333,2.26666666666667,1.8,8.33333333333333,3.4,4.4,6.73333333333333,6.13333333333333,10.7333333333333,4
0.0729554698459032,0,-0.146982072970346,0.540349311509066,-3.13538418550634,0,-0.119786329056584,-0.963661986827574,-0.15873393493269,0.0116009282596931,0.576482487582814,-0.402748585153877,0.150244569656755,-0.0409965401069443,0.0816375671741412,-0.00897214005281346,0.0941013905253598,0.475629862798518,0.304432546237929,-0.113888388071118,0.81803393850568,0,0.157555090966492,0.992680489827218,-1.04466924910681,0,0.226837243049103,0.19829182156145,0.172215564592291,0.372374794047033,1.1645896871961,-0.00169684898239156,0.591515173657633,0.355330564755984,0.498218215035302,0.302293231191177,0.41064983657845,0.981692478348729,0.630070365268289,0.289693275655026,5.86666666666667,0.0666666666666667,2.93333333333333,3.33333333333333,0.133333333333333,0.0666666666666667,1.93333333333333,5.2,4.26666666666667,3.06666666666667,2.8,2.8,2.86666666666667,3,5.53333333333333,0.2,4.53333333333333,3.53333333333333,4.06666666666667,0.6,6,0.133333333333333,3.13333333333333,3.66666666666667,0.2,0.133333333333333,3.13333333333333,5.26666666666667,4.8,3.13333333333333,3.2,2.93333333333333,4.06666666666667,3.13333333333333,6.66666666666667,0.666666666666667,5.6,4.73333333333333,4.86666666666667,1.33333333333333,4
-0.0686904339278631,0,-0.333423456450633,0.48515235113339,-1.57671637161741,0,0.110774199842253,-1.63327003306171,0.0917916428413865,-0.000686471797849285,0.586257993012693,-0.37661323216207,0.138732287704606,-0.00106885979903158,-0.257370080626365,-0.236451290483341,0.390860302394947,1.34152666115237,0.271832336490597,-0.224274596833471,0.682918030854284,0,0.337747765130155,0.931096060048995,-0.322758998457002,0,0.91331579714031,-0.332016328907816,0.610868809925229,0.587076349535308,1.37991737084031,0.529460556453588,0.603083665501222,0.604175867645897,0.390288461627159,0.449459742347898,0.940340035726234,2.15155633398992,0.75743089308546,0.41286717630563,5.2,0.0666666666666667,0.733333333333333,2.13333333333333,0.0666666666666667,0.0666666666666667,2.6,0.866666666666667,6.2,1.46666666666667,5.33333333333333,0.466666666666667,1.06666666666667,1.8,0.2,4.33333333333333,6.33333333333333,3,1.73333333333333,0.533333333333333,6.6,0.133333333333333,2.6,3,1.8,0.133333333333333,4.13333333333333,1.06666666666667,7.13333333333333,2.33333333333333,6.8,1,2.8,2.4,1.6,4.66666666666667,7.2,3.13333333333333,3.26666666666667,2.26666666666667,4
0.204776102140879,0,0.0108162046186194,0.221954017091254,-2.05921643587255,0,0.0946146094407009,0.00700320727786969,0.541987828488266,0.0256555808542311,-0.153023731247842,-0.0583521654413341,0.319109304855623,0.129015721179678,-0.120373701388058,-0.169258544883925,0.527326816220684,0.918681742299664,0.0363752825848729,-0.00615714544497536,0.902768328961085,0,0.646881304593891,0.696540191947017,-0.251308388819086,0,0.549684220612138,1.54725179298438,1.27696237209802,0.304003154134931,0.304840558811301,0.596256954813386,1.02546485331283,0.54334873991977,0.263540771035059,0.227571965993477,1.28115891057928,1.70049295727628,0.522711175183938,0.393304763626866,6.46666666666667,0.0666666666666667,6.93333333333333,4.8,0.4,0.0666666666666667,6.6,6.93333333333333,6.33333333333333,3.93333333333333,1.33333333333333,6.26666666666667,6.13333333333333,3.6,6.66666666666667,0.733333333333333,6.13333333333333,6.86666666666667,1.53333333333333,1.86666666666667,6.66666666666667,0.133333333333333,7.33333333333333,5,0.666666666666667,0.133333333333333,6.66666666666667,7.13333333333333,6.53333333333333,4,1.86666666666667,6.6,6.2,3.8,7.06666666666667,0.866666666666667,6.73333333333333,7.06666666666667,1.8,2.4,4
0.163740192136639,0,-0.140096019618762,0.661391189833474,-1.87952221968188,0,0.00250298994388443,-0.263859589043837,-0.259685510574096,-0.41667995331869,-0.336145352102243,-0.122638805892704,0.012748681594978,-0.00284466877269196,-0.130505366086789,0.128602550582455,0.0812423816163728,1.10288208817977,0.375104382935902,-0.127578091452081,1.07556985834758,0,0.415716846313729,1.60726337166345,2.83855617101517,0,0.658957457418098,2.1619254317529,0.188268269588518,0.0491154913601129,0.205175851887486,0.804166926976922,0.796646598749843,0.402171482974016,0.290113089248859,0.601698453998957,0.502507636299032,1.68536634184623,0.947875637919548,0.633751457476106,5.13333333333333,0.0666666666666667,0.333333333333333,5.2,0.0666666666666667,0.0666666666666667,3.66666666666667,0.0666666666666667,2.66666666666667,0.533333333333333,5,0.333333333333333,2.33333333333333,5.06666666666667,6.46666666666667,1.8,1.86666666666667,1.73333333333333,2.46666666666667,0.466666666666667,7,0.133333333333333,0.466666666666667,6.66666666666667,1.2,0.133333333333333,3.8,0.2,3.66666666666667,0.8,5.66666666666667,2.2,3.8,5.66666666666667,7.66666666666667,2.53333333333333,2.4,3.53333333333333,4.13333333333333,1.86666666666667,4
