-0.293438004,-0.020261967,-0.087849211,-0.275527442,-0.552867666,-0.15669665,-0.411402965,-0.282071924,-0.200157006,-0.012951545,-0.294304371,-0.35335189,-0.111911085,-0.468990735,-0.479748717,-0.53979884,-0.362477226,0.458470734,-0.12559906,-0.122888552,-0.059714603,0.170997426,0.250053988,0.032580017,-0.058118752,0.219529449,-0.050644097,0.087800299,0.190073178,0.352820731,0.252776448,2.678724615,0.217840251,-0.140447828,-0.21346593,1.086519116,0.415028598,0.94192142,0.322143033,0.299445904,0.666666667,1.866666667,1.266666667,0.866666667,0.066666667,5.866666667,0.733333333,1.133333333,0.266666667,0.066666667,0.466666667,4.6,2.133333333,3.466666667,1.333333333,4.866666667,0.666666667,0.933333333,5.133333333,3.533333333,0.733333333,8.133333333,1.533333333,1,0.133333333,11.2,0.866666667,1.466666667,0.333333333,0.4,1.466666667,9.133333333,6.733333333,6.333333333,2.066666667,7.266666667,0.733333333,2.666666667,9.6,6.733333333,1
0.178602914,-0.657584118,0.107082033,0.747142585,-0.072021953,-0.093356182,0.037332608,1.020008315,0.055969027,0.422111864,-0.628460253,-2.923725302,-0.407705108,-0.443794999,0.14249586,-0.237482819,1.215971972,0.372285612,0.477222574,-0.328057075,1.102668353,0.604944942,1.554440676,1.529251756,0.572249882,1.523323711,0.600259908,1.996910591,1.137548445,1.640315223,0.605383871,-0.287293586,0.516266441,1.082457714,1.013434866,4.712319123,7.155754388,0.949785785,1.586046967,1.399812067,3.866666667,3.466666667,3.8,0.733333333,0.4,2.266666667,0.933333333,3.066666667,4.666666667,3.666666667,0.2,0.066666667,2.266666667,3.8,6.6,2.6,4.933333333,1.066666667,4,3.6,5.133333333,3.733333333,4.733333333,2.866666667,1.066666667,2.333333333,3.266666667,3.733333333,6.533333333,4.933333333,1.2,3.066666667,2.333333333,6.866666667,7.6,3.266666667,7.133333333,1.6,5.066666667,5.866666667,1
-0.1307673,0.117751036,0.003763415,-0.347180417,-0.046536214,-0.341715779,0.11316817,-0.358877198,0.076588683,-0.513731429,-0.169451822,0.876378161,-0.089107814,-0.619608617,0.109334504,-0.937578648,-0.94944656,0.738615388,-0.478112373,-0.511262616,0.574509867,0.942263904,1.278749328,1.524630735,1.034576325,0.992787817,0.98813986,1.294317908,1.095130179,0.59442789,0.798481493,3.210574388,0.626492513,2.108758183,1.703213378,1.902256887,2.436260029,1.436797262,1.032551288,0.618919243,4,0.4,6.133333333,4.266666667,3.8,4.933333333,0.4,2.733333333,6.2,5.4,4.866666667,0.6,3.533333333,4.133333333,1.933333333,4.266666667,4.466666667,1.4,4.666666667,5.6,4.266666667,1.666666667,6.2,4.733333333,3.866666667,6.133333333,1.133333333,2.866666667,8.533333333,7.066666667,5.866666667,0.733333333,4.933333333,4.666666667,3.133333333,4.733333333,6.866666667,2.533333333,6.933333333,8.333333333,1
0.128256884,0.034261532,0.342792285,0.021126177,-0.08873008,-0.008908606,0.407120678,-0.732948607,-0.377296196,-0.022388344,-0.002930874,-1.276940903,-0.024252431,-0.944626041,-0.150696528,-0.855893897,1.297365521,-0.878754849,-0.289651795,-0.376380702,1.761979118,6.236551805,1.598183395,2.498332225,2.406155297,2.576257608,2.283149582,3.071267329,2.198144055,4.232930215,2.368151141,1.81511001,3.503922016,0.742127152,3.141003183,4.423429684,5.973487401,1.974757425,1.152277797,2.302872459,6.466666667,4.133333333,5.8,5.6,3.533333333,6,0.8,5.666666667,6.2,6.133333333,0.533333333,3.133333333,3.733333333,0.933333333,0.066666667,4.733333333,6,4.066666667,2.333333333,6.266666667,7,4.733333333,6.4,6.133333333,3.6,6.533333333,1.2,6,6.466666667,6.533333333,1.066666667,3.4,4.2,1.133333333,0.6,5.2,6.333333333,4.4,2.4,6.533333333,1
0.856947351,-0.450351525,1.001662737,1.446700571,0.163229911,-0.102725696,0.499844681,2.216210198,0.079697312,0.120148319,0.222715806,-2.512192308,-0.481607342,-0.128046567,0.827427709,0.395732902,4.865857761,0.168357204,0.181609498,0.46161569,2.495879454,3.312841231,2.651587974,2.747946626,1.476794284,1.932054689,2.137896687,3.675046384,1.784438231,1.084027772,1.81331265,5.730908511,1.081799578,5.908622823,3.600349162,3.681716572,6.752447172,1.939227084,2.970224202,2.251891044,0.333333333,6.266666667,0.866666667,0.2,2.266666667,2.666666667,0.8,0.533333333,0.333333333,1,5.4,4.533333333,0.066666667,4.6,4.4,4.533333333,1.733333333,1.133333333,4.666666667,4.466666667,1.133333333,10.2,3,1.6,5.466666667,5.266666667,2.333333333,1.866666667,1.8,2.6,7.733333333,8.733333333,2.733333333,10.46666667,9.4,9.333333333,7,1.933333333,8.733333333,6.133333333,1
0.143354387,0.617173203,-0.280996017,-0.236902756,-0.105589904,-0.362581864,0.077770537,0.204036016,0.045917237,-0.437954216,0.159667336,0.613057812,0.093228975,-0.0764973,-0.155660737,-0.440710072,-0.860760528,0.136389438,-1.774822847,0.042106391,1.129049799,2.044975169,0.970126893,1.343268839,1.548837963,1.393523161,1.160004333,1.519879209,0.845004691,0.673774817,1.212704364,4.90058649,0.896897995,1.358481825,1.938150142,3.562797001,0.548786859,0.990870194,-0.90612471,1.697739864,1.6,0.066666667,5.4,3.2,6.933333333,4.266666667,4.733333333,2.133333333,0.266666667,4.333333333,7,0.133333333,2.666666667,6.866666667,3.866666667,5,0.2,4.8,1.4,4.2,3.066666667,3.533333333,8.133333333,4.8,12.4,6.866666667,10.13333333,4,2.266666667,6.266666667,11.46666667,5.533333333,4.333333333,12,6.933333333,8.733333333,2,8.6,1.6,8.733333333,1
-0.155179764,0.726717016,-0.099204605,-0.621264684,-0.262197106,0.08243165,0.140448931,-0.327957141,-0.064727436,-0.157044578,0.162474785,-0.613044418,-0.182785287,0.248195742,-0.028235938,1.016842963,-0.683408029,0.796990292,-0.065036508,0.210768714,0.517667186,1.862587585,0.550072883,0.03115237,1.047031013,0.892290396,0.799263739,0.35055002,0.620519923,1.1862294,1.189170426,1.941359889,0.432972309,1.195190433,0.925977879,2.539080005,0.296378714,2.511109771,0.729470095,1.227552017,3.733333333,0.533333333,3.666666667,0.8,6.466666667,6.733333333,3.266666667,3,3.133333333,5.866666667,6.133333333,5.866666667,6.066666667,6.4,0.133333333,0.066666667,2.333333333,4.266666667,0.066666667,6.533333333,4.266666667,1.866666667,4.533333333,3.266666667,9.4,9,3.666666667,3.4,3.533333333,8.866666667,9.266666667,7.933333333,9.266666667,8.133333333,1.8,0.266666667,2.533333333,6.4,2.266666667,8.733333333,1
0.134024374,-0.298097161,-0.14416647,0.13557153,-0.362005271,-0.375952851,-0.278466406,0.034816555,-0.095123911,1.138118913,-0.102262437,-0.271849932,0.18064094,0.237538014,-0.099383509,0.267651044,1.027782288,0.258626142,-0.153448903,-0.568983451,1.782970012,0.949098749,0.800964084,1.645298118,1.499065793,2.366706084,0.913589242,2.69413409,1.370840522,3.349486292,0.641822138,3.907562883,1.438906953,2.052002232,1.193314868,1.81118878,3.43215952,1.801130544,1.765151009,1.656466323,5.8,2.733333333,6.733333333,6.8,4.333333333,5.133333333,5.466666667,6.8,5.333333333,0.133333333,0.333333333,3.733333333,5.466666667,4.333333333,5.8,4,6.733333333,5.733333333,6.333333333,5.466666667,5.933333333,3.4,7.8,6.933333333,5.266666667,5.2,5.6,7.066666667,5.8,0.266666667,0.4,4.6,5.666666667,4.8,6.933333333,4.8,6.866666667,7,7.333333333,5.666666667,1
-0.136327698,-0.301420234,-0.186193906,-0.367378285,-0.062929845,0.003837031,-0.15209809,-0.25407724,-0.011108087,-0.241597543,0.0004928,-1.266099449,-0.058243299,-0.291512437,0.13207182,-0.106548841,-0.596423139,0.742262776,-0.84802184,-0.010374829,0.556973019,1.93372686,0.826764399,1.256691113,0.67827641,1.105841378,1.047509906,0.605411864,0.666192196,0.378866522,0.973580162,1.29675029,0.426185397,0.996731342,0.991431803,2.000810282,1.424443448,1.470926132,-0.095792231,0.925302114,5.266666667,5,3.866666667,6.866666667,2.866666667,5.866666667,7,7,2.333333333,0.333333333,6.466666667,4.866666667,5.533333333,5.933333333,5.8,6.666666667,3.333333333,1.933333333,0.2,5.8,7.066666667,6,5.133333333,8.466666667,3.066666667,7.666666667,7.6,8.266666667,4.066666667,2,7.8,5.733333333,7.2,7.333333333,6.933333333,8.066666667,4.8,3.133333333,0.4,6.8,1
-0.523497978,-0.054486032,-0.755016008,-0.996619297,0.063469043,0.325631447,0.116650259,-0.590629315,-0.454361579,-0.256731529,-0.707037397,-0.434285402,0.11220212,-0.354925548,-0.517673666,0.33390133,-1.244732334,-1.212850266,0.364921466,-0.377217714,0.686874753,2.878999537,0.610756025,0.687756484,1.150742941,4.778302018,1.494542715,1.318301674,1.294576769,2.174684586,0.442943733,5.676832626,1.495457177,6.697454688,1.48053271,10.0174655,0.713404169,1.696113583,1.55384526,2.990065673,1.466666667,5.266666667,0.066666667,0.066666667,6.466666667,5.866666667,5.533333333,6.866666667,5.8,6.533333333,6.866666667,4.533333333,0.933333333,5.866666667,6,6.4,0.266666667,5.333333333,0.133333333,5.933333333,5.733333333,8,0.133333333,2.666666667,10.93333333,10.2,9.933333333,12.4,11,6.733333333,11.86666667,9.4,6.333333333,10.93333333,10.73333333,11.73333333,2.133333333,9.733333333,2.6,10.2,1
2.717596149,-0.409809947,1.678179728,4.005742143,2.201591051,2.559992477,0.719648948,4.033499389,0.950814082,2.50740506,2.141269664,-4.071847207,0.318050608,-1.489143149,0.15704579,-3.201257004,3.445486989,0.82409599,0.745489394,1.024502619,10.52200619,0.281515604,8.775932935,8.414860182,4.853157911,5.379091156,2.85909074,6.212398721,2.226725582,6.507436269,8.594110816,-1.997352544,1.685273345,0.749489001,4.269640629,0.932509824,10.21582875,2.357297667,3.939362389,1.996298698,3.066666667,1.2,2.533333333,2.4,1.666666667,2.266666667,2.4,2.533333333,2.266666667,2.266666667,2.4,0.466666667,2.866666667,6.866666667,6.333333333,6.666666667,5.6,3.666666667,6.333333333,1.133333333,3.4,5.2,4.866666667,4.466666667,2.2,4.8,4.333333333,5.733333333,3.466666667,5.066666667,2.733333333,4.466666667,5.266666667,10.66666667,9.266666667,10.4,6.133333333,7.533333333,10.13333333,3.333333333,2
2.734665086,-0.45707647,0.623010113,2.870273515,2.806695535,4.46079043,0.887627567,3.870746371,1.016364477,2.455999139,1.593984922,-1.649638767,0.28973501,0.588885807,0.535447385,-1.353058967,6.737012381,0.182556952,0.391549743,1.623092562,4.913660799,0.526663166,2.376544052,4.691024665,4.812184254,7.286524021,1.849452834,6.213430918,2.113521321,4.821031463,3.656793107,4.375958523,1.236519672,2.086427257,4.888880188,3.399646658,10.08838495,4.282765141,2.34438781,3.440720111,0.866666667,0.266666667,1,0.866666667,1,0.8,0.2,1.933333333,0.466666667,1.466666667,0.6,5.8,1.533333333,0.6,3.533333333,4.466666667,0.733333333,2.066666667,2.8,0.533333333,2.066666667,0.533333333,1.666666667,2.666666667,1.866666667,1.866666667,0.266666667,4,4.4,3.066666667,1.266666667,11.46666667,3.933333333,6.2,6.733333333,8.6,2.8,3.666666667,5.933333333,0.733333333,2
0.747991678,-0.290824877,0.537522521,1.188359305,0.735702462,1.221829526,0.33607257,1.690511143,0.518543782,0.873277989,0.288513388,-0.562267859,0.070140084,-0.500499053,-0.503850874,-2.514274011,2.341546508,0.637911851,0.80872566,-0.062720758,1.636520409,0.521989465,1.95106428,2.969556585,1.566539349,3.070360871,1.192578459,3.522100967,1.436739845,2.735719766,1.170525984,2.166955603,0.749238776,1.85152337,1.529775337,-1.160714644,4.142795712,2.133609818,2.321870216,0.850038487,1.066666667,4.866666667,0.533333333,0.666666667,1,0.533333333,5.466666667,0.533333333,2.4,0.6,0.466666667,4.466666667,4.866666667,4.4,5.466666667,0.266666667,0.6,3.6,2.066666667,1.866666667,6,9,2.933333333,6.333333333,2.4,3.333333333,8,0.733333333,2.8,0.666666667,0.6,10.33333333,8,7.533333333,10.06666667,5.6,1.733333333,4.733333333,7.6,7.866666667,2
0.392809147,-0.102205694,-0.129909216,0.807675934,0.442580068,-0.089399001,0.274285313,0.646351333,0.08686181,-0.129375583,0.218512178,-0.639342536,-0.697433959,-0.126824317,-1.128719798,-0.570094598,0.359896217,0.863100744,-0.069347614,-0.293866839,1.547432499,1.449222853,1.691073725,2.138686447,1.334078641,1.533783609,1.335991085,2.022613019,1.221652649,1.428786218,1.329176829,4.974046327,0.099505609,1.205321563,0.310689008,3.087262056,2.334421987,2.807177094,2.028904611,0.942029599,1.6,6.4,4.266666667,0.933333333,5.066666667,0.6,1.6,0.933333333,0.733333333,5.066666667,0.8,6.466666667,0.733333333,0.066666667,4.733333333,6.6,2.733333333,5.066666667,5,1,3.066666667,11.2,9.133333333,1.666666667,6.333333333,4.266666667,4.266666667,1.533333333,3.6,7.466666667,2.4,9.866666667,2.066666667,0.2,7.866666667,8.133333333,3,6,9.2,5.6,2
0.763892541,-0.917615766,-0.078169646,1.067281501,0.445023201,0.020363578,0.155341634,2.169039309,0.375850626,0.011724473,0.321123749,-1.440623374,0.147160664,-0.231037998,-0.4055799,-1.282691405,0.766974069,0.81758316,-0.356533664,0.63417755,1.492912721,-0.184266157,0.788342704,1.968054064,0.855730276,0.876045899,0.917818141,3.096593916,1.2316491,0.951635379,1.257425763,2.012787702,1.138595252,0.924727687,0.604974315,1.082143316,3.13900793,1.84761918,1.628001534,1.536561417,1.466666667,0.533333333,2.6,1.666666667,0.6,0.466666667,5.066666667,1.4,5.2,2,3.066666667,0.133333333,0.4,2.933333333,0.266666667,5,6.466666667,1.266666667,6.333333333,0.466666667,2.4,3.133333333,2.8,1.8,0.733333333,1,5.733333333,6.866666667,8.333333333,3.933333333,7.466666667,3.733333333,5.333333333,5.466666667,5.866666667,8.266666667,9.2,6.333333333,11.8,0.666666667,2
1.209461528,-0.428260712,0.109523101,0.842916807,1.487245076,0.855219178,0.533749127,2.133202469,1.015356133,-0.12156716,0.961615959,-0.367219276,-0.17117546,-1.519328288,-0.544181578,-0.62678818,3.823459665,-0.274254709,0.252475184,0.461302182,2.471748859,1.219162226,1.700356297,2.256709712,3.502380174,2.654468895,1.878103972,4.408640543,2.06669245,1.491115882,3.139968021,3.132416199,1.000877254,1.521020137,2.42054386,1.170157556,5.042428191,1.023761431,5.669980442,1.868999122,0.933333333,6.733333333,0.4,0.666666667,0.866666667,0.8,1.266666667,0.6,2.2,0.666666667,0.6,5.466666667,3.133333333,2.133333333,2.866666667,2.733333333,1.333333333,0.8,2.4,0.466666667,1.133333333,10.46666667,5.866666667,0.933333333,1.266666667,1.266666667,2.066666667,1.2,5.066666667,1.133333333,0.866666667,6.866666667,3.933333333,3.266666667,6.8,7.2,3.266666667,6.466666667,4.266666667,4.466666667,2
0.426942557,-0.158300909,-0.134889659,0.733408172,0.949146502,0.380896091,0.123899396,0.577495224,0.049176634,-0.021746093,0.498659888,0.363951346,0.037253002,0.223220685,0.043811167,-0.089087407,1.500262701,-0.631979183,-0.075560882,-0.038572629,1.182251693,4.456194027,1.404021745,1.498065045,1.770840322,1.467945375,0.89856323,1.227876681,0.793370222,0.5406761,0.985735837,3.019075276,0.817587564,1.040906249,0.882607627,3.471088874,3.002632013,0.30720681,0.947426859,0.787416385,5.4,3.4,4.6,0.933333333,0.933333333,0.933333333,1,4.866666667,0.533333333,0.666666667,0.466666667,6.666666667,1.533333333,1.933333333,1.8,6.666666667,4.666666667,1.066666667,3,0.333333333,6.4,5.066666667,4.8,1.466666667,1.466666667,1.2,2.4,5.866666667,1.2,1.133333333,1.733333333,7.733333333,1.6,2.333333333,3.133333333,7.666666667,4.733333333,1.333333333,3.133333333,0.733333333,2
0.069983028,0.053325946,0.274793605,0.392882675,-0.305126101,0.793860223,-0.276957554,0.301038868,-0.004110201,0.762805112,0.622510689,-0.290360305,0.214667109,-0.392310289,-0.270498508,-0.275811095,0.364756023,-0.647753912,-0.253293529,0.430570709,0.942184294,1.256375057,2.236078893,1.370330191,0.876078307,2.412583354,0.805414025,1.256405318,1.045459937,2.935869892,1.363257314,4.831072652,0.97940057,0.978296456,1.578360671,1.213506684,2.937641316,0.868160337,1.309031018,1.93847802,3.866666667,0.933333333,5.933333333,0.066666667,0.8,5.6,6.333333333,6.2,0.733333333,5.6,0.866666667,5.533333333,0.8,6.266666667,2.666666667,6.666666667,6,5.933333333,2.6,3.333333333,7.066666667,2.066666667,6.533333333,2.933333333,1.8,7.2,9.133333333,6.466666667,1.2,7.933333333,1.466666667,7.466666667,3.933333333,8.8,4.466666667,9.666666667,9.2,8.666666667,4.933333333,5.066666667,2
0.978972528,-0.467962769,-0.032389565,1.606116331,0.462101955,0.007751168,0.080676447,2.42928511,0.702275838,-0.661277573,0.810124583,-0.059116173,0.067073746,-0.085781039,-0.043577849,-0.197329557,1.324570401,-0.55195639,-0.235667756,0.354707942,1.937626904,1.191392797,2.04212316,2.653310456,1.713568125,0.990632447,1.461153193,3.757733536,1.953413544,1.164837903,2.030502055,4.56298589,1.066141206,1.210568005,1.013320936,1.393992223,3.433321267,2.519249318,0.544792568,2.495163686,0.2,1.733333333,6.866666667,0.4,1.466666667,0.6,0.933333333,1.333333333,0.733333333,2.666666667,0.266666667,3.466666667,3.133333333,3.066666667,0.2,3.733333333,2,6.933333333,0.333333333,3.333333333,1.733333333,4.666666667,10.93333333,2.866666667,2.333333333,3.866666667,2.2,6.533333333,1.733333333,5.133333333,5.333333333,7.266666667,3.4,5,0.666666667,10.13333333,3.2,11,2,6.666666667,2
0.583024348,-0.44181947,0.357642174,1.10778515,0.124203771,0.139161463,0.271575496,1.056239135,0.295474798,0.023023492,0.607242381,-1.238725358,-0.073558546,0.057279962,-0.222769515,0.012396866,1.166767046,-0.400085729,0.078818851,0.370991798,7.794730065,0.172910969,7.017931663,4.861841517,0.552887628,0.836327181,1.68824415,3.871192749,0.941961714,0.363198793,3.491789664,0.540520625,0.996303512,1.205395113,1.819921519,0.914109492,3.794955327,1.130237393,2.371345062,1.166857504,5.066666667,0.466666667,5.133333333,4.533333333,0.466666667,0.866666667,5.6,6.666666667,0.533333333,0.4,4.6,0.2,4,6.733333333,6.466666667,0.4,2.866666667,4.4,6.466666667,0.6,6.133333333,1,6.266666667,6.533333333,1.2,1.933333333,7.4,7.8,1.933333333,0.8,5.333333333,2.066666667,5.4,8.6,7.2,1.2,4.666666667,4.533333333,8,2,2
1.62653633,-0.44404335,0.590068286,2.372008376,4.722593073,1.771050597,-0.069688511,2.82988995,1.319306708,1.800500937,0.790611985,0.406108135,0.368633384,0.294555012,0.591189757,0.092418154,4.625704879,-0.549085163,-0.032018843,1.634571855,10.59501783,0.439595091,11.34126406,8.220464056,10.63226514,4.401013655,4.924737211,6.820093365,2.853683752,3.135089216,5.197405455,1.507404978,2.240650745,1.189264405,2.967411523,0.592033818,13.23911632,1.91558098,2.703080571,2.668300538,5.933333333,2.666666667,6.066666667,3.6,2.6,2.666666667,6.666666667,3.533333333,1.066666667,1.666666667,2.866666667,0.333333333,3.866666667,6.8,6.733333333,1.4,3.2,3.4,3.933333333,1.6,7.066666667,2.8,6.133333333,4.466666667,3.466666667,3.533333333,6.866666667,4.133333333,2.133333333,2.466666667,3.666666667,1.266666667,4.666666667,7.666666667,7.133333333,2.533333333,4.133333333,4.133333333,4.666666667,2.6,3
0.449808588,1.046411034,0.043362799,1.695230779,2.006396921,0.221742797,0.18111197,1.028289269,1.074137291,-0.536850842,-0.29678456,0.031889416,0.231851367,-1.147482012,-0.202648035,-2.673108188,1.864636724,0.366979995,-0.335204063,-0.30436925,1.66368607,3.300186619,0.770648211,3.689719361,3.832823916,1.075237179,1.516808082,2.654839636,2.694450639,1.150105089,1.514910302,1.777885887,1.431965148,0.621087446,1.657317923,-0.797248351,5.954453258,1.144920798,1.477998585,0.874909811,2.866666667,7,3,3.2,2.6,1.333333333,3.8,4.6,3.266666667,2.866666667,7,0.466666667,3.8,3.533333333,2.8,0.2,6.066666667,4.733333333,4.2,3.066666667,5.133333333,10.26666667,4.866666667,4.866666667,3.6,2.266666667,7.8,7.333333333,3.4,3.133333333,10.8,4.533333333,5.066666667,7.2,4.733333333,1.066666667,6.533333333,8.266666667,5.733333333,3.133333333,3
0.723768762,-0.254371186,-0.573905338,0.581258806,1.357682167,1.013524285,0.152303636,0.357175803,0.142429363,0.164516016,0.099624035,1.444820748,-0.036094725,-0.151447244,-0.545938712,0.700495638,-0.698461574,-0.240832281,0.190147564,0.949706236,1.298632951,1.837126122,0.228880174,1.563912977,2.472146339,2.008832672,1.293827939,1.341045506,0.949246497,3.127761578,1.499002263,3.805476605,1.703475514,2.016990842,0.916407161,2.293725884,0.357945122,1.847741729,1.56067681,1.950106913,3.066666667,5,5.933333333,0.6,1.8,1.133333333,6.066666667,1,2.266666667,6.466666667,3,6.6,6.466666667,3.266666667,3.666666667,2.4,1.133333333,3.466666667,2.133333333,2.066666667,5.266666667,6.133333333,9.2,1.266666667,2.133333333,4.866666667,9.666666667,1.066666667,2.533333333,10.46666667,3.066666667,10,10.26666667,4.666666667,3.733333333,4.666666667,2,6.466666667,2.533333333,5.266666667,3
0.305265749,0.040224777,-1.032407912,1.067843435,-0.385581633,-0.01294571,0.406278822,1.431855893,0.727838809,-0.880540617,-0.161265439,-1.026861391,0.266786929,-0.657483405,0.528923707,1.861751831,0.951307345,-1.843695626,0.191502186,-0.939818275,10.86751705,1.042470673,15.04187469,9.468097472,1.93340372,2.139438598,4.654990593,8.73709962,2.270180632,0.302046153,7.470973758,0.425654727,3.203703666,0.681750777,3.14681029,5.770179766,3.109590879,1.239973636,5.123833103,0.872640216,5.133333333,2.266666667,4.066666667,3.6,2.2,3.666666667,4.666666667,2.666666667,1.866666667,0.266666667,3.666666667,0.133333333,3.133333333,0.133333333,3.266666667,0.066666667,1.333333333,3.666666667,4.666666667,2.2,6.266666667,4.133333333,4.933333333,5.2,2.933333333,5.466666667,5,4.2,3,1.866666667,5.333333333,0.4,3.533333333,0.8,4.066666667,0.266666667,2.133333333,3.933333333,4.933333333,3.2,3
0.892880522,-0.490443035,-1.068665202,0.988446193,0.923453695,0.838377322,0.05858317,0.193744528,0.945723288,-0.552947102,1.143670585,1.535165261,0.014905021,0.336889033,0.722419327,1.20362619,1.11441115,-1.772899857,-0.128206684,1.032694362,3.034545389,0.979694069,1.149150687,2.987296237,2.786829869,3.307640326,2.020761877,2.951930236,2.454220653,2.697424312,2.86617884,5.984192942,1.548544908,2.92713838,3.431000937,6.000931145,4.434999682,3.682002427,4.482619685,2.84413301,1.4,4.2,6.533333333,5.933333333,0.8,4.066666667,5.4,5,0.4,6.333333333,2.4,2,5.066666667,1.266666667,6.8,1.266666667,0.4,6.4,6.6,4.133333333,3.2,7.733333333,11.93333333,7.066666667,0.933333333,4.6,9.2,10.33333333,6.066666667,6.8,6.266666667,2.266666667,8.2,3.8,7.066666667,1.4,2,11.53333333,12,9.266666667,3
0.641405416,-0.184887162,0.361289464,0.795067111,0.19099673,0.04948096,-0.05329011,0.889195708,0.274249419,0.234128149,0.313259184,2.114004726,-0.267839528,-0.508162437,0.274908043,-0.071254145,1.540664724,-0.141885347,-0.330689798,0.084537101,2.581175805,1.788543518,1.936780145,2.605421868,1.769017987,2.39069762,0.801187572,3.00467815,1.664524081,3.610100725,1.73098472,5.584533323,0.792632328,0.955494644,1.197965457,0.557294103,7.143990349,2.074403391,1.691588625,1.77775137,5,6.866666667,4.866666667,4.8,6.533333333,4.933333333,1.066666667,4.4,4.666666667,4.933333333,4.066666667,6.066666667,5.733333333,6.866666667,6.933333333,0.2,5.2,4.6,6.533333333,6.933333333,6.8,8.866666667,5.933333333,5.133333333,6.666666667,5.266666667,1.266666667,4.6,5.4,6.6,4.533333333,7.933333333,7.666666667,8.933333333,7.133333333,2,6.733333333,5.066666667,7.533333333,7.4,3
0.182980108,-0.619839212,-0.588475165,0.345315969,0.334352049,0.049775733,-0.146923894,-0.157704724,0.415828368,-0.253321739,0.59987235,1.546089771,-0.232046735,0.14537591,-0.087684197,0.429215195,0.311459878,-0.604144164,-0.069567183,-0.692716247,1.70317547,0.812031808,1.140847118,2.003181151,1.398916094,1.739529567,1.188460248,1.20097721,1.702940922,1.710783208,1.889442685,5.205425101,0.708897495,3.160348202,1.361711221,3.152772249,1.35696501,2.387267058,1.756203381,0.450559279,1.733333333,6.733333333,5.933333333,4.266666667,1.4,4.4,5.6,3.933333333,1.533333333,4.466666667,0.6,1.8,1.533333333,5.666666667,0.733333333,4.666666667,4.4,6.066666667,5.933333333,2.4,2.8,11.6,9.933333333,7.066666667,6.6,7.8,8.933333333,6.533333333,2.8,7.133333333,0.8,2.466666667,2.466666667,8.933333333,2.866666667,8,8.733333333,10.93333333,9.4,6.866666667,3
-0.239106199,0.591818209,-0.920502489,-1.518747084,-1.038674108,0.07576215,-0.104693008,-1.541260463,-0.273551948,-0.0611314,-0.062438269,3.049618685,-0.407626917,0.008145364,-1.005846426,-0.289528557,-1.863256975,-0.222488798,-1.048470722,1.593703336,1.381975452,2.931613833,1.260185876,1.463625777,1.254000041,3.339210994,1.363689676,1.281098668,3.156412146,2.15440832,0.913493864,6.374056555,1.168872791,2.025765765,0.050260624,0.729982921,1.60912861,2.514612594,1.276115571,4.10224145,3.8,0.266666667,6.333333333,5.4,3.933333333,3.533333333,3.6,4.466666667,3.866666667,0.333333333,5.266666667,0.8,6.333333333,3.466666667,0.4,2,6.933333333,3.866666667,1.4,0.4,5.733333333,3.4,9.333333333,7.4,4.066666667,3.8,5.466666667,5.933333333,5.066666667,1.4,8.4,2.2,8.866666667,4,2.666666667,2.866666667,8.666666667,5.6,4.666666667,0.8,3
0.235110147,-0.337401833,-1.166249181,-0.213864211,0.2000199,0.027104968,-0.110154876,-0.389800854,0.247843215,0.132388659,-0.32580694,1.277319503,0.146556582,0.174932782,0.628505326,1.297598506,-1.145969055,-0.219514957,0.02242824,0.086190809,1.477670487,0.636640905,0.966727229,1.817092775,2.267327889,2.179122171,1.307221269,2.402442335,1.883793869,2.043831842,1.415827656,3.301749237,1.352283046,2.981041665,3.503247014,3.079305261,2.968018599,1.248139449,1.838965232,2.034586267,0.333333333,0.866666667,6.333333333,2.066666667,3.666666667,3.6,2.6,2.2,2.266666667,5.333333333,3.6,0.066666667,1.466666667,3.4,0.066666667,0.333333333,6.533333333,7,7,0.466666667,2.4,2.2,9.933333333,5.133333333,4.8,7.533333333,6.266666667,5.066666667,4.2,9.066666667,9.733333333,1.533333333,2.066666667,7.066666667,4.066666667,1.6,12.73333333,11.8,12.26666667,3.866666667,3
0.740479856,-0.014676192,0.435967577,0.884044688,0.67377001,-0.298564828,0.177355463,0.69398278,0.178935623,-0.054364275,-0.178745794,0.61778157,-0.00355668,-0.141071965,0.662583672,-0.652762308,2.020632373,0.197847884,-0.265486253,-0.177450119,1.964792538,1.077260546,1.276104005,2.256994306,2.7631043,1.071404715,1.686259802,1.612008686,0.914373131,1.061160029,1.172327853,2.779323623,0.716594091,1.012583501,1.692899745,3.327203968,3.147138904,0.95936972,1.68332785,1.162059209,0.933333333,4.933333333,0.733333333,0.866666667,3.333333333,3.333333333,6.8,1.133333333,1.4,0.8,2.8,2.066666667,1.6,0.266666667,1.4,6.666666667,3.733333333,1.333333333,5.8,3.4,1.333333333,6.6,3.133333333,1.933333333,4.133333333,9.066666667,11.73333333,4.133333333,2.066666667,2.066666667,4.8,3,2.466666667,2.866666667,1.8,11.73333333,5.4,2,11.86666667,9.266666667,3
1.243668499,0.058823325,0.733070049,1.617152231,5.546870304,1.952244225,0.265538806,0.795960994,1.297186394,0.62307019,1.106682476,2.067086621,-0.349855142,0.169333724,1.001745928,0.321278366,2.908866173,-0.52390714,-0.353241785,0.581509808,8.665805864,0.575996351,6.556746822,3.41273529,7.853484327,2.864489517,1.659891034,1.895560234,1.9262755,1.730502893,3.432827457,3.338665024,0.889968132,1.350066586,2.463307428,1.630711764,8.957174592,1.007553107,0.890545283,1.763795658,4.6,1.666666667,4.666666667,3.666666667,1.866666667,1.6,6.733333333,0.333333333,1.666666667,1.933333333,4.666666667,0.466666667,3.266666667,6.666666667,6.2,6.4,4.066666667,4.666666667,5.466666667,2.533333333,5.533333333,1.866666667,6.4,3.866666667,2.733333333,1.933333333,8.333333333,0.466666667,3.666666667,3.733333333,5.733333333,2.266666667,4.133333333,8.933333333,7.666666667,8,4.266666667,5.2,6.333333333,3.333333333,4
1.375776821,-0.00048669,0.522285665,1.350165792,1.613301155,0.624761601,0.687936405,0.48691559,0.495341947,0.104569563,0.748351037,0.155442629,-0.045052108,-0.773483838,1.191316523,-0.78094042,0.460170023,0.0153,-0.643946871,-0.007405671,5.52578129,0.659730211,3.242854903,3.397167444,4.258186957,1.194002306,1.170173669,1.578450783,1.419269106,1.732979227,3.494541489,2.459668865,0.778261098,1.902964725,2.356474062,4.559417424,5.003850701,1.884041918,0.191814305,0.941436566,0.933333333,6.8,1,1.066666667,2.8,1,0.333333333,1.2,1.466666667,2.933333333,1,2.6,0.8,4.066666667,1.666666667,5.066666667,3.466666667,1.066666667,0.066666667,3.2,1.6,12.06666667,1.4,2.4,8.8,1.533333333,0.666666667,3.533333333,6.266666667,7.333333333,1.866666667,7.4,1.4,6.466666667,2.866666667,10.4,8.4,1.466666667,2.133333333,6,4
0.430389763,0.092170069,-0.640029015,-0.025309136,0.760718647,0.747101911,-0.17335548,0.308973207,0.179059197,1.024568453,-0.361948537,1.990432975,-0.002694174,0.644370259,-0.415524095,-0.076673992,-1.784830128,-0.070895956,-0.12086802,1.110973314,3.374980845,2.960333313,6.471153215,4.743187584,2.229097562,2.544881576,0.922396772,2.687241317,1.11914101,4.269622392,5.599523501,3.226965777,1.252782166,3.187165409,1.003194034,1.804424202,0.501154358,2.500085039,3.151956153,2.736289645,7,5.266666667,7,7,2.533333333,2.133333333,6.6,6.933333333,1.133333333,2.066666667,7,3,6.933333333,2.533333333,1.266666667,4.066666667,4.733333333,7,6.866666667,5.6,7.466666667,5.733333333,7.466666667,7.466666667,3,2.6,7.066666667,7.4,1.6,2.533333333,7.466666667,3.466666667,7.4,3,1.733333333,4.533333333,5.2,7.466666667,7.333333333,6.066666667,4
1.663875789,-0.551377041,1.753190486,1.409168032,-0.493071112,-0.100944195,0.317942981,1.027478072,0.105081785,-0.196882675,1.220299117,1.026949381,0.10259191,-1.628637472,1.283410874,-1.228250428,-2.157868108,0.325199536,0.315145064,0.302833572,8.425700801,0.208518431,5.025995248,2.985233064,3.868054255,2.382451395,1.922202237,2.027869133,1.730143003,2.426576749,4.504150055,2.980564849,1.150467761,0.298622404,2.448911529,1.960207623,4.749824677,1.351251011,1.565010097,1.790542703,2.266666667,1.6,0.133333333,3.133333333,4.533333333,3.733333333,2.866666667,1.666666667,2.8,6.866666667,1.8,0.533333333,1.333333333,3.933333333,1.8,5.666666667,5.133333333,0.133333333,1.4,3.6,3.266666667,5.333333333,1.533333333,3.266666667,9.266666667,5.6,5.266666667,3.933333333,4.733333333,8.133333333,2,0.933333333,1.8,6.066666667,2.2,10.46666667,8.666666667,1.4,2.333333333,6.133333333,4
-0.069257565,0.65960581,-0.38799608,-0.162189735,0.191792519,0.515210078,-0.119114812,-0.657505347,0.151999964,-0.489148116,-0.154074229,1.982249215,0.065850576,-0.170940876,0.873968978,-0.324190964,-0.319053493,-0.342925617,0.152461344,-0.164597406,1.336423005,1.759636343,1.016177332,1.262424921,1.333921515,1.778505468,1.255118973,1.015866794,1.504576566,0.627933261,1.707762434,3.867066292,1.202082745,3.224575281,2.756852983,1.701169251,1.56762331,2.211046352,1.792945904,1.633627687,4.333333333,1.2,0.666666667,0.533333333,1.2,1.866666667,3.533333333,0.133333333,3.4,0.466666667,2.533333333,0.8,0.2,3.133333333,2.866666667,4.666666667,6.4,3.266666667,6.533333333,6.466666667,7.066666667,1.266666667,2.333333333,0.666666667,1.866666667,3.466666667,4.466666667,0.533333333,3.466666667,2.8,3.733333333,3.133333333,1.2,3.933333333,3.266666667,5,7.733333333,3.4,9.066666667,7.333333333,4
0.244327782,0.551336605,0.116493627,0.795641468,0.585089905,0.357626381,-0.001287535,-0.042220421,0.094972756,-0.11367831,0.326060062,2.970202878,0.054549934,-0.359477872,-0.255993687,-0.592338411,1.135317599,-0.051926266,-0.378205586,0.176054183,1.146850838,2.518192501,1.213169992,2.384764178,2.752931046,2.587608426,1.869438211,1.370363703,1.159001124,1.795672488,1.486637923,6.00443632,1.048381585,1.477305212,2.90260395,1.271196773,2.505534057,2.122682163,0.962202381,1.815000262,2.666666667,7,6.133333333,0.666666667,3.866666667,7,4.266666667,6.2,3.2,7,6.933333333,0.666666667,7,3.6,3.133333333,5.8,0.733333333,4.266666667,3.4,4.266666667,5.866666667,7.933333333,9.4,4.466666667,6.4,7.733333333,8,9.933333333,7.6,10.73333333,10,0.866666667,11.2,4.4,4.2,10,3.933333333,6.866666667,4.266666667,5.733333333,4
-0.047519831,-0.191638904,-0.006366994,0.580768595,0.422911271,-0.2455795,0.068848314,0.578062271,0.353239599,-0.218023452,0.009276044,0.338521151,-0.180988519,-0.153581591,-0.073448881,0.183564381,0.268792291,-0.052402038,-0.136458006,-0.524418049,0.85487638,5.192682801,1.074082639,1.841726579,1.55980315,0.948396106,1.252751265,1.580639098,1.017113931,0.818868975,1.256901073,1.554227481,0.534269229,1.362468623,0.787596228,1.36027839,2.297889486,0.629017595,1.817070254,0.410706399,3.066666667,6.4,2.8,2.2,3.533333333,4.133333333,0.733333333,1.066666667,1.333333333,1.8,3,1.533333333,3,4.266666667,3.4,3.733333333,2.266666667,0.2,4.8,4.133333333,3.666666667,9.6,5.4,4.266666667,4.733333333,7.333333333,4.733333333,1.533333333,3.6,4.266666667,4.533333333,5.2,5,5.733333333,3.866666667,5.8,4.133333333,3.6,6.4,4.6,4
0.720082719,0.224963761,-0.089005273,0.544739218,0.763584604,0.295809414,0.490294914,0.032827966,0.43161709,-0.018429252,0.294879451,3.043040891,-0.254977973,-0.292769515,-0.307286031,0.148728925,0.215630115,0.64302422,-0.720698188,0.330350395,2.605117304,2.086994671,1.451917126,2.510589417,1.851806454,1.102427622,1.531899126,1.28346608,1.343364035,0.788223001,1.677069763,6.894545492,0.395748075,0.516794533,2.276853265,1.205661662,3.630285067,2.173750486,-0.036371744,1.319098386,3.933333333,5.266666667,2.6,2.733333333,1.666666667,1.266666667,0.933333333,3,2.133333333,2.266666667,2.666666667,0.866666667,0.933333333,1.733333333,4,3.933333333,4.133333333,6.666666667,0.533333333,1.4,5,8.133333333,5,3.8,3.533333333,2.866666667,1,3.133333333,2.4,4.666666667,3.6,2.533333333,2.933333333,4.466666667,4.4,6.466666667,4.933333333,8.733333333,2.333333333,2,4
-0.240736646,-0.515023373,-0.352213714,0.066833624,0.381072095,0.204851594,0.070960161,-0.306574678,0.094151193,-0.770672441,0.744234112,-0.343007593,-0.018753882,-0.971108544,-0.095117967,-0.160027191,-0.92864513,-0.707329801,0.236544867,0.059347797,0.567725252,0.222680649,0.812199932,0.680128273,1.007652709,1.133569242,0.963643245,0.241173013,1.14209285,0.250203854,1.298830395,1.317048724,0.750597669,0.446509995,1.3060946,0.828734901,-0.043991326,0.921919537,2.206793248,0.88453195,0.733333333,2.6,0.2,1.2,4.733333333,1.866666667,4.666666667,1.6,1.6,5.733333333,4.2,5.8,0.533333333,6.133333333,5.933333333,0.933333333,0.466666667,3.466666667,3,6.8,4.266666667,4.266666667,4.533333333,1.666666667,5.733333333,8.133333333,10.13333333,2.533333333,4.466666667,10.8,7.8,8.4,1.333333333,7.733333333,10.73333333,7.2,1.066666667,6.333333333,6.4,8.466666667,4
1.181640454,-0.062387551,0.270191275,1.968312173,1.179701707,0.197515994,0.397625508,0.913857202,0.494070492,0.088762921,0.337897107,1.321878086,-0.08355611,-1.402182004,1.60145588,-0.298327421,0.380777891,0.103485437,-0.374543331,0.127887915,2.514433297,1.392099366,1.346612981,3.141618897,2.382159866,2.117403422,1.683529053,2.580877899,1.499936792,1.772662552,1.271844074,3.269478661,0.982338585,1.476031283,3.541822914,2.175528181,1.74938996,1.192928794,0.482680808,1.152714464,1.8,3.666666667,1,0.6,3.066666667,2.8,3.333333333,0.733333333,1.4,1.8,0.733333333,1.866666667,0.333333333,3.533333333,0.6,2.333333333,0.466666667,0.533333333,0.933333333,6.933333333,4.066666667,5.333333333,3.8,0.666666667,7.333333333,3.8,5.133333333,3.266666667,4.933333333,2.066666667,2.466666667,2.533333333,2.533333333,5.6,1.333333333,2.866666667,3,2.6,1.133333333,8.066666667,4
0.343229193,-0.107445943,-0.014379756,0.501785977,0.977497116,0.503106109,0.210256214,0.523900393,0.388101554,0.01829329,0.083878246,0.491091314,0.236606056,0.079367702,-0.269790144,-0.123423693,0.38855862,-0.180634222,0.463551369,0.071709962,1.370871783,0.526687638,0.885466958,2.536457898,2.212207854,2.503624728,0.909638805,1.773978219,1.657066778,1.496192801,1.335870859,3.444841598,0.813469347,2.215383289,2.063127544,1.048450711,4.387637505,1.429675167,1.543848942,1.21609261,1.733333333,4.6,4.266666667,3,2.4,3.266666667,1.333333333,2.466666667,3.733333333,4.8,1.333333333,5.2,1.066666667,6.466666667,5.333333333,3.333333333,3.6,5.333333333,3.666666667,4.933333333,3.066666667,4.8,6,4.666666667,5.4,5.8,2.733333333,4.133333333,4.6,8.133333333,1.8,9.2,1.533333333,11.8,8.8,5.066666667,6.266666667,9.666666667,8.2,8.666666667,5
1.07885322,-0.633921282,0.830807599,1.42166339,0.982280693,0.36934333,-0.32075101,1.830026822,0.54140054,0.678385338,1.251139622,0.674132881,-0.415346481,-0.297280749,0.748410398,0.625686591,2.86794728,-0.884923779,-0.329569334,0.130264609,2.128800971,2.177834527,1.770925622,2.337290293,2.051618068,1.715068889,0.970975839,3.576346701,2.088407384,1.814712545,2.217138771,2.744757771,0.339973681,1.835838219,1.764919997,2.637861416,6.274218222,0.86415771,1.653363011,1.42847735,1.4,6,1.666666667,0.733333333,1.4,3.933333333,2.8,0.733333333,4.866666667,4.466666667,0.733333333,0.733333333,0.4,4.733333333,0.733333333,5.8,5.666666667,5.466666667,5.4,0.666666667,2.2,10.8,6.866666667,3.266666667,5.466666667,8.133333333,4.6,1.733333333,5.266666667,5.8,3.266666667,5.066666667,2,8.4,4.6,6.8,10.46666667,9.333333333,7.6,3.133333333,5
0.060999481,0.068512873,-0.103936008,0.06084727,-0.498861834,-0.122084879,0.020145136,0.037270969,-0.241885385,0.018328278,-0.361407437,0.367207264,0.04405087,-0.423555907,0.182116267,-0.357232557,0.027342464,0.018354243,-0.152884355,-0.129379453,0.583603864,0.488093468,0.249271478,0.65962704,-0.074643053,0.460772461,0.550706263,0.355463187,0.139281655,0.440553792,-0.004056875,1.463081034,0.474162925,0.287772876,0.797412126,0.458236305,0.714483188,0.701781455,0.376098548,0.296802059,1.333333333,4.266666667,0.4,0.466666667,0.6,0.066666667,0.266666667,0.466666667,0.066666667,3.333333333,2.333333333,5.866666667,5.333333333,0.133333333,1.133333333,0.133333333,3,2.933333333,2,1.533333333,2.866666667,5.333333333,1.666666667,0.533333333,0.733333333,2.733333333,0.733333333,0.733333333,1.333333333,7.466666667,3.4,6.2,5.6,1.8,1.2,1.533333333,3.466666667,4.066666667,4.733333333,2.8,5
0.621817949,0.875201508,0.025826479,0.324404748,-0.438279674,-0.047425742,-0.733755766,0.780540755,-0.280692274,1.278116778,0.485712002,-1.564965476,0.093330423,-0.03645141,1.662094521,-0.898284663,2.043020405,-1.263177106,-0.560873776,0.570640121,4.555683001,3.717809852,4.66236392,6.704674337,3.116969015,5.215617138,2.06306284,4.380370717,1.117461451,6.53932853,2.009839194,0.977905218,1.605083366,2.280723055,3.139685714,4.048068669,7.06879264,1.394416696,0.895241621,4.754716067,4.6,2.666666667,4.6,5.066666667,5.733333333,5.133333333,5.333333333,5.266666667,6.133333333,5,1.733333333,0.266666667,5,5.333333333,2.066666667,2.666666667,5.2,4.4,0.133333333,4.466666667,5.8,5.133333333,5.333333333,6.533333333,6.133333333,7.333333333,7.333333333,6.733333333,8.466666667,5.2,3.866666667,1,7.333333333,6.8,3.933333333,4.133333333,7.266666667,5.8,0.4,4.933333333,5
0.497579984,-0.104171446,-0.678270908,-0.997108864,0.171939097,0.117434602,0.145724979,-0.681337266,0.018026681,-0.951632717,0.087593257,-0.319671501,0.073796118,-1.569318312,0.06915465,-1.001450777,-3.075085721,0.441864998,0.078031236,0.206483968,1.915196753,1.404432117,1.204463822,2.281033086,1.436575902,2.759146375,1.861654661,2.548463806,1.798886691,0.981350957,0.965979935,1.608257184,1.691876592,0.373510348,3.045022086,3.102994926,-0.206839814,1.81588107,2.696056111,2.369884358,1.533333333,2.733333333,4.466666667,3.533333333,0.133333333,5.4,6.066666667,3.6,4.2,3.133333333,1.133333333,1.4,6.466666667,4.333333333,3.266666667,3.133333333,0.4,3.733333333,6.733333333,1.933333333,3.8,7.133333333,6.8,6.4,3.933333333,9.533333333,10.26666667,7.6,7.333333333,5.4,3,1.466666667,9.066666667,8.333333333,8.8,7.533333333,3.066666667,8.933333333,7.066666667,3,5
0.986128539,0.207658609,0.586119157,0.901928685,1.318179774,0.964619122,0.16618516,1.221607581,0.641648746,0.42962038,0.766098851,0.183846301,0.118760528,-0.566965853,0.326960458,-0.629080636,2.428543495,-0.194757665,-0.050361892,0.743560584,3.541985733,1.376482116,2.076069071,3.86518219,4.572258224,5.208319594,2.112659365,3.354340035,2.317352847,5.297901914,3.682939305,1.311245882,0.885026947,1.550073047,2.983724059,1.435289181,5.32691516,0.80330513,1.789024266,3.316140882,5.666666667,0.2,3.133333333,5.066666667,5.733333333,5.2,4.133333333,4.6,6.133333333,5.2,4.666666667,0.466666667,3.4,6.133333333,7,6.466666667,5.666666667,3.8,2.266666667,4.533333333,6.4,1.4,3.2,6,6.933333333,6.466666667,4.466666667,5.266666667,6.8,6.133333333,4.8,1.6,3.466666667,6.933333333,8.333333333,7.666666667,7.066666667,4.6,3.066666667,5.066666667,5
0.495333314,-0.527501947,0.297413519,0.549451941,0.544442388,0.184201969,0.111637096,0.987027093,0.275439908,0.21411324,0.209013223,2.714134395,-0.2848159,-0.024763717,-0.824874675,0.479408531,0.200856411,-0.264274314,-0.012158777,0.356708939,1.82336192,1.331355946,1.696772943,2.802993341,1.57395239,1.529924894,1.238708792,2.875197155,1.724436929,1.819189616,2.065505543,6.357744303,0.673287913,1.286753472,0.448245498,1.102187666,2.602216677,0.775926085,0.834137059,1.227038761,4.266666667,6.6,3.6,4.2,6.8,3.4,3.933333333,4,4,3.533333333,3.333333333,0.2,0.666666667,3,1.066666667,1.466666667,4.133333333,2.333333333,0.4,0.066666667,5.133333333,9.266666667,5.6,5.533333333,8.733333333,3.666666667,5.266666667,4.8,4.4,4.733333333,3.733333333,0.466666667,2.933333333,3.066666667,3.4,2.666666667,5,4.666666667,1.4,1.866666667,5
0.852663244,0.13876817,0.327624072,0.750883065,0.313232506,0.003388293,-0.034141751,0.219803277,0.212541505,0.042018165,0.584079222,1.683009842,-0.020159607,0.475164899,-0.215607,0.257681415,0.278985095,-0.222859471,0.142523536,0.355772991,2.082627783,1.063632027,2.381297429,1.833446476,1.226037565,1.861538546,1.370289137,1.673185201,1.660460141,1.666969776,1.507324951,3.811327345,0.790687966,2.597447133,1.714825509,2.011104408,2.44613346,0.898966844,1.260025377,3.103754768,2.933333333,5.933333333,4.666666667,3.533333333,1,1,3.866666667,4.333333333,2.066666667,6.533333333,0.933333333,5.933333333,2.933333333,6.466666667,6.333333333,3.066666667,4.666666667,6.8,6.333333333,6.4,3.2,8.266666667,5.6,5.066666667,4.466666667,3.533333333,4.4,5.066666667,2.666666667,7.8,1.6,9.733333333,4.333333333,9.6,10.06666667,5.133333333,6,8.866666667,8.133333333,10.06666667,5
0.061282928,-0.111536875,-0.2403501,0.069434128,-0.088535171,0.032986112,0.064173055,0.273467401,-0.057398735,0.012772558,0.339805873,-1.213662924,-0.069377448,-0.141424375,-0.081482689,-0.360077421,0.036435904,0.448479339,0.008365712,0.103653194,0.495780747,0.464699857,0.370447377,0.856481656,0.456275409,0.614885908,0.606993883,0.874040043,0.50661435,0.706290251,0.822564496,1.370826886,0.525137801,0.635171836,0.438718007,0.404434246,1.436755672,1.196207116,0.815456702,1.011930442,0.933333333,1.8,0.666666667,3.333333333,5.933333333,0.866666667,1.533333333,2.866666667,4.466666667,4.666666667,2.933333333,5.933333333,1.8,6.266666667,0.266666667,0.133333333,3.333333333,6.333333333,1.4,6.266666667,2.933333333,2.466666667,3.466666667,8.066666667,9.133333333,3.333333333,1.733333333,5.866666667,9.6,8.733333333,7.4,11.13333333,6.733333333,7.933333333,5.6,0.933333333,5.933333333,7.666666667,5.733333333,9.8,5
0.373138868,0.144583495,0.192341821,0.378286843,0.499515697,0.131317447,0.012015032,1.135669341,-0.045039214,0.344894945,0.285820187,1.25613874,0.014806352,0.968297428,0.135483814,-0.006453951,1.326989992,-0.273573522,-0.082352319,-0.259046624,2.371346371,1.486706431,4.317912752,2.841632096,1.2151775,1.999326922,1.247258822,3.329579807,1.290799323,3.018017104,2.127212193,3.861254219,1.315474371,6.727080807,2.015645503,1.046338258,7.531719851,1.752918995,1.269573432,1.238978481,6.333333333,4.866666667,6.266666667,6.466666667,0.8,2.466666667,5.533333333,6.2,6.2,2.466666667,5.466666667,1.466666667,2.733333333,2.533333333,5.333333333,1.066666667,7,6.2,2.266666667,2.466666667,6.533333333,5.6,7,6.533333333,1.2,2.733333333,5.733333333,6.4,6.666666667,2.8,5.6,2,2.8,2.733333333,5.466666667,1.266666667,7.133333333,6.266666667,2.466666667,2.533333333,5