0.228058672,0.215756896,-0.050586457,-0.135012571,-0.190098227,0.039145262,0.14062569,-0.04418791,-0.168133616,0.055393169,-0.047061864,0.063115331,0.234818155,0.653598793,-0.182088097,0.305991831,0.16835743,0.609211455,0.18345442,0.143958142,-0.368928717,0.279096306,-0.043354379,0.031854501,-0.29052998,-0.595943624,0.233872839,-0.024802881,0.470543964,-0.066815008,0.109413313,-0.245313186,0.317213837,3.442555038,2.228537857,0.550437412,1.008915136,0.768724918,2.005177324,0.691320774,2.220212897,0.177578897,0.959183012,0.882499713,1.403378273,1.146496305,4.990353519,0.511424274,2.95487737,0.697366695,2.035984024,0.649091668,0.785363186,0.200168573,0.752372317,1.059180052,0.18136672,0.233423004,0.174927061,2.225550878,0.390228543,2.102887319,0.077132821,0.25141168,-0.037101077,1.355440974,6.066666667,6.066666667,6.066666667,5,3.266666667,5.266666667,3.466666667,5.733333333,0.2,6.066666667,5.066666667,5.466666667,6.933333333,3.066666667,5.333333333,4.266666667,5.6,3.266666667,4,3.333333333,0.4,3.266666667,3.066666667,0.8,6.733333333,4,3.066666667,5.133333333,3.066666667,0.533333333,7,0.8,6.866666667,6.466666667,6.6,6.2,5.6,4.066666667,5.666666667,3.533333333,6,1.066666667,6.666666667,5.333333333,5.6,7.466666667,3.2,5.866666667,4.666666667,6.533333333,3.533333333,4.466666667,4.333333333,1,3.8,3.4,1.6,7.533333333,4.733333333,3.266666667,5.2,3.266666667,1.133333333,7.866666667,1,6.933333333,1
0.102821618,-0.281135435,-0.078703917,-0.170815768,-0.140443219,0.010461132,0.391324158,-0.006333859,-0.001425993,-0.194410081,-0.007406752,-0.178206779,-0.399961348,-0.025049951,0.03663845,-0.045256269,0.091151003,0.075493163,-0.371684133,0.013453322,-0.111226339,-0.009269518,0.058838486,-0.388581479,-0.194688472,0.081515284,-0.060709405,-0.088465792,-0.122959921,-0.015413866,-0.193271649,-0.017979843,0.235203253,0.476985993,1.741166107,0.101480429,0.658040392,1.349370877,1.001801131,1.548901762,1.103382087,0.691793247,0.399094792,0.403664359,0.225756878,0.653847033,5.438020319,0.882975202,1.589123324,1.563879107,1.570383799,0.612621222,0.71471872,0.789979967,1.387101756,0.632716886,-0.021928654,0.484772933,0.805497116,1.951068863,0.515091812,1.863367682,0.306732824,0.064759861,0.289264793,0.904265522,6.333333333,6.866666667,5.266666667,7,6.666666667,6.333333333,6.333333333,5,7,6.333333333,5.2,7,6.2,6.2,4.6,6.533333333,7,6.666666667,1.4,6.133333333,5.733333333,6.8,6.133333333,0.2,5,5,6.133333333,5.666666667,6.2,3.933333333,0.066666667,4.933333333,6.866666667,6.666666667,7.266666667,5.866666667,7.4,7.266666667,6.533333333,7,5.733333333,7.133333333,6.533333333,5.6,7.533333333,6.466666667,6.333333333,5.066666667,6.866666667,7.666666667,6.933333333,2.133333333,6.533333333,6.133333333,7,6.666666667,0.266666667,5.733333333,5.733333333,6.6,6.066666667,6.6,4.333333333,0.8,5.666666667,7.333333333,1
0.02963696,-0.333147867,-0.028772984,-0.065996834,-0.171486456,-0.183331375,0.302235523,0.190601668,-0.028713692,-0.238681261,-0.240286389,0.11331882,-0.170371853,-0.041999977,-0.067208441,-0.163996707,-0.053196536,-0.018997912,-0.239202633,-0.165414111,-0.235167014,-0.143592726,-0.062676266,-0.592977414,-0.063622755,0.111196631,-0.021377538,0.039718842,-0.303976986,0.04374648,-0.053639709,0.191108952,0.061036897,0.331742865,0.185848124,0.379221536,0.265152614,0.062810048,0.267560211,1.249090631,0.905480186,0.477563569,-0.004081141,0.134821875,0.413143235,0.340865334,1.846370708,0.15158251,0.935925541,0.474626091,0.247173192,0.032633514,0.318995455,1.004383884,0.245649099,0.56938067,1.178306187,0.15629062,0.652967473,0.915611227,0.311822414,-0.051944837,0.189237407,0.389101306,0.64814122,0.618596141,6.066666667,6.4,6.333333333,6.666666667,5.533333333,4,7,5.533333333,5.066666667,1.866666667,7,6.666666667,6.466666667,5.133333333,6.333333333,6.4,6.2,0.133333333,0.133333333,4.666666667,7,0.2,6.333333333,3.266666667,1.4,6.733333333,5.133333333,2.333333333,0.666666667,1.333333333,4.4,4,6.4,6.266666667,6.8,6.733333333,7.2,6.066666667,4.466666667,7.6,6.466666667,5.666666667,2,7.2,6.733333333,7,5.466666667,6.533333333,7,7.066666667,0.333333333,0.866666667,5.466666667,7.466666667,0.6,6.4,4.133333333,2.133333333,6.933333333,6,3.133333333,1.066666667,1.6,5.2,4.866666667,6.933333333,1
0.095336686,0.140922684,0.112874337,-0.020920987,0.653951821,-0.038613992,0.597796482,0.136140391,0.058514191,-0.080200127,0.200745744,0.005840103,-0.214005946,-0.075401403,0.079632661,-0.120607454,0.445631876,-0.001215502,-0.347117523,-0.001733355,0.582908735,-0.062639433,0.027327624,0.527603078,-0.07916378,0.162059512,0.061053869,0.012153894,-0.038723311,0.123695421,-0.339321194,0.36568971,0.097740522,0.326793621,0.411964343,0.565674138,0.435054974,1.694049271,0.898731134,1.047584897,1.246423409,0.441539242,0.331010412,0.442558933,0.585176323,0.044717399,0.343240749,0.495950484,0.312285358,1.017380567,0.23005957,0.760585045,0.253787002,1.366850971,0.443758707,0.49310811,1.068823623,0.419128541,0.538964883,0.385913125,0.314550116,0.404659965,0.468123695,0.060577597,1.064971385,0.469445218,0.533333333,1.466666667,5.6,1.333333333,1.333333333,6.4,0.666666667,4,4,2.066666667,0.6,5.666666667,5.6,3.333333333,2.8,2.666666667,1.333333333,6.866666667,3.466666667,0.333333333,0.466666667,1.933333333,5.8,0.266666667,4,4.2,6.333333333,6.733333333,6.466666667,4.666666667,2.666666667,6.866666667,1.133333333,2.066666667,2.733333333,5.733333333,2.066666667,3.133333333,7.933333333,2.133333333,8.4,4.666666667,2.133333333,1.4,11.13333333,10.46666667,5.6,3.4,4.666666667,4.2,10.8,6.133333333,2.266666667,1.2,3.533333333,11.66666667,1.333333333,7.066666667,4.266666667,11.6,8.333333333,7.133333333,5.333333333,5.333333333,12.4,5.733333333,1
-0.094230936,-0.241573673,0.045717568,-0.24382321,-0.133414108,-0.356487542,-0.018679234,0.208349703,-0.000885157,-0.220470222,-0.218517678,0.006365865,-0.244911453,0.10727143,-0.187891183,-0.056096272,0.339972645,-0.067149759,-1.037467736,-0.228876686,-0.237157218,-0.197689902,0.067922641,-0.364708552,-0.239493523,0.020658483,-0.045811088,0.013570078,-0.252254713,0.076611331,0.401546114,-0.048195601,-0.00524908,0.223629263,0.028965245,0.575158108,0.337737414,0.165905099,2.231259477,0.713456315,1.118214647,0.5993793,0.135946026,0.041594776,0.298658835,0.265446876,0.498903698,0.13051917,0.141066581,0.774476702,0.280794888,-0.368200938,0.198970461,1.933287012,0.231077009,0.505372387,0.127161194,0.212425852,0.326955028,0.405361805,0.411282737,0.636069495,0.281054231,0.852855259,0.867894454,0.577962933,6.4,0.066666667,4.6,2.133333333,1.8,5.733333333,3.466666667,3.266666667,3.066666667,5.733333333,3.333333333,5,5.466666667,5.666666667,5.333333333,2.4,1.933333333,5.6,2.266666667,3.933333333,6.066666667,5.6,2.066666667,5,4.066666667,0.733333333,3.666666667,4,5.733333333,1.6,3.066666667,6.466666667,5.266666667,6.666666667,0.2,5,2.2,1.866666667,6.266666667,3.6,3.666666667,3.533333333,6.133333333,3.4,5.6,6.133333333,6,5.466666667,2.533333333,2,5.8,2.866666667,4.2,6.533333333,5.666666667,2.2,5.333333333,4.533333333,0.866666667,4.066666667,4.466666667,5.866666667,2.2,3.533333333,7.066666667,5.4,1
0.017875805,-0.106635527,-0.989030725,0.53702817,0.332177051,-0.36369859,-0.027247063,0.439183657,-0.044471687,-0.540170077,0.20954127,0.479772803,0.559322746,-1.196019356,-0.256126875,0.307722302,0.459768406,0.29158806,-0.031914336,-0.213662218,0.738122421,0.017567337,-0.219194989,0.595914468,0.506871275,1.793301421,0.136391562,-0.573082236,-0.271841893,-0.244234323,0.27280685,0.558704232,0.250585085,0.976562301,0.287517323,-0.489227543,1.133395097,0.997169571,-0.114395029,1.102824841,1.415325621,0.464954206,0.082744852,0.692185474,0.912052001,1.67359532,0.11473994,0.328357053,0.773857308,0.751983749,0.655537229,0.395583888,0.278511714,1.510186074,0.848029556,0.187634184,2.579899403,1.298710427,3.403156128,0.980711736,-0.227784879,0.101496268,0.315192915,0.645607711,0.814256264,1.247142105,6.933333333,6.866666667,4.533333333,3,6.866666667,0.933333333,0.866666667,0.2,7,6.933333333,6.8,4,4.533333333,2.866666667,5.066666667,4.533333333,1.066666667,0.133333333,3.666666667,0.266666667,0.866666667,7,4.533333333,6.466666667,5.733333333,5.733333333,4.533333333,2.8,0.666666667,6,2.133333333,1.466666667,4.533333333,7.066666667,6.933333333,4.666666667,3.133333333,7,1.066666667,0.933333333,0.333333333,7.066666667,7,6.933333333,4.133333333,4.666666667,2.933333333,5.133333333,4.666666667,1.133333333,0.266666667,3.733333333,0.4,0.933333333,7.066666667,4.6,6.6,5.8,5.8,4.6,2.866666667,0.733333333,6.133333333,2.2,1.533333333,4.666666667,1
-0.003379161,-0.047675184,-0.067846546,-0.665882634,0.011080981,0.094903595,-0.085047131,0.106637045,-0.089969635,-0.049523515,-0.040696921,-0.045297114,6.73E-06,-0.038990887,-0.156937798,0.078466735,-0.122359489,-0.00613409,-0.127713222,-0.079472678,-0.39166049,0.0429275,-0.160409532,0.091574753,-0.000215465,-0.050280316,-0.034483185,-0.102973641,-0.038989435,-0.099011023,0.021915587,-0.243224853,-0.033765193,0.282563707,0.115196305,0.138020887,-0.21546901,0.458085021,0.353041816,0.440195587,0.612161032,0.137523218,0.113990159,0.121825232,0.093885845,0.340446547,0.749617428,0.036465821,0.341157909,0.019438807,0.182450806,0.483922101,0.216109241,-0.054293907,0.502832042,0.000951757,1.048827581,0.33243269,0.209271827,0.231036855,0.163026182,0.289316206,0.076626873,0.170885464,-0.021370088,0.440836112,6.866666667,6.533333333,1.6,0.066666667,3.533333333,1.4,5.733333333,2,3.533333333,3.066666667,0.066666667,0.2,1.133333333,6.266666667,3.533333333,1.133333333,0.6,2,6.733333333,1.733333333,0.4,3.466666667,2.666666667,6.4,0.066666667,1.933333333,6.666666667,6.2,6.533333333,0.2,5,0.4,6.933333333,7.066666667,6.6,1.8,0.266666667,3.6,1.6,5.933333333,2.133333333,3.6,3.2,0.2,0.4,1.333333333,6.4,3.733333333,1.2,0.733333333,2.2,6.933333333,1.933333333,0.533333333,3.533333333,2.8,6.6,0.2,2,6.866666667,6.333333333,6.6,0.333333333,5.2,0.533333333,7.133333333,1
-0.012711289,0.525969678,0.147153073,0.505898744,2.081792554,0.04442752,1.407658135,0.296037527,1.089636849,0.494383652,-0.462195558,0.100265837,0.582953053,1.350018355,0.539599273,0.749077666,0.809234502,-0.001492974,0.241537454,0.248329088,0.473721558,1.105525149,0.994097419,-1.025978749,-0.353369809,-0.58362095,0.693847792,-0.048558749,0.68854874,-0.092387377,-0.495827803,-0.120107694,0.521624293,0.32789035,1.215482567,0.587719296,1.231161868,3.10483942,0.301907533,2.221423091,1.114292218,2.205062436,0.758274016,0.168590197,0.657861561,1.208103744,2.815229997,1.065679374,1.399180364,1.480772443,0.574913775,2.699080439,1.834555087,1.383776478,1.955156399,1.451226353,0.195128857,0.431451668,0.73626131,1.416595263,0.364723053,1.199361649,0.433138201,1.087746568,0.563597392,0.971680042,2.533333333,0.933333333,1.533333333,5.466666667,1.133333333,0.733333333,1.133333333,2.8,1.066666667,0.866666667,0.266666667,5.533333333,0.933333333,0.666666667,6.533333333,0.933333333,2,5.266666667,2.2,7,5.866666667,1.333333333,0.933333333,0.133333333,2.733333333,2.133333333,0.933333333,3.533333333,5.2,2.666666667,4,6.533333333,0.933333333,4.8,1.133333333,3.933333333,9.4,3.133333333,4.4,2.666666667,6.133333333,4.933333333,1.466666667,4.8,8.4,1.4,3.4,8.933333333,4.266666667,2.466666667,7.066666667,3.733333333,10.86666667,9.533333333,5.266666667,1.4,0.4,6,3.2,2.666666667,3.8,5.466666667,7.066666667,7.266666667,10.86666667,1.866666667,1
0.256581352,-0.006330196,0.264219778,-0.130553488,0.428163374,-0.324708328,-0.169556693,0.371760722,-0.948003167,-0.048720362,-0.201105911,0.121302863,0.071840507,0.584368607,0.100387751,0.098588742,0.218809139,-0.48549808,0.940927808,-0.078091494,0.517332195,-0.711026864,-0.056762365,0.310880678,0.047314011,0.068036828,0.439111642,0.259470469,-0.535443019,0.423061577,0.596489521,0.079023168,0.319557396,0.599142997,0.468402557,0.715735955,1.464803153,1.054431408,2.337560075,0.550440451,1.038900774,-0.024809543,0.63522231,0.30574272,0.92230092,0.800616511,1.041436308,0.595370426,0.504827014,0.958819929,1.768055884,3.978211279,0.701273751,1.039709973,1.463728485,0.80221428,1.534104816,0.651001494,0.613378751,0.854288508,0.629772413,2.235827049,0.865092896,1.09344588,1.353303948,1.221245578,4.4,1.6,1.266666667,5.866666667,2.666666667,5.466666667,5.466666667,1.266666667,0.133333333,2.533333333,3.533333333,0.466666667,5.733333333,0.533333333,0.4,0.333333333,0.866666667,5.333333333,1.266666667,1.6,2.2,5.8,0.4,6.466666667,4.933333333,0.333333333,0.866666667,1.666666667,5.466666667,0.8,1,3.066666667,4.4,5.466666667,2.133333333,3.2,7.866666667,4.8,5.8,6.733333333,3.933333333,0.466666667,3.666666667,5.8,2.866666667,8.2,2.066666667,2.2,1.733333333,3.2,7.2,1.666666667,2.8,2.6,7.533333333,1.866666667,8.066666667,5.133333333,1,2.2,1.8,7.8,0.866666667,1.266666667,3.933333333,5.4,1
0.412251875,-0.013911114,-0.01567439,0.260685053,0.282522679,-1.703978308,0.570195477,0.611831095,-0.405993751,-0.119678673,-0.218326651,-0.479221177,-0.003825249,-0.094151734,0.118486042,-0.334926903,0.673143936,0.33663082,-1.719043722,0.082452314,0.060516587,-0.336995497,0.171711853,-0.694504104,-0.029270498,1.068575992,0.085292957,0.068487789,-0.504464643,0.288827956,0.140521242,-0.112957497,0.506526648,0.74093938,0.787627545,0.675228152,1.918160976,0.702803184,0.34175801,1.118464306,1.953541821,2.022316437,2.360960288,0.447544271,0.269851991,0.324465031,0.491020235,0.50941848,0.546963629,1.339236598,1.474115614,-0.226300165,0.830706776,0.573647513,2.346240851,0.704712386,-0.112079758,1.12113361,2.244750357,0.58802507,0.692886895,1.69172346,0.679625862,0.860500454,0.439616727,1.064822671,1.066666667,4.4,7,1.933333333,0.733333333,4.333333333,4.4,6.333333333,4.333333333,4.4,6.2,3,1,4.733333333,0.266666667,4.733333333,1.333333333,4.333333333,3.266666667,4.266666667,0.866666667,4.266666667,4.333333333,1.8,6.2,6.333333333,6.933333333,6.333333333,4.333333333,2,1.6,6.333333333,1.4,1.8,5.266666667,7.133333333,7.533333333,2.533333333,7.8,8.8,11.4,8,8.866666667,9.466666667,6.733333333,2.866666667,8.666666667,1.133333333,8.533333333,1.466666667,8.2,5.533333333,9.866666667,1,7.333333333,9.533333333,2.6,11.93333333,6.4,11.13333333,7.333333333,7.933333333,2.6,3.333333333,9.6,3.6,1
-0.107542656,-0.027793571,0.1922974,-0.541613666,-0.420001695,-0.296363717,1.517870778,0.584571891,0.715812493,0.208567509,0.546332796,0.084641425,-0.408539534,-0.04132695,-0.06287281,-0.412831985,0.315592112,0.051314574,-0.198538105,-0.354293823,0.032582827,1.072826417,0.036537715,-0.06538046,0.287370202,0.089869393,-0.299368635,0.23282209,-0.16758189,0.069739517,-0.341897602,0.509491031,-0.789459066,0.11424184,0.405261958,1.705350675,0.206018584,0.239150249,0.072374047,2.541418289,1.518179338,1.346639878,0.827925285,1.063083066,0.417660735,0.222099661,2.859457326,0.213019351,0.587789133,0.612945384,0.39938456,0.177934616,0.069333581,2.074692971,1.985578551,0.363269304,0.439288703,1.321512523,1.456731685,0.916038604,2.145122647,0.276226933,0.722659985,0.082085006,0.990467483,0.158333909,1.066666667,1.4,6.4,6,1.4,0.533333333,1.8,0.4,2.466666667,5.866666667,0.466666667,0.2,5.4,5.4,1.533333333,0.933333333,0.533333333,0.6,2.8,0.2,5.066666667,1.8,1.733333333,4.533333333,3.6,0.466666667,0.933333333,7,1.4,6.866666667,0.133333333,2.266666667,0.133333333,1.533333333,2,11.66666667,9.4,1.666666667,5.4,7.133333333,2.533333333,4.4,10.2,2.666666667,0.733333333,9.733333333,10.13333333,2.133333333,1.6,2.4,0.8,4.866666667,5.933333333,9.733333333,3.266666667,4.666666667,9.533333333,4.666666667,3.466666667,5.6,12.33333333,1.866666667,11.73333333,3,6.066666667,2.533333333,2
0.082603728,0.032514194,-0.026361253,-0.064947579,0.402899182,-0.135186329,0.744936506,0.22606162,0.821248546,0.081337175,0.005802096,-0.176522398,-0.129832852,-0.266589641,0.230135647,0.036649161,0.473364634,0.08786824,-1.198176249,0.140435341,-0.666655438,0.37156361,-0.010444607,-0.858390316,0.098431186,0.239414628,-0.170369541,-0.275347556,0.286925901,0.009238566,-0.074390683,0.334472392,-0.085978233,0.310772658,0.352659732,0.685067486,0.505527003,1.267208309,0.215033811,1.63387505,2.110730373,1.566632846,0.477576608,0.299340721,0.295455504,0.109283654,0.205963315,0.695079675,0.410518313,1.521449382,0.288225715,0.570401579,0.547523112,0.373591919,0.820517099,0.474323036,0.011526188,0.784478217,1.20543075,0.415064692,0.450242035,0.470877995,0.303809252,0.733824188,0.640040926,0.118773994,1.533333333,1.733333333,6.8,5.533333333,1.733333333,0.066666667,2.533333333,6.133333333,3.333333333,5.333333333,3.8,6.8,1.6,1.266666667,3.333333333,5.733333333,3.733333333,0.533333333,3.266666667,1.8,6.2,1.466666667,6.933333333,3.8,5.533333333,6.133333333,5.866666667,6.2,1.4,6.733333333,5.333333333,6.2,1.066666667,1.666666667,4.8,12,7.066666667,3.066666667,0.4,3.066666667,9.533333333,8.6,5.4,4,9,6.666666667,1.4,5.4,8.266666667,7.733333333,5.266666667,5.2,2.6,10.66666667,5.266666667,8.2,6.133333333,10.46666667,6.666666667,9.8,9.333333333,1.6,7.133333333,9.533333333,6.333333333,5.333333333,2
0.019917231,0.159903455,-0.111172465,0.000106297,0.09086917,0.024221247,0.573927792,0.782457693,0.332100635,0.176637699,0.267545676,-0.34528701,0.03799205,-0.024378016,-0.082530601,0.232721425,0.184360039,0.158207464,-0.631219997,0.082099403,0.247757624,0.28201926,0.213094782,-0.204420637,0.258547524,0.214158586,0.014079486,0.061012278,0.194592041,-0.197081938,-0.326455411,0.095435726,0.036734997,0.342055352,0.483372328,0.25592069,0.569453435,1.229837278,0.706548527,1.028446838,1.828420586,0.867971381,0.512694845,0.61470732,0.035561542,0.362100983,0.474845546,0.563949288,0.611766983,0.757460767,0.540169652,-0.091341349,0.492541437,1.150741839,0.802521809,1.093009966,0.347277277,0.688006888,0.791996882,0.287879893,0.327005382,1.018749953,0.101148097,0.055757047,0.326398704,0.647916851,3.6,3.6,6.533333333,0.4,6.4,4.333333333,1.333333333,1.733333333,2.666666667,4.333333333,0.4,0.133333333,6.4,6,2.666666667,0.4,3.066666667,4.2,5.466666667,0.133333333,0.333333333,6.4,7,0.466666667,1.6,1.466666667,1.133333333,0.466666667,4.4,0.666666667,2.866666667,6.6,6.266666667,5.666666667,4.666666667,7.266666667,2.533333333,9.666666667,5.733333333,4.733333333,3.8,5.533333333,6.2,2.6,3.533333333,9.733333333,7.866666667,3.4,2.533333333,3.533333333,7.266666667,7.4,3.266666667,2.733333333,6.533333333,10.13333333,1.8,4.133333333,3.666666667,4,2.8,5.666666667,2.6,3.2,9.6,8.533333333,2
-0.02317946,0.201126348,0.082931513,-0.120258765,0.441739345,-0.266065092,0.737894988,1.156912179,0.455486458,-0.151589221,0.282169869,0.261510365,0.13548318,-0.654197918,-0.0147188,-0.356297581,0.598799635,0.368064081,-0.202457743,-0.065665247,-0.221585233,-0.030569112,0.425364533,0.139391541,0.123131405,1.165962185,-0.052124302,0.005156459,-0.289975924,0.178565569,-0.039958805,0.284359585,0.012525403,0.419575125,1.192023045,0.677575078,0.795064739,1.632373107,0.639486027,1.063894199,1.928592276,1.97086895,1.479027091,0.626178722,0.826367644,0.913057937,0.210814602,0.481299794,0.453421454,1.058052739,0.652971693,2.199028157,0.635598658,0.517755908,1.035450134,0.861955144,0.499594712,0.534941626,1.79433046,0.34938014,0.378651514,0.842091341,0.496775321,0.404447773,0.591989434,0.560692194,2.733333333,2.666666667,1.466666667,3.8,2.666666667,6.533333333,0.866666667,1.933333333,2.533333333,2.733333333,1.533333333,2.8,4.533333333,1.466666667,3.8,2.666666667,2.333333333,3.466666667,6.733333333,6.8,0.2,2.733333333,2.733333333,1.466666667,5.466666667,1.933333333,5,0.066666667,2.666666667,1.866666667,1.533333333,0.066666667,4.4,5.533333333,4.733333333,3.2,5.066666667,3.6,10.6,3.733333333,5.333333333,3.266666667,3.533333333,4.333333333,6.866666667,8.266666667,2.066666667,6.533333333,2.733333333,4.8,6.8,10.46666667,11,2.2,3.266666667,3.6,2.866666667,6.933333333,6.133333333,6.733333333,2.066666667,6.6,4,3.533333333,0.533333333,7.2,2
-0.210921515,0.094297097,1.810660225,-0.103901375,-0.891347741,-0.252880501,0.80617231,0.438677749,-0.321194819,0.773206472,0.507895303,1.115645202,-0.534394091,1.794352868,0.346335233,0.103681689,0.616568708,-0.630472901,-0.89834952,0.273739878,0.762798396,-0.726408212,0.403822912,0.236339147,0.165148491,-1.636102071,-0.298754904,0.46418193,0.427981421,0.404593353,-0.253872323,-0.582794917,-0.60363595,0.230906863,0.811683433,7.030839189,1.458208912,-0.252642743,0.058035931,2.018544418,2.383688099,0.440119114,1.331766009,2.025213944,1.971789162,1.26931983,5.029612593,1.083952757,1.719173408,1.562212345,-0.215908363,0.881093421,0.835934146,3.290568232,0.269343885,0.745342492,1.159107509,1.163694665,1.541849379,1.375347532,1.41074432,0.911084309,1.564382032,0.752350895,0.950808095,0.697222206,0.466666667,0.533333333,5.4,3.466666667,0.066666667,0.666666667,0.933333333,3.4,0.733333333,4.533333333,3.2,5.266666667,4.266666667,0.533333333,0.666666667,0.4,3.266666667,0.733333333,6.266666667,3,3.866666667,0.666666667,0.466666667,3.533333333,2.8,3.4,0.533333333,5.4,0.2,6.866666667,7,0.666666667,0.133333333,6.933333333,4.4,6.6,9.4,0.4,0.933333333,2.733333333,8.6,1.2,5.533333333,4.466666667,6.866666667,8.6,6.333333333,1.333333333,0.666666667,9.666666667,1.066666667,12.33333333,4.533333333,8.4,0.933333333,1.333333333,6.133333333,5.666666667,6.266666667,4.4,9.533333333,1.066666667,8.733333333,12.93333333,1.066666667,4,2
0.113879783,0.328400563,0.033021034,-0.300870015,0.746369918,-0.071150773,0.75610643,0.252144449,0.469193688,0.202073252,0.320358255,-0.138424441,-0.126224711,0.204382562,0.007453736,0.224023396,0.707953257,0.206924107,-0.623395237,0.144421869,-0.612308264,0.187485415,0.514962028,-0.688934342,0.058062885,-0.037610155,-0.049741803,-0.077435662,0.614903414,0.0061389,-0.370350673,0.092324217,0.073622702,0.385347353,0.983512166,0.574046258,0.117833244,2.083606405,0.501582522,1.176314917,0.615790507,1.628564911,0.930845717,0.551114693,0.157109354,0.580212641,2.285419519,0.391740723,1.254632707,1.195543081,0.698390624,-0.136243165,0.558828825,0.247468157,0.563713311,0.8222622,-0.026275644,0.685154569,0.294233578,0.774692397,0.744209169,3.04298863,0.327044525,0.092897373,0.411404062,1.037300704,6.933333333,5,2.2,0.066666667,2,4.866666667,0.6,0.6,4.866666667,4.866666667,2.266666667,1.4,1.733333333,5.6,1.4,5.6,1.866666667,5.333333333,0.066666667,4.666666667,0.133333333,1.4,1.466666667,0.066666667,2.6,0.666666667,5.533333333,5.266666667,4.866666667,2.666666667,0.066666667,0.466666667,5.6,7.066666667,5.066666667,2.266666667,0.2,2.133333333,4.933333333,0.666666667,0.733333333,5,4.933333333,2.333333333,1.533333333,1.8,5.666666667,1.466666667,5.733333333,1.933333333,5.466666667,0.133333333,4.733333333,0.266666667,1.466666667,1.6,0.2,2.733333333,0.733333333,5.6,5.333333333,4.933333333,2.8,0.133333333,0.6,5.733333333,2
0.313815093,0.319031883,0.089591164,0.399418118,0.727281188,0.050458799,1.012684147,0.351553162,-0.057371664,0.240845839,0.566501851,0.403027326,-0.168867966,0.231322148,0.111227858,0.515017885,1.02723927,-0.262449745,-1.398496243,0.067946514,-0.930064573,0.211019086,0.513852742,-0.624579447,-0.169406774,-0.012774125,-0.031150903,-0.096068542,0.412585926,0.050685285,-0.496319617,-0.04501549,0.216788969,0.709617263,0.998055772,0.429146898,0.87265441,1.721462847,0.676467858,1.82402881,1.11704228,0.59307936,0.989708616,1.148170703,1.091503198,0.32192959,0.836047625,0.629096698,1.09256731,2.18578048,0.214379018,0.310725077,1.111956914,-0.215689373,1.024059102,1.186560836,2.866971704,0.82063969,0.849635767,0.495486621,0.702843113,1.264244654,0.687516183,-0.056169213,0.559599826,0.884335397,2.4,1.866666667,1.6,3.533333333,2,0.466666667,0.733333333,0.733333333,7,4.466666667,0.6,3.8,1.133333333,0.933333333,3.933333333,2,2.066666667,6.133333333,5.6,2,0.4,4.533333333,4.333333333,5.4,3.066666667,2.933333333,0.733333333,3.666666667,1.866666667,6.733333333,0.066666667,0.533333333,4.266666667,3.2,1.933333333,3.266666667,8.133333333,6.6,0.866666667,1.533333333,2.133333333,11.53333333,6.533333333,1.133333333,5.8,2.066666667,1.866666667,6.066666667,2.8,4,9.866666667,8.933333333,6,1.266666667,6.866666667,5.6,9,3.466666667,5.733333333,1.2,4.866666667,5.533333333,7.466666667,0.933333333,1.4,5.333333333,2
-0.122638517,0.37011051,0.237946914,-0.236239486,0.844181989,-0.578114769,0.786677428,0.397898556,0.388400882,0.019320242,0.093002269,-0.021157085,-0.00414293,-0.017354785,-0.125164046,0.04809026,0.431817986,-0.830029037,0.407021217,-0.694866448,-0.731015589,-0.086044405,-0.038317152,-0.542905709,0.104146381,0.021534797,-0.235765791,-0.040851563,-0.378647537,0.67826286,-0.005027342,0.194851569,-0.224510469,0.596929157,0.970662222,0.633794215,0.487740052,1.633825434,-0.043875961,1.311904299,0.954889689,2.079758499,0.472552775,0.693881714,0.507050688,0.679994901,1.0955527,0.328843271,1.232987957,0.988040341,-0.268411975,1.060533394,-0.210534739,-0.057768605,1.649052178,0.634212316,0.839920585,0.574832669,0.47917494,0.414912863,0.394775637,0.91943535,1.503645235,0.458672166,0.955006046,1.329849431,3.466666667,1.133333333,1.866666667,0.333333333,1.2,5.733333333,0.933333333,1.666666667,5.733333333,5.866666667,2.066666667,3.266666667,5.733333333,6.466666667,0.733333333,6.933333333,2,0.4,1.666666667,0.066666667,0.066666667,5.333333333,2.733333333,2.4,1.666666667,1,6.266666667,0.266666667,5.666666667,0.133333333,3.066666667,5.266666667,7,6.6,1.333333333,2.533333333,1.333333333,1.933333333,8.066666667,1,1.8,6.133333333,7.866666667,2.333333333,5.666666667,7.933333333,9.333333333,1.066666667,9.6,2.2,1.333333333,3.6,0.266666667,0.4,7.666666667,3.2,3.066666667,2.2,1.4,9.8,0.6,7.733333333,0.6,3.6,7.066666667,9.266666667,2
0.184090825,0.071689545,0.013021194,-1.232646935,0.301746179,-0.341352376,0.778443794,0.722319306,0.857935776,-0.336479198,0.324933671,-0.343579735,-0.051803982,-0.155989131,0.005466356,-0.068482714,0.538915862,-0.811323567,-1.115019938,-0.211972358,-0.555518895,-0.176591908,0.104809032,-0.484377006,0.086726165,0.553660775,-0.349822857,-0.338952555,-0.667381384,-0.293045132,0.29992009,-0.201105676,-0.470702496,0.985516845,0.562717976,1.035628623,-0.264357792,1.889119364,0.321282131,1.355530698,2.291052757,1.660966109,0.044412691,0.980605804,0.400540972,0.977424732,0.767555778,1.301285606,0.603471644,2.17629771,-0.269138467,0.592579158,0.609130474,1.213231709,0.731414279,1.040901561,2.710952355,1.109720968,2.155708129,0.155980569,0.333355423,0.209547632,0.395458381,1.213457535,0.813782648,0.795198752,0.8,4.8,2.8,3,2.333333333,0.266666667,1.333333333,3.266666667,0.733333333,2.266666667,0.533333333,0.666666667,5.533333333,4,2.266666667,0.866666667,2.266666667,1.133333333,3.866666667,0.2,4.933333333,1.8,2,2.8,4.266666667,5.333333333,3.6,5.8,2.266666667,5.8,6.733333333,5.466666667,6.933333333,1.4,7.133333333,7.666666667,5.266666667,7.6,0.733333333,4.933333333,7.4,1.933333333,3.733333333,3.533333333,6,10.93333333,9.6,3.533333333,1.066666667,2.933333333,1.533333333,9.933333333,1.333333333,9.866666667,3.266666667,3.2,5.533333333,5.533333333,11.6,4.333333333,8.733333333,3.666666667,10.73333333,9.333333333,10.13333333,12.73333333,2
0.516475727,0.006745229,0.175117206,-0.243381363,0.377293655,-0.568816745,0.628642116,0.379296072,0.630934965,0.333497499,-0.352875221,0.222202425,-0.518817468,0.203813386,0.10866022,0.153713889,0.972358309,-0.042018674,-0.827975205,0.088820631,-0.823897425,-0.262985692,-0.078507143,0.228799674,0.04536023,0.303361765,0.233392519,-0.05669088,-0.204570518,-0.036162823,0.034492216,-0.601063069,0.066910665,1.292515739,0.754998405,0.884649262,0.215253539,1.259920282,0.702123497,1.249224907,0.832269999,2.930607806,1.375539933,0.253187324,0.853676959,0.157729703,0.77219418,0.789303093,0.647690284,1.857323645,0.336285509,2.056543677,0.952714396,-0.09432847,0.80861002,0.276147783,1.058679695,0.726288327,1.17936512,0.629571644,0.395526001,0.684204093,0.578095213,0.892126859,-0.118616332,0.472436513,1.133333333,7,4.666666667,1.6,1.266666667,6.733333333,1.6,1.466666667,7,2.8,0.6,0.133333333,6.666666667,4.333333333,3.266666667,4.333333333,1.4,1.466666667,3.666666667,1.8,0.266666667,7,0.933333333,3.733333333,3.866666667,1.466666667,0.133333333,4.733333333,2.8,1.266666667,4.133333333,0.533333333,3.333333333,2.733333333,8.533333333,10.6,2.2,2.466666667,8.533333333,5.066666667,3.066666667,7.733333333,5,1.4,3.866666667,8.866666667,5,4.533333333,9,6.733333333,7.333333333,6.533333333,6.533333333,3.266666667,9.4,1.733333333,7.466666667,7.8,5.2,3.2,7.066666667,3.066666667,5.4,7.4,4.466666667,4.4,2
0.096511337,0.127589952,0.140127256,-0.386056594,-0.042411662,-0.153419619,0.716693473,-0.169748343,0.199936135,0.298995658,0.122344128,-0.123509939,0.244897,0.49455099,0.02310284,-0.070597219,-0.117768926,-0.167801056,-0.187616505,-0.173477025,-0.171576687,0.124351615,-0.19955779,0.273458696,-0.095131744,-0.764603002,0.250359097,0.306474505,0.060289877,0.030644583,-0.021347336,-0.079394048,0.087856226,0.264471035,0.415408554,0.401947817,0.15948992,0.502879132,0.130871399,1.120480408,0.145573463,1.100075412,0.760280862,0.366482796,0.101421185,0.701192354,1.249751931,0.237749526,0.149732695,0.06239494,0.094827373,1.168465785,0.16835935,0.193223056,0.626674989,-0.010573521,0.741585935,0.212545173,0.305791362,0.558359096,0.599229777,0.216764354,0.267516773,0.315439722,0.129839542,0.664862031,1.8,2.866666667,1.333333333,0.2,2.866666667,2.2,2.4,1.933333333,3.133333333,4,0.466666667,0.066666667,5.733333333,1.6,4.666666667,6.333333333,4.8,0.266666667,5.6,0.133333333,0.933333333,2.133333333,0.066666667,2.2,0.2,0.333333333,0.866666667,1.066666667,0.733333333,0.133333333,0.066666667,1.933333333,5.4,2.866666667,3.4,1.6,0.6,4.866666667,4.133333333,4.266666667,2,6.933333333,5.466666667,1.066666667,5.2,6.533333333,1.733333333,7.333333333,11.6,5.2,0.466666667,8.8,0.533333333,1.066666667,5.133333333,0.733333333,4.333333333,2,0.866666667,1.866666667,2,1.866666667,0.2,3.8,2.133333333,8.133333333,3
-0.105127724,0.082442725,-0.061577988,0.326133781,0.178492328,-0.061565667,0.334125059,0.485347203,0.369686297,-0.148204041,0.267617261,-0.007551645,-0.271759123,-0.887702334,0.046208537,0.035848583,0.077377008,0.057082956,-0.112534157,0.189659544,-0.238463597,0.194133835,0.297036915,-0.022082887,0.154440738,0.963758001,-0.107140187,-0.698000248,-0.354820301,0.039581319,-0.113056166,0.264915641,-0.124408216,0.226011133,0.895250046,0.859883801,2.228346462,1.390874137,0.587410099,0.912563797,1.63668534,0.993630064,0.232202366,0.993824098,0.363981878,0.34217238,0.052635995,0.593092156,1.591386988,1.167752331,0.876064149,0.656635992,0.743413199,1.508314773,0.817835401,1.005991194,0.150655023,1.018648708,4.780057903,1.787770255,-0.012389927,-0.032149385,0.180220594,0.471617172,0.491694422,0.978650275,5.533333333,5.6,1.466666667,6.4,6.066666667,3,2.8,1.4,2.466666667,0.6,2.6,4.066666667,5.6,1.066666667,5.2,5.6,6.266666667,5.4,3.6,2.066666667,5.2,2.466666667,5.6,1.133333333,3.733333333,6.8,5.6,0.6,1.066666667,0.866666667,4.2,1.2,5.6,6.333333333,7.066666667,1.933333333,6.6,6.466666667,3.733333333,2.933333333,1.666666667,4,1,3.866666667,4.2,5.666666667,1.2,6.666666667,6.133333333,7.266666667,5.533333333,4.6,3.533333333,5.266666667,3.2,7.066666667,2.133333333,5.066666667,6.933333333,6.933333333,0.733333333,1.133333333,2.4,4.866666667,1.466666667,6.133333333,3
-0.00623979,-0.058860051,-0.015175451,-0.550759184,-0.044207432,-0.347947112,0.323582477,0.195664475,0.001239657,-0.184533625,0.064531891,0.053317863,-0.060264714,0.144672909,0.06835902,-0.099740667,-0.157552035,0.030659356,-0.193876776,-0.028900034,-0.587384354,0.026088948,0.075746761,0.014134236,-0.038820274,-0.112213514,0.035465372,-0.081686201,0.00937699,-0.000917679,-0.337494497,0.091008744,0.110345591,0.269815597,0.174933549,0.175327753,-0.136104725,0.376906132,0.00773822,0.647494948,0.888021244,0.539221849,0.049985678,0.263870939,0.267675248,0.198915365,0.466109512,0.291251057,0.069235308,0.137774164,0.250061705,1.243551162,0.304680537,-0.107923692,0.638192018,0.395281797,0.507960203,0.3179524,0.077188925,0.270153196,0.116846484,0.384475535,0.24705152,-0.067193784,0.396180034,0.30593799,6.666666667,3.066666667,2.666666667,0.466666667,6.266666667,0.066666667,2.333333333,2.333333333,3.6,1.733333333,1,1.333333333,0.133333333,0.533333333,0.066666667,3.133333333,4.533333333,6.2,5.6,4.733333333,0.133333333,6.133333333,6.933333333,0.466666667,6.533333333,0.8,0.466666667,0.4,4.666666667,2.6,0.133333333,2.933333333,6.333333333,6.866666667,3.266666667,3.066666667,0.6,6.4,0.2,2.666666667,2.6,3.733333333,1.8,1.333333333,1.466666667,0.266666667,0.6,0.333333333,3.2,4.733333333,6.6,5.933333333,4.933333333,0.266666667,6.2,7.066666667,0.733333333,6.733333333,1.133333333,0.733333333,0.733333333,4.866666667,2.8,0.266666667,3.066666667,6.4,3
-0.021983968,-0.189468304,-0.018806687,-0.487587075,0.101132068,-0.265148814,0.040213465,0.3687843,0.048342559,-0.206468016,-0.04177524,-0.196125753,-0.214060024,0.117366679,0.015769179,0.062181888,0.208844549,-0.067904589,-0.040956221,-0.323593105,-0.695445086,0.092321811,0.112018881,-0.33853211,-0.204339443,0.140216008,-0.284649853,-0.168752055,-0.02812151,0.04106167,-0.314633379,-0.094283726,-0.121240609,0.250921753,0.301831975,0.356731347,-0.181302094,0.475103515,0.198007881,0.41821616,0.929285738,1.15059508,-0.03281623,0.25211068,0.233842604,0.018181168,0.713083266,0.534023658,0.348560258,0.92199139,0.196444112,1.134457623,0.208221288,0.401652801,0.602514443,0.504291706,0.009826577,0.080043514,0.498779768,-0.066284043,0.078712563,0.417519857,0.331060165,0.192907019,0.356424573,0.244161943,0.333333333,2.8,6.933333333,0.066666667,2.466666667,4.066666667,2.266666667,1.333333333,3.666666667,0.4,3.333333333,2.466666667,0.6,1.733333333,3.6,3.8,4.2,4.133333333,3,2.8,6.066666667,2,0.066666667,1.266666667,6.933333333,1.333333333,0.466666667,0.4,4.133333333,6.466666667,4.866666667,2.533333333,1.733333333,0.866666667,5.466666667,11.4,0.333333333,5.2,7.8,2.466666667,3.2,7.6,0.533333333,5.066666667,4.8,0.933333333,4.066666667,5.133333333,8.133333333,10.93333333,4.866666667,9.6,9.466666667,11.8,4.333333333,0.2,2.266666667,7.933333333,7.666666667,0.666666667,0.6,8.066666667,11.8,9.4,8.4,8.2,3
0.072476389,-0.144711835,-0.076170574,-0.106651047,-0.31629364,-0.132054676,0.216870429,-0.016763212,0.035943492,-0.131825892,0.082589121,-0.18521626,-0.002136334,-0.235256488,-0.040423386,-0.035716808,-0.055422438,-0.014519242,-0.141770902,-0.208860668,-0.125428572,-0.040094669,0.06620836,0.324550571,-0.010146365,0.183861161,-0.107320814,-0.16706989,-0.173481544,0.013037128,0.018597409,0.067735728,-0.033111118,0.16564653,0.103077105,0.981877511,0.463100711,0.157052782,0.028216049,0.735960443,1.334000358,0.235925147,0.154971047,0.76079188,0.227335138,0.171330822,0.452415054,0.234181603,0.063747346,0.083692398,0.520883347,0.373813379,0.185544121,0.45348521,0.166745494,0.531315445,1.150535508,0.64759297,1.570224476,0.044766926,0.465867847,0.275105439,0.600421115,0.119535519,0.240674266,0.076028995,2.4,2.533333333,4.8,6.933333333,4.266666667,6.866666667,3.266666667,3,2.4,5.4,4.8,3.2,0.133333333,4.066666667,2.066666667,0.133333333,2.333333333,2.8,2.8,4.266666667,4.066666667,0.066666667,4.133333333,5.733333333,4.733333333,2.8,0.133333333,5.8,4.2,5.733333333,0.933333333,0.8,0.066666667,2.533333333,2.8,6.2,11.46666667,6.133333333,11.4,7.333333333,5.4,3,8.4,6.266666667,4.533333333,0.2,6.2,2.2,0.4,2.4,4,3.8,6.066666667,7.533333333,0.266666667,8.8,8.133333333,6.2,4.066666667,0.466666667,8,6.466666667,8.2,1.2,0.933333333,0.2,3
-0.013302246,-0.082116746,0.239289433,-1.344609547,-0.154849398,-0.51714949,0.148738233,-0.258757392,0.124930237,0.124389782,-0.135669378,-0.637807351,-0.124663526,0.039355913,-0.08144643,-0.18348711,-0.136262356,-0.111859313,0.011639321,-0.114933348,-0.676455731,-0.000833976,-0.171834703,0.389074919,-0.12023967,-0.375120072,-0.100180573,-0.167816585,-0.104759099,-0.047014984,-0.093223064,0.004755729,0.156402012,0.223256068,0.465188422,2.868162711,-0.169430226,0.178481814,-0.154573475,1.090684825,0.638912018,0.76673975,0.600693187,0.329567667,0.19455807,0.574011598,1.902512743,0.10188143,0.701814245,0.179322122,0.256820582,0.534222904,0.384951791,0.334405825,0.291833631,0.119077022,0.654346772,0.561079935,0.941430377,1.116408819,0.54742644,0.15923659,0.35766737,0.073087161,0.344390494,0.889546637,1,1.066666667,2,0.2,0.2,0.066666667,1.4,4.333333333,5.933333333,3.2,0.466666667,2.266666667,1.066666667,1.066666667,1.4,1.066666667,4.866666667,0.533333333,2.8,3.6,4.2,1.4,5.2,0.8,5.6,0.533333333,1.066666667,3.133333333,3.133333333,2.6,0.2,4.6,1.066666667,1.933333333,1.666666667,3.6,0.466666667,1,0.266666667,1.6,10.4,10,8.733333333,6.333333333,3.533333333,1.6,3.266666667,1.466666667,2.133333333,9.133333333,1.933333333,5.466666667,7.333333333,7.533333333,1.8,9,4.666666667,11.66666667,4.533333333,1.533333333,9,5.466666667,8.6,0.266666667,9.466666667,2.2,3
-0.114949421,0.172710618,0.251816377,0.16819447,-0.088169607,0.410094257,0.921146266,0.385746531,0.415733567,0.263580743,0.399078291,0.539439583,-0.280983132,0.389102296,0.063706617,0.258243538,0.59310602,-0.023655341,-0.683721158,-0.111408478,0.278882394,0.373239388,0.246846316,0.286441575,-0.25100349,-0.05459605,0.182271904,-0.155281043,-0.167059561,-0.253253913,-0.330639501,-0.141497569,-0.151808953,0.188319251,0.729832317,3.29839426,2.679866332,1.619014663,0.958309073,2.002582649,2.595086503,2.495708156,0.953650374,2.276823659,1.500750099,0.308515717,2.931580196,0.385128517,0.542520154,2.881364506,1.588278154,0.050034656,2.29043554,0.832552228,0.930740854,1.049444299,0.7852801,2.1860678,5.861646714,0.829854357,0.191418082,0.217770531,0.875522664,0.256936985,0.42421637,0.38879176,3.733333333,3.8,3.666666667,6.133333333,6.133333333,0.8,3.733333333,6.2,2.333333333,5.4,5.8,5.4,0.066666667,3.2,3.8,0.066666667,6.933333333,6.8,4.266666667,5.933333333,3.2,2.266666667,4,2.933333333,5.933333333,5.933333333,3.2,5.333333333,2.133333333,5.4,4.733333333,4.8,0.066666667,3.8,5,4,6.866666667,7.066666667,1.2,5.266666667,8.933333333,3.466666667,8.333333333,6.333333333,7.8,0.266666667,3.333333333,5.133333333,0.266666667,8.6,7.533333333,4.8,7.533333333,4.4,4.4,6.133333333,5.2,8.8,6.666666667,4.2,7.066666667,2.4,6.666666667,8.066666667,5.8,0.133333333,3
0.130334995,0.502107374,0.169529353,-0.242974297,0.158985906,-0.027535219,1.342909161,0.999815093,0.118137918,0.259817492,0.783461256,0.730941947,-0.140366491,0.025116276,-0.005361014,0.13538452,0.869419196,-0.09120648,-0.79968616,-0.202075134,-0.353608493,-0.257559318,0.795485671,0.968432205,-0.15961946,0.810114177,0.144906338,-0.365346901,-0.565308329,0.302669239,-0.031775806,-0.393634947,-0.223042262,0.50391297,0.986846654,0.877261115,0.539748601,0.796928818,0.281673805,2.034234428,2.354606309,0.641615537,0.780834192,1.140552083,1.335031873,0.745597193,0.45233167,0.901539913,0.523246927,2.785693777,0.39193354,5.759841474,0.656662006,1.067523842,0.420540634,1.21636239,1.785810875,0.833101456,2.569942835,0.922937676,0.459686535,0.273969793,1.650926247,1.547425911,0.151856138,0.247121761,0.6,1.333333333,4.733333333,0.066666667,4.333333333,1.666666667,4.2,3.4,3.733333333,0.266666667,1.066666667,3.133333333,6.533333333,3,6.6,0.333333333,5.866666667,4.333333333,5.866666667,6.266666667,4.8,1.4,0.333333333,3.533333333,4.4,4.333333333,4.2,3.866666667,6.866666667,4.8,6.733333333,4.2,0.066666667,0.866666667,1.6,10.93333333,3.2,9.133333333,2.666666667,6.933333333,6.533333333,9.533333333,1.466666667,1.4,3.8,12,3.666666667,11.6,3.266666667,7.133333333,7.733333333,12.06666667,12.06666667,6.6,2.133333333,0.533333333,9.866666667,7.466666667,9.6,5.266666667,8.533333333,12.46666667,8.133333333,10.4,6,0.133333333,3
-0.240945317,0.13877009,0.261852815,-0.244995843,0.27363449,-0.39596851,0.582967168,0.507597991,0.572673661,-0.078001577,0.299398965,-0.551842085,-0.179158595,0.096086689,0.225841418,-0.021654185,-0.016758779,-0.074416815,-0.676408859,-0.300294123,-0.557782257,0.014595037,0.436910329,0.171168395,0.008093427,0.11099672,-0.076396267,-0.244429677,0.07119068,0.073490228,-0.309041709,0.090752701,-0.452672742,1.385417782,1.649792072,1.148862971,0.795112957,2.991645445,2.24928253,1.489751255,1.88722504,2.046916691,1.464163226,0.981951318,0.483678836,1.117831464,1.300046104,1.037889102,1.693238577,1.348912341,0.425254089,2.117216708,0.79708062,0.92074907,0.847886608,1.700803755,2.393304056,0.824042478,0.677120472,0.905965063,0.370864984,1.762545702,0.708270338,1.393186146,1.108371062,0.359921752,6.466666667,3.466666667,1.866666667,4.133333333,3.333333333,3.666666667,1,2.2,4,3.733333333,4.066666667,6.333333333,3.866666667,3.733333333,1,3.533333333,1.866666667,0.266666667,5.333333333,0.266666667,2.333333333,3.2,1.133333333,4.4,5.733333333,1.533333333,6.133333333,4.466666667,3.266666667,1.933333333,6.266666667,6.933333333,0.933333333,6.6,3.866666667,2.133333333,4.533333333,3.466666667,3.866666667,1.466666667,2.666666667,4.6,3.866666667,4.666666667,6.933333333,3.933333333,3.8,1.266666667,3.666666667,2.4,0.866666667,5.6,0.333333333,2.933333333,3.4,1.666666667,4.6,6.133333333,1.933333333,6.266666667,4.666666667,3.8,2.333333333,6.333333333,7.333333333,1,3
0.093752075,0.212657007,0.174854669,0.674759587,0.200012938,-0.254282123,0.679463457,0.191674503,0.16923089,0.076094932,0.076665017,-0.420222105,-0.097827954,-0.212433916,0.190073378,-0.501188323,0.274735229,0.045656587,0.405946258,-0.062492463,0.129778509,-0.140013874,0.416670812,-0.000379249,0.019152107,0.116142228,0.000868944,0.021743556,-0.241282195,0.177549956,0.124877361,-0.337264915,-0.399200495,0.353659004,0.563547889,0.990998319,1.653293016,1.023697523,0.316497359,1.642067911,0.783016728,0.634497721,0.368255804,0.41727364,-0.029910398,0.434686637,0.225956552,1.087120093,-0.281468677,1.127319823,0.598414059,1.376386029,0.448094654,1.1689737,0.270993651,0.933734621,0.311108138,0.586702591,0.635851928,0.293007861,0.23973987,0.873074945,0.593368945,1.100579099,-0.010447161,-0.104529353,0.8,1.2,3.733333333,6,4.2,4.533333333,2.266666667,5.733333333,0.8,2,0.8,0.4,6,4.866666667,4.066666667,0.133333333,3.933333333,6.733333333,0.133333333,4.066666667,1.933333333,2.133333333,1.8,0.8,6.2,0.733333333,0.866666667,6.6,4.466666667,1.4,3.533333333,0.133333333,0.333333333,4.266666667,2.4,5.4,7.8,7.066666667,8.466666667,8.333333333,8.066666667,1.133333333,3.466666667,5.8,2.066666667,11.53333333,9.4,5.066666667,5.4,5.4,13,0.2,7.466666667,4.6,5.666666667,3.866666667,1.6,10.86666667,2.266666667,2.666666667,9.533333333,8.333333333,3.133333333,6.466666667,1.466666667,1,3
-0.333614319,-0.239918553,-0.038848379,-0.291051609,0.174573235,-0.18281309,0.662006672,0.120658107,-0.085023086,-0.141199211,-0.223928497,-0.210245787,-0.376898211,0.02124069,-0.009282207,-0.17180491,-0.090410031,-0.155782196,-0.333231806,-0.189185669,-0.572890962,0.245798484,-0.046050242,-0.144746476,-0.29865959,-0.138398089,-0.093318526,-0.093933797,-0.05423454,0.020640612,-0.013581865,0.075266836,-0.200892323,-0.112483013,0.148505168,0.511788887,0.596640623,1.390865763,0.154281576,1.7789807,0.947680467,0.65551783,0.068192527,0.137717857,0.298777452,0.13230743,1.60620835,0.478268393,1.435436913,0.472303206,0.047708537,-0.001967934,0.28547435,0.170140473,0.617599509,0.493814752,0.251345763,0.244250982,0.472355743,1.238001578,0.429872804,0.151284462,0.205841754,0.302263529,0.29912148,0.260690087,0.866666667,3.333333333,5.466666667,0.066666667,2.733333333,0.133333333,1.066666667,2.6,7,0.866666667,0.6,0.066666667,0.133333333,1.066666667,5.466666667,3.333333333,3.133333333,0.333333333,3.266666667,6.4,0.4,1.4,5.066666667,3.6,4.133333333,0.533333333,5.466666667,5.8,0.8,0.2,3.266666667,0.133333333,3,0.933333333,3.6,10.2,4.533333333,3.6,0.2,7.133333333,4.533333333,13,5.533333333,3.4,4.666666667,3.066666667,7.133333333,10.26666667,8,5.066666667,2.066666667,5.733333333,12.06666667,0.666666667,3.333333333,9.533333333,6.666666667,5.933333333,2.333333333,9.8,10.86666667,1.066666667,0.8,7.066666667,0.733333333,6.4,4
0.148940977,0.355338452,0.192927517,-0.670348488,0.716904883,0.685440892,0.949264071,-0.62675728,0.745695629,0.356236007,0.08537427,0.086377557,-0.263657361,1.123648661,0.171647476,0.54841054,0.064375633,-0.036369162,-0.768429263,-0.225775473,-0.522903769,0.892183911,0.31398113,-0.154291733,-0.598052979,-0.544712399,0.359184397,-0.030317657,0.453064386,-0.05689713,-0.171258576,-0.073493781,-0.347519355,0.437569256,0.885805168,0.849532529,0.556781511,1.355045911,1.40480833,1.814717669,0.173170188,1.481672269,0.983200114,0.534959177,0.67382546,0.185551436,3.955484408,0.611658343,1.370811873,0.676727603,0.313410589,-0.137226366,0.221427677,0.895706207,1.284119467,0.766082139,0.265116141,0.123241255,0.36721761,1.62931503,0.915734482,0.77015049,0.321402357,0.17299626,0.686861112,0.124588038,0.8,2.8,1.733333333,3.8,3.133333333,4.066666667,5.666666667,2.266666667,1.6,5.6,3.8,5.666666667,2.866666667,2.866666667,4.266666667,0.8,0.066666667,0.266666667,6.066666667,5.133333333,5.666666667,1.6,4.2,0.933333333,6.533333333,2.266666667,2.866666667,5.533333333,5.6,1.666666667,2.466666667,6.933333333,2.466666667,5.733333333,7.4,2.333333333,8.2,3.4,6.666666667,9.266666667,3.466666667,2.133333333,11.53333333,7.2,9.133333333,5.066666667,3.2,8.533333333,2.733333333,3.2,1.4,11.4,9.6,10.93333333,5.133333333,6.866666667,2.933333333,12.8,3.733333333,4.8,8.2,10,4.733333333,5.933333333,11.33333333,4.133333333,4
-0.003550552,0.082047784,-0.114187615,-0.033671013,0.394295434,-0.214650711,0.753432881,0.663156905,0.149064734,0.050409537,0.230083412,0.233755505,-0.262041862,-0.373906934,0.105597555,-0.259397178,-0.058271814,0.101558934,-0.578750229,0.233710789,-0.495350443,0.174414609,0.006397683,-0.313944778,0.064998074,0.485921554,0.062256357,0.046853351,-0.289491572,-0.041250934,-0.337966933,0.112955156,-0.386637791,0.439072537,1.623076044,3.037978344,3.178734076,3.303670115,0.215806573,2.587001366,3.286194074,0.922665764,1.343912751,1.932867925,1.078870855,0.238145755,1.943080804,0.88137868,0.391215989,2.311549091,1.275047423,0.20370281,1.267033706,4.150589457,0.842649486,1.263742797,1.324701317,1.948180339,3.787016671,1.163659729,0.632975879,1.529488642,2.197745361,0.070913604,1.218040636,0.20004893,1.666666667,4.2,4.866666667,5.266666667,4.4,1.666666667,6.4,5.8,1.733333333,4.8,6.133333333,6.533333333,4.2,4.2,4.2,4.2,6.666666667,5.333333333,6.866666667,5.2,5.733333333,4.133333333,4.666666667,6.666666667,5.333333333,6.866666667,4.2,4.866666667,4.266666667,6.4,0.2,5.8,0.266666667,1.933333333,8.733333333,6,8.4,9.466666667,4.866666667,10.26666667,7.266666667,2.133333333,9.866666667,8.533333333,8.6,6.8,6.666666667,8.333333333,4.266666667,9.933333333,9.933333333,12.26666667,8.466666667,7.733333333,4.666666667,8.6,10.2,10.33333333,8.533333333,9.266666667,7.866666667,7.666666667,8.933333333,1.933333333,8.733333333,0.4,4
0.067017147,-0.065604933,-0.00357999,-0.186228532,0.092716142,-0.052402867,0.792266068,0.128866812,-0.239742179,0.335101287,0.138670157,0.125450399,0.10889704,0.02707537,-0.221780656,0.10396542,-0.286057841,-0.320188212,-0.886979173,-0.163003294,-0.358013189,0.06845947,-0.071638027,0.055465557,-0.085854604,0.348558906,-0.056390615,-0.224006091,-0.366532993,0.048343607,-0.372241681,-0.026412623,0.053208769,0.905423379,0.714873978,1.276571223,0.291163873,1.291757102,0.419922045,1.592123918,1.834044172,0.769970944,1.145637302,0.543465308,0.429050407,0.430379018,0.404361525,0.157285669,0.314163293,0.656227017,-0.081561608,1.880155117,0.311224557,0.123454029,0.417269082,0.58821942,0.846038742,0.451578723,0.968926022,0.21322095,0.275176987,0.529837198,0.458347321,0.429471822,0.412335875,0.67617962,6.533333333,3.733333333,2.333333333,0.133333333,3.666666667,0.266666667,2.133333333,2.4,2.6,6.933333333,1.8,0.333333333,0.2,0.133333333,0.066666667,0.533333333,3.733333333,0.333333333,6.6,0.133333333,3.066666667,1.133333333,2.733333333,5.533333333,5.466666667,5.466666667,3.666666667,3.733333333,3.6,3.333333333,4.466666667,1.866666667,6.4,7,4.266666667,2.733333333,0.666666667,3.933333333,0.733333333,2.6,2.466666667,2.8,7.266666667,2.266666667,0.466666667,0.466666667,0.466666667,0.2,0.933333333,4.2,0.4,7.133333333,0.4,3.133333333,1.533333333,2.933333333,5.733333333,5.733333333,5.666666667,3.933333333,3.866666667,4.066666667,3.466666667,4.866666667,2.333333333,6.866666667,4
-0.14675892,0.027810341,0.372368162,-0.568127659,0.059600815,-0.09655183,0.601814482,-0.195091178,-0.119944396,0.077766903,-0.011636618,0.187573415,-0.138361106,0.283796421,-0.097213806,-0.370883464,-0.024131777,-0.564139608,-0.157404118,0.047435443,-0.638683944,0.353102252,-0.244262391,0.033208526,-0.117650882,-0.596890425,-0.199028484,0.132620204,0.08535656,0.001074613,-0.44094828,-0.204722787,0.024475272,1.373275536,1.67626851,1.145794608,0.728687636,0.527161405,1.076069195,1.740877451,0.882559186,0.404537696,0.601401689,0.352044628,1.029241871,1.588810678,5.142507509,0.177384389,1.968100637,0.717206367,-0.052269967,0.164162203,0.397154001,0.299132823,1.084370669,0.704578724,0.568434303,0.439719717,1.517399521,2.53470345,0.791999659,0.717041726,0.332859455,0.026482734,0.197958744,1.823557844,6.666666667,6.533333333,4.4,6.866666667,1.533333333,6.866666667,2.933333333,1.533333333,2.533333333,0.2,2,4.6,5.2,4.466666667,1.533333333,6.533333333,3.6,0.066666667,1.266666667,0.933333333,0.533333333,4.933333333,6.6,2.4,1.6,1.533333333,6.6,0.866666667,0.533333333,3.466666667,4.066666667,0.266666667,6.066666667,7,6.733333333,4.6,7.266666667,1.8,7,3,1.8,2.8,0.466666667,2.266666667,4.933333333,5.266666667,4.6,1.733333333,6.666666667,3.866666667,0.333333333,1.533333333,1.2,0.8,5.333333333,6.866666667,2.466666667,1.866666667,1.8,6.8,1,0.6,3.666666667,4.2,0.533333333,6.4,4
-0.18689372,-0.036253793,0.037127596,-0.477797767,-0.166060343,-0.656038007,0.431775482,0.329558939,0.312570563,-0.088474242,0.030341563,-0.07837969,-0.334635361,0.090204589,0.060806732,-0.017777415,-0.001512998,-0.017925777,0.125966784,-0.211487397,-0.634255604,0.05073571,-0.018755608,0.201380369,-0.135487766,-0.04410476,-0.16050601,-0.212851576,-0.202485848,-0.015934684,-0.084400708,-0.018640105,0.082338685,0.087019967,0.357879021,0.334931019,-0.135423331,0.33609536,-0.208337621,1.285956212,0.700964918,0.780201052,0.122125612,0.287015365,0.236953649,0.294539819,1.420940325,0.442746544,0.417030322,0.272827887,0.140756887,2.825551514,0.410776944,0.030295256,0.30996919,0.246548681,1.789937731,0.38923339,0.26437612,0.460532458,0.053982021,0.487978048,0.194619122,0.782104218,0.320499247,0.729496864,0.6,0.6,0.6,0.466666667,2.533333333,0.266666667,0.6,6.8,3.4,0.533333333,2.333333333,0.8,0.6,0.6,3.066666667,0.6,0.466666667,0.333333333,6,6.666666667,0.066666667,0.266666667,0.4,3.466666667,5.066666667,0.933333333,0.6,6.533333333,3.733333333,0.333333333,6.133333333,7,0.6,2.8,3.933333333,2.133333333,0.733333333,4.6,0.333333333,1.066666667,10.26666667,6,1.6,4.866666667,0.933333333,0.666666667,0.733333333,6.733333333,0.733333333,2.733333333,1.066666667,12.4,9.4,0.133333333,6.4,3.666666667,6.866666667,7.133333333,1.266666667,0.733333333,12.53333333,8.333333333,0.533333333,12.06666667,13.2,6.533333333,4
-0.136571616,-0.218183032,0.119608134,-0.468542625,-0.350162857,-0.180570904,0.49725735,0.51183306,-0.045284258,-0.214502804,0.41139839,0.331307927,-0.37125525,-0.30244604,-0.465462045,-0.286061303,0.129297805,-0.202684047,-0.626902473,-0.242049699,-0.9047429,-0.050656432,-0.052220458,0.321653001,-0.166084468,0.403716798,-0.198267553,-0.119377084,-0.558758662,0.083964422,-0.455141953,-0.186321001,-0.206183331,0.144798468,0.413385358,4.321699542,3.202771583,1.138252409,0.4600158,2.826287395,2.906029286,0.335932247,0.894653443,2.128460834,1.199091033,0.26312791,0.907871998,0.199686136,0.000293091,1.462190622,0.480751327,0.186586702,1.556153286,1.109661301,0.448370795,1.31468799,1.683014465,1.65920182,4.631375548,0.206293899,1.695898554,0.020811633,1.614590141,-0.022895585,0.792386389,0.211294457,0.6,6.6,2.866666667,6.933333333,5.866666667,0.733333333,6.333333333,3,6.533333333,4.2,6.466666667,6.6,0.2,3.733333333,0.133333333,6.6,6.533333333,6.533333333,0.2,3,6.333333333,0.333333333,3.4,0.066666667,6.133333333,6.6,0.066666667,6.333333333,0.133333333,5.133333333,5.266666667,6.533333333,0.066666667,1.4,12.46666667,6.266666667,11.26666667,10.93333333,3.533333333,11.73333333,5.333333333,6.666666667,9.2,8.2,9.533333333,6.2,7.933333333,5.133333333,12.66666667,12.4,8.266666667,0.266666667,7.8,11.53333333,0.466666667,8.266666667,6.2,12.13333333,11.4,5.2,11.53333333,2.466666667,7.933333333,10,11.8,0.266666667,4
0.738978658,-0.093286965,0.623423119,0.074611335,0.412793929,0.578885421,1.652165346,1.015205974,0.213706403,0.691701361,0.688945707,0.701046258,-0.060946357,0.937768942,-0.011080138,0.35365304,0.204759085,-0.10013592,-0.614515404,-0.554512715,-0.15726805,-0.211332429,-0.066486966,0.851383642,-0.077314191,0.542967806,0.503658583,0.126312751,0.744441219,0.203063455,0.141970905,-0.585598846,0.141884307,1.63840436,0.945486613,2.499833442,1.000389479,2.349701659,2.156521448,2.749990835,3.239435516,3.949446446,1.450722369,1.53328502,1.365615945,1.006704203,1.725690534,0.88420477,0.898886325,2.523782116,0.514019173,2.019326481,0.647989692,1.554649999,0.352540357,0.999631209,2.157350218,1.287069902,1.06985787,1.223997769,1.077943204,2.258963086,1.072047538,0.649587441,0.132399414,1.239246321,0.8,3.266666667,3.2,0.133333333,3,0.133333333,3.8,3.6,3.533333333,3.666666667,3.6,0.4,6.533333333,0.733333333,5.6,0.4,2.933333333,0.333333333,0.066666667,5.933333333,3.2,0.066666667,0.066666667,0.266666667,6.266666667,0.8,1.133333333,3.6,0.066666667,5.133333333,2,3.133333333,6.933333333,1.2,4.8,4,0.333333333,9.266666667,0.266666667,4,7.133333333,7.8,8.466666667,5.133333333,3.866666667,9.8,2.4,11.53333333,1.133333333,6.533333333,0.933333333,5.466666667,11.33333333,6.333333333,0.933333333,3.2,3.533333333,11.86666667,6.333333333,1.333333333,6.2,2.2,10.86666667,8.133333333,4.266666667,12,4
1.222918157,-0.207975602,0.582652782,-0.248915235,0.484334559,-0.189233222,0.549942991,0.406994113,0.184500561,-0.425852337,-0.26658786,0.078618027,-0.144704869,0.003047881,0.159166383,-0.029231303,0.299013113,-0.179619952,0.12298441,-0.631932972,-0.520872062,-0.646503843,0.457933902,-0.46206372,-0.160324921,0.202400506,-0.151467962,-0.453194647,-0.614217491,-0.009976389,0.314679886,-0.349621806,-0.097536673,2.087751812,0.499285048,1.391281808,2.462100814,1.717017749,1.681357357,0.984263262,2.057120983,0.882153065,0.21003919,0.455567502,0.848640516,0.465444406,0.421029637,1.057629436,0.565811724,2.112129134,0.307454338,3.476116564,0.294826518,0.102280561,0.186536385,1.160594547,0.388806191,0.473900064,1.260833813,0.324661578,0.095147996,0.254827347,0.465516047,1.148287675,0.236284198,0.297090548,0.933333333,2.733333333,3.933333333,7,6,5.666666667,0.8,2.866666667,0.466666667,0.733333333,2.533333333,0.333333333,3.8,0.933333333,4.066666667,0.466666667,2.933333333,0.733333333,0.066666667,0.066666667,0.133333333,0.6,0.933333333,4.733333333,3.266666667,2.866666667,3.066666667,2.866666667,0.333333333,2.8,6.466666667,0.4,0.066666667,5.2,6.066666667,5.866666667,13,11.06666667,11.26666667,1.266666667,5.466666667,0.866666667,0.8,4.466666667,0.533333333,6.666666667,3.4,5.666666667,0.6,4.066666667,2.533333333,0.2,1.866666667,5.733333333,1.666666667,1.6,6.6,5.266666667,4.733333333,5.866666667,4.866666667,2.266666667,7.6,8.866666667,0.8,0.333333333,4
0.484960389,0.129084406,1.779181454,0.821061236,0.426996149,-0.996576257,0.925012411,1.974424856,-1.349095271,0.104948363,0.629929961,0.468426681,0.048223284,0.755908624,-0.112928064,0.740147209,1.207287297,-0.191151545,-0.772116958,-0.161891087,-0.358950783,-0.744112926,0.706828062,0.070368526,-0.259845547,0.924719516,0.411598669,-0.25946134,-0.565783521,0.288367349,0.089806693,-0.67873823,0.268717989,0.87211699,1.799659915,2.989707074,3.981566325,1.657051247,0.477670865,1.56176198,3.722365081,-0.85227159,1.11226504,1.281418527,1.553383988,1.005994072,1.506812874,1.072109175,1.31777102,2.089375297,0.655612309,3.688688432,1.371571115,0.429185691,0.170001933,1.568125445,1.988450254,0.51564559,1.75407875,0.807884973,0.776814634,2.386005765,0.654237958,2.736849074,0.32220902,1.031613482,0.733333333,4.133333333,1.4,4.066666667,2.266666667,4.133333333,1.2,1.733333333,4.4,4.133333333,0.933333333,1.733333333,0.333333333,5.8,5.866666667,4.066666667,1.666666667,4.133333333,4.733333333,5.466666667,0.133333333,3.533333333,1.333333333,4.333333333,0.333333333,1.8,0.533333333,3.066666667,4.2,1.333333333,6.333333333,0.4,0.6,5.466666667,6,5.8,8.4,3,7.666666667,2.933333333,3.866666667,8.133333333,7.2,2.2,3.4,0.4,8.2,10.13333333,7.733333333,4.066666667,5.133333333,9.333333333,11.73333333,0.333333333,6.4,3,7.666666667,3.866666667,4.533333333,4.866666667,5.266666667,7.066666667,1.733333333,10.8,0.8,0.866666667,4
-0.051671854,0.164912579,0.01247686,-0.234694264,1.068141862,0.39704997,0.256890463,0.259653775,0.130855165,0.003420536,0.028422145,-0.307385644,-0.360604438,-0.524193966,-0.033238103,-0.143846211,0.045506327,0.029846365,-0.101207324,0.00319448,-0.672679082,0.495866038,-0.108926686,0.041906615,0.027450946,0.211920361,-0.373889538,-0.20816038,0.099269577,-0.097642992,-0.083015249,0.179517992,-0.188952525,0.176358012,0.692528583,0.765875955,0.556753596,1.465409402,1.126652919,1.205664186,1.541376943,0.63041097,0.377348622,0.489815885,0.493200191,0.647359668,1.535339417,0.34742067,1.287600461,0.480345743,0.336943103,0.209542201,0.389821295,0.271565972,0.861317012,0.486268411,0.980698162,0.48723662,2.349080698,0.76051754,0.58579132,0.609661425,0.202944056,0.374861201,0.613497808,0.638581726,3.666666667,3.733333333,6.333333333,0.066666667,1.266666667,3.4,3.6,1.266666667,4.666666667,0.666666667,6.666666667,6.6,0.2,2.666666667,0.2,6.2,6.866666667,1.266666667,4.666666667,0.333333333,4.066666667,0.333333333,6.266666667,6.466666667,6.533333333,5.866666667,2.533333333,1,0.2,6.4,2.2,5.933333333,6.266666667,4.733333333,4.266666667,6.733333333,0.866666667,2,4.466666667,6,4.133333333,7.933333333,3.733333333,9.933333333,10,2.866666667,3.2,0.533333333,8.2,10.06666667,4.266666667,6.2,1.6,7.266666667,0.666666667,9.266666667,8.933333333,9.666666667,6.733333333,2.666666667,1.266666667,0.333333333,7.133333333,4.733333333,7.066666667,8.266666667,5
-0.01204031,0.245838353,-0.133859009,0.253838968,0.571350178,0.048704544,0.852505813,0.218948175,0.279526274,0.148037503,0.085124785,-0.12741445,-0.407409557,0.229898738,0.295693256,0.153695886,0.094024481,0.198511498,-0.404652557,-0.122720031,-0.193151064,0.314479407,0.003987427,-0.847327812,-0.253517532,0.151171538,0.032777491,-0.093122816,0.455423837,-0.01641079,-0.409132751,0.115916056,-0.278725139,0.287810244,0.991281571,0.385784129,0.926986225,2.760763709,0.406224759,1.787589719,1.085222461,0.635303654,0.605817585,0.472453975,0.695552698,0.135105893,0.815499501,0.785932148,0.427072941,0.914131316,0.635084412,0.519222838,0.277804027,0.686975916,1.299023951,0.429752252,0.933049457,0.515246201,0.704217083,0.405318186,0.152824821,1.015491871,0.453330136,0.352779291,0.703424176,0.002858467,1.4,5.133333333,3.466666667,5.266666667,4.2,0.133333333,4.533333333,3.666666667,1.533333333,4.6,1,6.2,6.933333333,3.066666667,3.133333333,0.8,5.8,4.266666667,0.133333333,0.2,4.4,4.866666667,5.466666667,6.4,5.266666667,3.666666667,0.8,0.533333333,0.133333333,6.066666667,7,5.8,0.2,6.066666667,10.53333333,7.533333333,10.33333333,5.866666667,3.066666667,10.2,6.466666667,5.066666667,10,5.2,9.866666667,12.4,5.866666667,4.533333333,2.933333333,10.73333333,7.866666667,5.666666667,2.666666667,8,7.4,8.266666667,11.4,10.06666667,8.066666667,2.866666667,4.2,3.666666667,8.733333333,11.46666667,10.13333333,1.933333333,5
0.062550045,0.171759604,-0.024415555,0.123236262,0.156869034,0.334993383,0.330514655,-0.153608502,0.557496674,0.124252787,0.30737172,-0.077649847,-0.234158824,0.013824264,-0.089750481,-0.069907838,0.260665586,0.021363547,-0.302116613,0.201438701,-0.600538769,0.259730662,-0.014091561,0.081549858,-0.268029723,-0.252449175,-0.058280882,-0.103574826,0.840909727,-0.143744247,-0.139116063,0.078796244,0.143170876,0.348472292,0.736922834,0.461926598,1.324698671,1.085731849,0.734601936,1.256928308,0.440899563,1.308466319,0.751595273,0.678997805,1.243043088,0.099506705,0.553069333,0.434214547,0.330725478,1.235372576,0.348512527,1.087477732,1.050689713,0.522041265,0.743602799,0.547648714,0.764081488,0.070799564,0.069680215,0.25388261,0.217363149,1.303510993,0.201570543,0.723043112,0.559261797,0.571445548,4.666666667,3.666666667,4,3.733333333,3.066666667,2,3.666666667,2.533333333,5.333333333,5.666666667,1.933333333,4,6.133333333,7,3.4,2,3.666666667,0.333333333,6.2,3.133333333,5.866666667,4.8,3.8,1.133333333,0.266666667,0.733333333,6.333333333,0.333333333,4.8,0.066666667,6.333333333,0.4,6.733333333,4.933333333,4.533333333,4.333333333,4.333333333,3.4,3.266666667,3.933333333,3.2,6.6,6.2,2.866666667,4.4,7.6,8.2,5.066666667,2.2,4.466666667,0.4,8.066666667,3.2,7.933333333,5.333333333,5.066666667,2.533333333,0.866666667,2.066666667,6.733333333,0.6,6.133333333,1.266666667,6.466666667,0.533333333,8.733333333,5
-0.16339621,-0.231129019,0.540968012,-0.694261405,-0.731278695,-0.415859241,-0.098008067,0.630524597,-0.129274145,-0.11257188,0.06211019,0.030022657,-0.252953677,0.422045241,-0.162783379,0.046313639,-0.202835306,-0.318861702,-0.429011772,-0.562554793,-0.498903384,-0.512215687,0.012608252,-0.020043752,-0.070457002,-0.217842265,-0.094772655,0.017070292,-0.469362158,0.00534257,0.014486621,-0.367777468,-0.027193646,0.046921482,0.01549883,1.194554775,-0.178726927,-0.336184203,0.007016145,0.153576728,1.179845212,0.504277109,0.750924028,0.450823864,0.615615849,0.311496732,2.062717839,0.179982789,0.70981514,0.187131032,0.08632692,0.229077806,0.164167046,-0.015200118,-0.267139907,0.376264659,0.846617815,0.670879172,0.466403924,0.634918521,0.415512253,0.037618993,0.270478377,0.327696527,0.37350619,0.741290413,1.4,0.933333333,1.466666667,6.266666667,0.066666667,0.066666667,0.466666667,1.533333333,4.533333333,4.533333333,6,3.133333333,0.933333333,1,2.4,0.933333333,1.6,0.8,5.866666667,3.266666667,3.4,0.866666667,4.6,6.666666667,6.866666667,6.866666667,0.933333333,0.2,4.8,2.4,0.2,7,0.933333333,1.466666667,1,2.733333333,11.2,0.2,0.133333333,0.733333333,3,8.066666667,7.933333333,9,5.866666667,6.2,1.266666667,3.8,1,3.8,2.4,10.6,7.733333333,5.466666667,2.133333333,8.533333333,11.06666667,12.13333333,12.46666667,1,0.933333333,8.266666667,7.2,3.2,12.26666667,1.066666667,5
-0.105260821,0.087573069,0.248623748,-0.02180934,-0.025093996,-0.227366128,0.491059608,0.266540894,0.136054407,0.045909581,0.124769088,0.030827521,-0.044510997,0.149122181,-0.056774603,0.128564532,0.31827376,-0.09636493,-0.10256421,-0.158808291,0.172714813,0.074413178,-0.144328167,0.333937978,-0.129101311,0.076457321,0.049636188,-0.027522467,-0.135827638,0.133637649,-0.039481342,0.102704816,0.04228054,0.025144661,0.774562425,1.139402416,0.928139943,1.090945865,-0.03780223,1.414705857,0.769615217,0.83591293,0.345939112,0.909440607,0.45032557,0.773983177,0.598764694,0.291920213,0.798158342,1.028087465,0.936725187,0.223730404,0.290487319,1.253367012,0.701715324,0.511749472,0.745964214,0.848725819,4.485708325,1.182535412,0.175707501,0.007947364,0.495076623,0.235952822,0.43227128,0.434303387,0.266666667,5.733333333,3.4,5.866666667,5.866666667,4.333333333,4.6,5.066666667,5.066666667,6.866666667,5.133333333,4.6,6.933333333,3,6.666666667,5.733333333,5.933333333,5.6,4.666666667,5.933333333,6.866666667,5.866666667,4.466666667,0.466666667,5.866666667,5.066666667,6.933333333,0.066666667,1.533333333,5.266666667,4.8,4.8,3.2,0.333333333,8.8,6.466666667,12,10.26666667,8.466666667,5.2,9.466666667,11.13333333,13.4,8.866666667,8.6,13.4,3.733333333,12.93333333,10.93333333,7.6,10,8.4,11.86666667,13.46666667,11.73333333,9.6,4.533333333,11.26666667,10.93333333,12.13333333,0.733333333,5.466666667,9.733333333,5.666666667,10,5.8,5
0.093145712,-0.247346993,0.092276811,0.370865663,-0.374953189,-0.263775323,0.473801858,0.516564477,-0.036891875,-0.163796369,0.117948807,-0.433449833,-0.114818109,-0.223038494,-0.020609354,0.000673071,0.797906733,0.092651489,0.686110403,-0.096681071,0.036692142,0.033913932,0.102549297,0.400169624,-0.046321821,0.406021158,-0.047433982,-0.459681637,-0.154235441,-0.095518327,0.168025865,-0.12234788,0.363079665,0.808683144,0.010197069,0.310110682,1.054940042,0.254177439,0.161621553,0.884847326,0.932912728,0.223399941,0.41613351,0.525264761,0.496233299,0.7060756,0.533472597,0.80778708,0.364194582,1.263770432,0.435680626,2.407432655,0.401131535,1.207747822,0.483416504,0.521900563,0.983109636,0.423178873,0.697447958,0.262911445,-0.023652176,0.724824327,0.204691951,0.743889408,0.458708887,1.25486197,6.933333333,1.666666667,1.933333333,0.266666667,1.266666667,2.333333333,0.733333333,1.8,5.533333333,5.666666667,0.266666667,5.666666667,4.133333333,5.666666667,4.533333333,6.2,1.133333333,5.666666667,0.066666667,6.266666667,0.133333333,1.133333333,0.466666667,0.2,3.6,0.733333333,0.4,0.133333333,5.6,4.933333333,2.266666667,0.2,5.466666667,7.066666667,1.733333333,2,0.4,1.4,2.4,0.8,1.866666667,5.666666667,5.8,0.333333333,5.8,4.2,5.733333333,4.6,6.266666667,1.266666667,5.733333333,0.133333333,6.333333333,0.266666667,1.2,0.533333333,0.266666667,3.666666667,0.8,0.466666667,0.266666667,5.666666667,5.066666667,2.333333333,0.333333333,5.6,5
0.844239929,-0.059432459,0.28397981,-0.768625001,0.829427411,-0.101680357,1.471478584,0.323187756,0.030645705,-0.650092576,0.252961979,0.216255755,-0.255421154,0.326908574,0.037699642,0.030824736,1.167048291,-0.151832408,-1.161940128,-0.383617421,-0.590750572,-0.474450414,-0.076315044,-0.58643473,-0.323258608,0.774151082,0.352571984,-0.071613625,-0.346288417,-0.117598103,-0.249824793,-0.287082694,-0.278415559,1.541257199,1.616790071,1.470801131,0.132215111,4.288469789,0.502011378,2.342890136,1.756027905,1.863270199,0.105862662,1.133589682,1.461950039,2.333959917,1.215105889,0.793664265,0.61441603,3.192841079,0.47388844,-0.073064614,0.66185245,1.052214956,0.156964584,1.179442978,0.093552515,1.296600721,1.561015646,1.097736108,0.520394155,0.855230118,0.818225574,1.298636719,1.808014383,0.580347811,1,4.133333333,4.066666667,0.066666667,4,0.333333333,6.133333333,2.733333333,3.933333333,5.2,2.666666667,2.6,4.733333333,5.2,2.866666667,1.2,3,0.2,0.133333333,4.333333333,6.333333333,3.133333333,4.2,3,4.733333333,1.133333333,4.4,4.4,5.266666667,5.133333333,6.866666667,6.2,6.866666667,1.866666667,8.2,6.933333333,2.333333333,7.866666667,0.4,11.2,6,7.8,9.466666667,2.866666667,3.933333333,7.4,6.666666667,6,1.4,3.866666667,0.533333333,3.333333333,8.6,11.66666667,5.333333333,6.2,5.066666667,10.4,2.266666667,9.733333333,6.333333333,6.933333333,9.266666667,11.33333333,9.266666667,10.93333333,5
0.038927384,-0.077865953,0.644214422,-1.661312903,-0.21914032,-0.419211504,-0.325409183,1.252129988,0.430259,-0.629999287,0.262076513,0.624460125,0.189755072,0.279724657,-0.421259383,0.106591545,-0.665236605,-0.72182898,-0.457935892,-0.061193062,-0.701928664,-0.880451486,0.624459839,-0.900585095,0.341837564,0.57603622,0.214122536,-0.265079374,-1.028235972,0.143730562,0.21375775,-0.713263821,-0.089374615,0.641377942,1.172911802,2.873168116,0.178544653,0.834648231,1.198387289,2.147601509,4.950652135,1.238538778,-0.032023738,1.006465202,2.506270101,0.833132849,1.609850771,0.279759529,0.827266544,1.670642671,-0.180318894,1.225048973,1.237105019,1.999148135,0.066840557,2.506616488,1.319923413,1.201536942,2.172927596,1.68847152,1.174128631,-0.169805273,1.702870624,1.237194886,0.702706269,0.34358844,3.533333333,5.066666667,4.466666667,5.6,2.733333333,0.266666667,3.933333333,3.933333333,1.4,0.6,2.266666667,4,1.266666667,3.333333333,1.6,0.8,4.2,0.066666667,0.2,2.333333333,3.933333333,0.2,3.933333333,7,5.6,3.266666667,3.333333333,3.933333333,0.066666667,4.466666667,0.733333333,3.933333333,1.866666667,4.733333333,8.2,7.866666667,7.733333333,4.866666667,0.8,4.6,5.6,2.533333333,2.466666667,5.466666667,5.8,2.4,5.333333333,3.666666667,1.066666667,5.8,0.466666667,0.466666667,3.4,4.866666667,2.066666667,5.4,10.4,6.466666667,3.533333333,4.333333333,4.333333333,3.466666667,6.8,1.533333333,4.666666667,1.933333333,5
0.010401185,0.359270145,0.533919027,0.361967279,0.814752455,-0.92779676,0.488587019,0.591907165,0.17968706,0.087730667,0.230527145,-0.331737149,0.240712927,0.734141133,0.241203997,0.396521823,0.712626423,-0.255380312,-0.824240326,0.250542598,-0.248551267,-0.300662503,0.038691085,-0.130369198,-0.081096024,-0.032724416,0.267011401,-0.078878898,0.088228439,0.237837419,0.775583876,-0.716897771,0.647524079,0.877959026,1.98076104,1.551431779,3.491130417,2.343304285,0.922451806,1.734215104,1.986507438,3.978707445,2.372880963,1.10059489,1.172941221,1.234801417,1.718306508,0.794579361,1.539815258,2.757711819,0.747244764,-0.155522019,2.215238129,0.82217181,0.423937533,1.609339707,1.405949852,0.761257756,1.491291917,0.756491735,0.561941573,2.188020148,0.705034407,2.852883772,0.244301079,1.323667161,2.2,5.733333333,4.066666667,5.933333333,1.6,5.666666667,3.2,3.466666667,6,5.933333333,0.6,5.866666667,6.066666667,4.666666667,2.666666667,2.733333333,3.2,3.466666667,0.333333333,2.066666667,5.066666667,2.133333333,5.866666667,5.733333333,6.2,3.466666667,4.666666667,3.466666667,5.8,4.066666667,3.533333333,0.066666667,1,7.066666667,8.4,7.4,10.2,3.533333333,9.266666667,7.066666667,4.866666667,9.6,10.46666667,4.333333333,8.4,10.73333333,9.466666667,3.533333333,4.6,7.2,4.733333333,3.066666667,4.533333333,7.866666667,2.266666667,8.666666667,6.933333333,9.8,4.733333333,6.2,8,7.333333333,5.2,7.6,3,1.6,5
-0.004321769,0.040027626,0.190794023,-0.428318904,0.168023851,-0.0112212,0.01911519,0.054676104,0.171950522,-0.262371817,0.250054042,-0.369939489,0.087586535,0.020486486,-0.141460306,0.008661297,-0.497330051,0.127359429,0.74759167,-0.256767355,-0.38708794,0.002575798,-0.165023166,0.278110703,-0.163838847,-0.112511995,-0.03531066,-0.229891746,0.079852292,-0.074836836,-0.22667566,-0.596868434,-0.065920434,0.463997389,1.688114889,2.200524297,1.239388937,3.334091001,0.576493932,1.664143141,1.885516195,0.728365784,0.998460622,0.784323258,0.683545808,0.472683938,0.538238772,0.846249111,0.628691522,1.46086801,0.576279409,1.815363901,1.017297453,0.976558313,0.614885729,1.03366121,1.943825053,0.420676369,1.554776189,0.513507084,0.41680444,1.015643194,1.094710448,0.687897464,0.047867761,0.304343485,5,6,4.533333333,6,5.266666667,0.333333333,5.533333333,4.666666667,6,5.933333333,5.4,6.8,0.533333333,0.6,5.2,0.533333333,5.2,0.133333333,0.066666667,4.866666667,4.933333333,0.333333333,4.333333333,5.666666667,5.4,4.333333333,6.933333333,6.866666667,0.133333333,4.933333333,4.533333333,0.133333333,2.733333333,6,7.866666667,5.533333333,6.066666667,6.8,1.4,7.6,6.066666667,7.266666667,6.333333333,7.133333333,8.2,0.866666667,1.466666667,6.2,0.866666667,6.466666667,0.466666667,0.533333333,4.933333333,5.4,1.2,6.2,6.066666667,5.8,5,7,8.4,0.4,5.733333333,5.6,0.533333333,3.533333333,5